{"type":"FeatureCollection","metadata":{"source":"EIA-860 (2025 annual), Schedule 2 Plant + Schedule 3.1 Generator (Operable)","source_url":"https://www.eia.gov/electricity/data/eia860/","generated_by":"scripts/build_power_layer.py","estimate":true,"estimate_reason":"Proxy for transmission/substation headroom, which is CEII-restricted (18 CFR 388.113) and not publicly available."},"features":[{"type":"Feature","geometry":{"type":"Point","coordinates":[-106.375,31.7569]},"properties":{"plant_code":9,"name":"Copper","county":"El Paso","utility":"El Paso Electric Co","balancing_authority":"EPE","nameplate_mw":86.9,"max_grid_voltage_kv":115,"technologies":["Natural Gas Fired Combustion Turbine"],"note":"Generation capacity + interconnected grid voltage, used as a proxy for nearby transmission density. NOT substation headroom (that data is CEII-restricted, 18 CFR 388.113, and not public) -- treat as an estimate."}},{"type":"Feature","geometry":{"type":"Point","coordinates":[-96.2525,31.4219]},"properties":{"plant_code":298,"name":"Limestone","county":"Limestone","utility":"NRG Texas Power LLC","balancing_authority":"ERCO","nameplate_mw":1849.8,"max_grid_voltage_kv":345,"technologies":["Conventional Steam Coal"],"note":"Generation capacity + interconnected grid voltage, used as a proxy for nearby transmission density. NOT substation headroom (that data is CEII-restricted, 18 CFR 388.113, and not public) -- treat as an estimate."}},{"type":"Feature","geometry":{"type":"Point","coordinates":[-98.19473,29.87056]},"properties":{"plant_code":791,"name":"Canyon","county":"Comal","utility":"Guadalupe Blanco River Authority","balancing_authority":"ERCO","nameplate_mw":6.0,"max_grid_voltage_kv":138,"technologies":["Conventional Hydroelectric"],"note":"Generation capacity + interconnected grid voltage, used as a proxy for nearby transmission density. NOT substation headroom (that data is CEII-restricted, 18 CFR 388.113, and not public) -- treat as an estimate."}},{"type":"Feature","geometry":{"type":"Point","coordinates":[-96.96381,33.06847]},"properties":{"plant_code":794,"name":"Lewisville","county":"Denton","utility":"City of Garland - (TX)","balancing_authority":"ERCO","nameplate_mw":2.8,"max_grid_voltage_kv":69,"technologies":["Conventional Hydroelectric"],"note":"Generation capacity + interconnected grid voltage, used as a proxy for nearby transmission density. NOT substation headroom (that data is CEII-restricted, 18 CFR 388.113, and not public) -- treat as an estimate."}},{"type":"Feature","geometry":{"type":"Point","coordinates":[-100.55223,28.82953]},"properties":{"plant_code":3437,"name":"Eagle Pass","county":"Maverick","utility":"Maverick Cty Water Control & Improvement","balancing_authority":"ERCO","nameplate_mw":9.6,"max_grid_voltage_kv":138,"technologies":["Conventional Hydroelectric"],"note":"Generation capacity + interconnected grid voltage, used as a proxy for nearby transmission density. NOT substation headroom (that data is CEII-restricted, 18 CFR 388.113, and not public) -- treat as an estimate."}},{"type":"Feature","geometry":{"type":"Point","coordinates":[-99.5089,27.5667]},"properties":{"plant_code":3439,"name":"Laredo","county":"Webb","utility":"City of San Antonio - (TX)","balancing_authority":"ERCO","nameplate_mw":263.6,"max_grid_voltage_kv":138,"technologies":["Natural Gas Fired Combustion Turbine"],"note":"Generation capacity + interconnected grid voltage, used as a proxy for nearby transmission density. NOT substation headroom (that data is CEII-restricted, 18 CFR 388.113, and not public) -- treat as an estimate."}},{"type":"Feature","geometry":{"type":"Point","coordinates":[-97.4192,27.81941]},"properties":{"plant_code":3441,"name":"Nueces Bay","county":"Nueces","utility":"City of San Antonio - (TX)","balancing_authority":"ERCO","nameplate_mw":730.2,"max_grid_voltage_kv":138,"technologies":["Natural Gas Fired Combined Cycle"],"note":"Generation capacity + interconnected grid voltage, used as a proxy for nearby transmission density. NOT substation headroom (that data is CEII-restricted, 18 CFR 388.113, and not public) -- treat as an estimate."}},{"type":"Feature","geometry":{"type":"Point","coordinates":[-97.01,28.7883]},"properties":{"plant_code":3443,"name":"Victoria","county":"Victoria","utility":"Victoria WLE, LP","balancing_authority":"ERCO","nameplate_mw":376.9,"max_grid_voltage_kv":138,"technologies":["Natural Gas Fired Combined Cycle"],"note":"Generation capacity + interconnected grid voltage, used as a proxy for nearby transmission density. NOT substation headroom (that data is CEII-restricted, 18 CFR 388.113, and not public) -- treat as an estimate."}},{"type":"Feature","geometry":{"type":"Point","coordinates":[-96.5458,32.8358]},"properties":{"plant_code":3452,"name":"Lake Hubbard","county":"Dallas","utility":"Luminant Generation Company LLC","balancing_authority":"ERCO","nameplate_mw":927.5,"max_grid_voltage_kv":138,"technologies":["Natural Gas Steam Turbine"],"note":"Generation capacity + interconnected grid voltage, used as a proxy for nearby transmission density. NOT substation headroom (that data is CEII-restricted, 18 CFR 388.113, and not public) -- treat as an estimate."}},{"type":"Feature","geometry":{"type":"Point","coordinates":[-96.9358,32.7231]},"properties":{"plant_code":3453,"name":"Mountain Creek","county":"Dallas","utility":"Mountain Creek Power, LLC","balancing_authority":"ERCO","nameplate_mw":852.2,"max_grid_voltage_kv":138,"technologies":["Natural Gas Steam Turbine"],"note":"Generation capacity + interconnected grid voltage, used as a proxy for nearby transmission density. NOT substation headroom (that data is CEII-restricted, 18 CFR 388.113, and not public) -- treat as an estimate."}},{"type":"Feature","geometry":{"type":"Point","coordinates":[-96.975,32.95056]},"properties":{"plant_code":3454,"name":"North Lake","county":"Dallas","utility":"Luminant Generation Company LLC","balancing_authority":"ERCO","nameplate_mw":0.0,"max_grid_voltage_kv":138,"technologies":[],"note":"Generation capacity + interconnected grid voltage, used as a proxy for nearby transmission density. NOT substation headroom (that data is CEII-restricted, 18 CFR 388.113, and not public) -- treat as an estimate."}},{"type":"Feature","geometry":{"type":"Point","coordinates":[-96.72333,32.77667]},"properties":{"plant_code":3455,"name":"Parkdale","county":"Dallas","utility":"Luminant Generation Company LLC","balancing_authority":"ERCO","nameplate_mw":0.0,"max_grid_voltage_kv":138,"technologies":[],"note":"Generation capacity + interconnected grid voltage, used as a proxy for nearby transmission density. NOT substation headroom (that data is CEII-restricted, 18 CFR 388.113, and not public) -- treat as an estimate."}},{"type":"Feature","geometry":{"type":"Point","coordinates":[-106.43178,31.98359]},"properties":{"plant_code":3456,"name":"Newman","county":"El Paso","utility":"El Paso Electric Co","balancing_authority":"EPE","nameplate_mw":1109.8,"max_grid_voltage_kv":115,"technologies":["Natural Gas Fired Combined Cycle","Natural Gas Fired Combustion Turbine","Natural Gas Steam Turbine"],"note":"Generation capacity + interconnected grid voltage, used as a proxy for nearby transmission density. NOT substation headroom (that data is CEII-restricted, 18 CFR 388.113, and not public) -- treat as an estimate."}},{"type":"Feature","geometry":{"type":"Point","coordinates":[-95.5214,30.4356]},"properties":{"plant_code":3457,"name":"Lewis Creek","county":"Montgomery","utility":"Entergy Texas Inc.","balancing_authority":"MISO","nameplate_mw":542.8,"max_grid_voltage_kv":138,"technologies":["Natural Gas Steam Turbine"],"note":"Generation capacity + interconnected grid voltage, used as a proxy for nearby transmission density. NOT substation headroom (that data is CEII-restricted, 18 CFR 388.113, and not public) -- treat as an estimate."}},{"type":"Feature","geometry":{"type":"Point","coordinates":[-93.878,30.0242]},"properties":{"plant_code":3459,"name":"Sabine","county":"Orange","utility":"Entergy Texas Inc.","balancing_authority":"MISO","nameplate_mw":1811.8,"max_grid_voltage_kv":138,"technologies":["Natural Gas Steam Turbine"],"note":"Generation capacity + interconnected grid voltage, used as a proxy for nearby transmission density. NOT substation headroom (that data is CEII-restricted, 18 CFR 388.113, and not public) -- treat as an estimate."}},{"type":"Feature","geometry":{"type":"Point","coordinates":[-94.9256,29.75]},"properties":{"plant_code":3460,"name":"Cedar Bayou","county":"Chambers","utility":"NRG Texas Power LLC","balancing_authority":"ERCO","nameplate_mw":1530.0,"max_grid_voltage_kv":345,"technologies":["Natural Gas Steam Turbine"],"note":"Generation capacity + interconnected grid voltage, used as a proxy for nearby transmission density. NOT substation headroom (that data is CEII-restricted, 18 CFR 388.113, and not public) -- treat as an estimate."}},{"type":"Feature","geometry":{"type":"Point","coordinates":[-95.21943,29.8222]},"properties":{"plant_code":3464,"name":"Greens Bayou","county":"Harris","utility":"NRG Texas Power LLC","balancing_authority":"ERCO","nameplate_mw":432.0,"max_grid_voltage_kv":138,"technologies":["Natural Gas Fired Combustion Turbine"],"note":"Generation capacity + interconnected grid voltage, used as a proxy for nearby transmission density. NOT substation headroom (that data is CEII-restricted, 18 CFR 388.113, and not public) -- treat as an estimate."}},{"type":"Feature","geometry":{"type":"Point","coordinates":[-94.97944,29.48667]},"properties":{"plant_code":3466,"name":"P H Robinson","county":"Galveston","utility":"NRG Texas Power LLC","balancing_authority":"ERCO","nameplate_mw":0.0,"max_grid_voltage_kv":345,"technologies":[],"note":"Generation capacity + interconnected grid voltage, used as a proxy for nearby transmission density. NOT substation headroom (that data is CEII-restricted, 18 CFR 388.113, and not public) -- treat as an estimate."}},{"type":"Feature","geometry":{"type":"Point","coordinates":[-95.05983,29.72677]},"properties":{"plant_code":3468,"name":"Sam Bertron","county":"Harris","utility":"NRG Texas Power LLC","balancing_authority":"ERCO","nameplate_mw":0.0,"max_grid_voltage_kv":138,"technologies":[],"note":"Generation capacity + interconnected grid voltage, used as a proxy for nearby transmission density. NOT substation headroom (that data is CEII-restricted, 18 CFR 388.113, and not public) -- treat as an estimate."}},{"type":"Feature","geometry":{"type":"Point","coordinates":[-95.5306,29.9417]},"properties":{"plant_code":3469,"name":"T H Wharton","county":"Harris","utility":"NRG Texas Power LLC","balancing_authority":"ERCO","nameplate_mw":1189.9,"max_grid_voltage_kv":345,"technologies":["Natural Gas Fired Combined Cycle","Natural Gas Fired Combustion Turbine"],"note":"Generation capacity + interconnected grid voltage, used as a proxy for nearby transmission density. NOT substation headroom (that data is CEII-restricted, 18 CFR 388.113, and not public) -- treat as an estimate."}},{"type":"Feature","geometry":{"type":"Point","coordinates":[-95.6311,29.4828]},"properties":{"plant_code":3470,"name":"W A Parish","county":"Fort Bend","utility":"NRG Texas Power LLC","balancing_authority":"ERCO","nameplate_mw":4008.4,"max_grid_voltage_kv":345,"technologies":["Conventional Steam Coal","Natural Gas Fired Combustion Turbine","Natural Gas Steam Turbine"],"note":"Generation capacity + interconnected grid voltage, used as a proxy for nearby transmission density. NOT substation headroom (that data is CEII-restricted, 18 CFR 388.113, and not public) -- treat as an estimate."}},{"type":"Feature","geometry":{"type":"Point","coordinates":[-95.10805,29.52583]},"properties":{"plant_code":3471,"name":"Webster","county":"Harris","utility":"NRG Texas Power LLC","balancing_authority":"","nameplate_mw":0.0,"max_grid_voltage_kv":null,"technologies":[],"note":"Generation capacity + interconnected grid voltage, used as a proxy for nearby transmission density. NOT substation headroom (that data is CEII-restricted, 18 CFR 388.113, and not public) -- treat as an estimate."}},{"type":"Feature","geometry":{"type":"Point","coordinates":[-94.6415,32.3766]},"properties":{"plant_code":3476,"name":"Knox Lee","county":"Gregg","utility":"Southwestern Electric Power Co","balancing_authority":"SWPP","nameplate_mw":351.0,"max_grid_voltage_kv":138,"technologies":["Natural Gas Steam Turbine"],"note":"Generation capacity + interconnected grid voltage, used as a proxy for nearby transmission density. NOT substation headroom (that data is CEII-restricted, 18 CFR 388.113, and not public) -- treat as an estimate."}},{"type":"Feature","geometry":{"type":"Point","coordinates":[-94.7226,32.9215]},"properties":{"plant_code":3477,"name":"Lone Star","county":"Morris","utility":"Southwestern Electric Power Co","balancing_authority":"SWPP","nameplate_mw":0.0,"max_grid_voltage_kv":69,"technologies":[],"note":"Generation capacity + interconnected grid voltage, used as a proxy for nearby transmission density. NOT substation headroom (that data is CEII-restricted, 18 CFR 388.113, and not public) -- treat as an estimate."}},{"type":"Feature","geometry":{"type":"Point","coordinates":[-94.54799,32.84816]},"properties":{"plant_code":3478,"name":"Wilkes","county":"Marion","utility":"Southwestern Electric Power Co","balancing_authority":"SWPP","nameplate_mw":882.0,"max_grid_voltage_kv":345,"technologies":["Natural Gas Steam Turbine"],"note":"Generation capacity + interconnected grid voltage, used as a proxy for nearby transmission density. NOT substation headroom (that data is CEII-restricted, 18 CFR 388.113, and not public) -- treat as an estimate."}},{"type":"Feature","geometry":{"type":"Point","coordinates":[-101.7392,33.5239]},"properties":{"plant_code":3482,"name":"Jones","county":"Lubbock","utility":"Southwestern Public Service Co","balancing_authority":"SWPP","nameplate_mw":860.4,"max_grid_voltage_kv":230,"technologies":["Natural Gas Fired Combustion Turbine","Natural Gas Steam Turbine"],"note":"Generation capacity + interconnected grid voltage, used as a proxy for nearby transmission density. NOT substation headroom (that data is CEII-restricted, 18 CFR 388.113, and not public) -- treat as an estimate."}},{"type":"Feature","geometry":{"type":"Point","coordinates":[-101.865,35.9667]},"properties":{"plant_code":3483,"name":"Moore County","county":"Moore","utility":"Southwestern Public Service Co","balancing_authority":"SWPP","nameplate_mw":0.0,"max_grid_voltage_kv":115,"technologies":[],"note":"Generation capacity + interconnected grid voltage, used as a proxy for nearby transmission density. NOT substation headroom (that data is CEII-restricted, 18 CFR 388.113, and not public) -- treat as an estimate."}},{"type":"Feature","geometry":{"type":"Point","coordinates":[-101.74642,35.28336]},"properties":{"plant_code":3484,"name":"Nichols","county":"Potter","utility":"Southwestern Public Service Co","balancing_authority":"SWPP","nameplate_mw":474.7,"max_grid_voltage_kv":230,"technologies":["Natural Gas Steam Turbine"],"note":"Generation capacity + interconnected grid voltage, used as a proxy for nearby transmission density. NOT substation headroom (that data is CEII-restricted, 18 CFR 388.113, and not public) -- treat as an estimate."}},{"type":"Feature","geometry":{"type":"Point","coordinates":[-102.4114,34.1661]},"properties":{"plant_code":3485,"name":"Plant X","county":"Lamb","utility":"Southwestern Public Service Co","balancing_authority":"SWPP","nameplate_mw":190.4,"max_grid_voltage_kv":230,"technologies":["Natural Gas Steam Turbine"],"note":"Generation capacity + interconnected grid voltage, used as a proxy for nearby transmission density. NOT substation headroom (that data is CEII-restricted, 18 CFR 388.113, and not public) -- treat as an estimate."}},{"type":"Feature","geometry":{"type":"Point","coordinates":[-101.41194,35.71222]},"properties":{"plant_code":3487,"name":"Riverview","county":"Hutchinson","utility":"Southwestern Public Service Co","balancing_authority":"SWPP","nameplate_mw":0.0,"max_grid_voltage_kv":115,"technologies":[],"note":"Generation capacity + interconnected grid voltage, used as a proxy for nearby transmission density. NOT substation headroom (that data is CEII-restricted, 18 CFR 388.113, and not public) -- treat as an estimate."}},{"type":"Feature","geometry":{"type":"Point","coordinates":[-97.4792,32.9056]},"properties":{"plant_code":3489,"name":"Eagle Mountain","county":"Tarrant","utility":"Luminant Generation Company LLC","balancing_authority":"ERCO","nameplate_mw":0.0,"max_grid_voltage_kv":345,"technologies":[],"note":"Generation capacity + interconnected grid voltage, used as a proxy for nearby transmission density. NOT substation headroom (that data is CEII-restricted, 18 CFR 388.113, and not public) -- treat as an estimate."}},{"type":"Feature","geometry":{"type":"Point","coordinates":[-98.6117,33.1344]},"properties":{"plant_code":3490,"name":"Graham","county":"Young","utility":"Luminant Generation Company LLC","balancing_authority":"ERCO","nameplate_mw":634.7,"max_grid_voltage_kv":345,"technologies":["Natural Gas Steam Turbine"],"note":"Generation capacity + interconnected grid voltage, used as a proxy for nearby transmission density. NOT substation headroom (that data is CEII-restricted, 18 CFR 388.113, and not public) -- treat as an estimate."}},{"type":"Feature","geometry":{"type":"Point","coordinates":[-97.2192,32.7283]},"properties":{"plant_code":3491,"name":"Handley","county":"Tarrant","utility":"Constellation Power, Inc","balancing_authority":"ERCO","nameplate_mw":1314.8,"max_grid_voltage_kv":138,"technologies":["Natural Gas Steam Turbine"],"note":"Generation capacity + interconnected grid voltage, used as a proxy for nearby transmission density. NOT substation headroom (that data is CEII-restricted, 18 CFR 388.113, and not public) -- treat as an estimate."}},{"type":"Feature","geometry":{"type":"Point","coordinates":[-100.9156,32.3358]},"properties":{"plant_code":3492,"name":"Morgan Creek","county":"Mitchell","utility":"Luminant Generation Company LLC","balancing_authority":"ERCO","nameplate_mw":536.4,"max_grid_voltage_kv":138,"technologies":["Petroleum Liquids"],"note":"Generation capacity + interconnected grid voltage, used as a proxy for nearby transmission density. NOT substation headroom (that data is CEII-restricted, 18 CFR 388.113, and not public) -- treat as an estimate."}},{"type":"Feature","geometry":{"type":"Point","coordinates":[-97.33639,32.76056]},"properties":{"plant_code":3493,"name":"North Main","county":"Tarrant","utility":"Luminant Generation Company LLC","balancing_authority":"ERCO","nameplate_mw":0.0,"max_grid_voltage_kv":138,"technologies":[],"note":"Generation capacity + interconnected grid voltage, used as a proxy for nearby transmission density. NOT substation headroom (that data is CEII-restricted, 18 CFR 388.113, and not public) -- treat as an estimate."}},{"type":"Feature","geometry":{"type":"Point","coordinates":[-102.9633,31.5839]},"properties":{"plant_code":3494,"name":"Permian Basin","county":"Ward","utility":"Luminant Generation Company LLC","balancing_authority":"ERCO","nameplate_mw":447.0,"max_grid_voltage_kv":138,"technologies":["Natural Gas Fired Combustion Turbine"],"note":"Generation capacity + interconnected grid voltage, used as a proxy for nearby transmission density. NOT substation headroom (that data is CEII-restricted, 18 CFR 388.113, and not public) -- treat as an estimate."}},{"type":"Feature","geometry":{"type":"Point","coordinates":[-96.0544,31.8206]},"properties":{"plant_code":3497,"name":"Big Brown","county":"Freestone","utility":"Luminant Generation Company LLC","balancing_authority":"ERCO","nameplate_mw":0.0,"max_grid_voltage_kv":345,"technologies":[],"note":"Generation capacity + interconnected grid voltage, used as a proxy for nearby transmission density. NOT substation headroom (that data is CEII-restricted, 18 CFR 388.113, and not public) -- treat as an estimate."}},{"type":"Feature","geometry":{"type":"Point","coordinates":[-96.985,31.4647]},"properties":{"plant_code":3502,"name":"Lake Creek","county":"McLennan","utility":"Luminant Generation Company LLC","balancing_authority":"ERCO","nameplate_mw":0.0,"max_grid_voltage_kv":138,"technologies":[],"note":"Generation capacity + interconnected grid voltage, used as a proxy for nearby transmission density. NOT substation headroom (that data is CEII-restricted, 18 CFR 388.113, and not public) -- treat as an estimate."}},{"type":"Feature","geometry":{"type":"Point","coordinates":[-95.14667,33.39306]},"properties":{"plant_code":3503,"name":"River Crest","county":"Red River","utility":"Luminant Generation Company LLC","balancing_authority":"ERCO","nameplate_mw":0.0,"max_grid_voltage_kv":138,"technologies":[],"note":"Generation capacity + interconnected grid voltage, used as a proxy for nearby transmission density. NOT substation headroom (that data is CEII-restricted, 18 CFR 388.113, and not public) -- treat as an estimate."}},{"type":"Feature","geometry":{"type":"Point","coordinates":[-94.98983,31.93985]},"properties":{"plant_code":3504,"name":"Stryker Creek","county":"Cherokee","utility":"Luminant Generation Company LLC","balancing_authority":"ERCO","nameplate_mw":713.4,"max_grid_voltage_kv":138,"technologies":["Natural Gas Steam Turbine","Petroleum Liquids"],"note":"Generation capacity + interconnected grid voltage, used as a proxy for nearby transmission density. NOT substation headroom (that data is CEII-restricted, 18 CFR 388.113, and not public) -- treat as an estimate."}},{"type":"Feature","geometry":{"type":"Point","coordinates":[-96.9642,31.5728]},"properties":{"plant_code":3506,"name":"Tradinghouse","county":"McLennan","utility":"Luminant Generation Company LLC","balancing_authority":"ERCO","nameplate_mw":0.0,"max_grid_voltage_kv":345,"technologies":[],"note":"Generation capacity + interconnected grid voltage, used as a proxy for nearby transmission density. NOT substation headroom (that data is CEII-restricted, 18 CFR 388.113, and not public) -- treat as an estimate."}},{"type":"Feature","geometry":{"type":"Point","coordinates":[-96.10128,32.12452]},"properties":{"plant_code":3507,"name":"Trinidad (TX)","county":"Henderson","utility":"Luminant Generation Company LLC","balancing_authority":"ERCO","nameplate_mw":243.3,"max_grid_voltage_kv":138,"technologies":["Natural Gas Steam Turbine","Petroleum Liquids"],"note":"Generation capacity + interconnected grid voltage, used as a proxy for nearby transmission density. NOT substation headroom (that data is CEII-restricted, 18 CFR 388.113, and not public) -- treat as an estimate."}},{"type":"Feature","geometry":{"type":"Point","coordinates":[-97.6128,30.3033]},"properties":{"plant_code":3548,"name":"Decker Creek","county":"Travis","utility":"Austin Energy","balancing_authority":"ERCO","nameplate_mw":206.0,"max_grid_voltage_kv":138,"technologies":["Natural Gas Fired Combustion Turbine"],"note":"Generation capacity + interconnected grid voltage, used as a proxy for nearby transmission density. NOT substation headroom (that data is CEII-restricted, 18 CFR 388.113, and not public) -- treat as an estimate."}},{"type":"Feature","geometry":{"type":"Point","coordinates":[-97.71667,30.25]},"properties":{"plant_code":3549,"name":"Holly Street","county":"Travis","utility":"Austin Energy","balancing_authority":"ERCO","nameplate_mw":0.0,"max_grid_voltage_kv":69,"technologies":[],"note":"Generation capacity + interconnected grid voltage, used as a proxy for nearby transmission density. NOT substation headroom (that data is CEII-restricted, 18 CFR 388.113, and not public) -- treat as an estimate."}},{"type":"Feature","geometry":{"type":"Point","coordinates":[-97.5214,25.9131]},"properties":{"plant_code":3559,"name":"Silas Ray","county":"Cameron","utility":"Brownsville Public Utilities Board","balancing_authority":"ERCO","nameplate_mw":142.5,"max_grid_voltage_kv":138,"technologies":["Natural Gas Fired Combined Cycle","Natural Gas Fired Combustion Turbine","Petroleum Liquids"],"note":"Generation capacity + interconnected grid voltage, used as a proxy for nearby transmission density. NOT substation headroom (that data is CEII-restricted, 18 CFR 388.113, and not public) -- treat as an estimate."}},{"type":"Feature","geometry":{"type":"Point","coordinates":[-96.37232,30.64741]},"properties":{"plant_code":3561,"name":"Bryan (TX)","county":"Brazos","utility":"City of Bryan - (TX)","balancing_authority":"ERCO","nameplate_mw":22.0,"max_grid_voltage_kv":69,"technologies":["Natural Gas Fired Combustion Turbine"],"note":"Generation capacity + interconnected grid voltage, used as a proxy for nearby transmission density. NOT substation headroom (that data is CEII-restricted, 18 CFR 388.113, and not public) -- treat as an estimate."}},{"type":"Feature","geometry":{"type":"Point","coordinates":[-96.6231,32.9125]},"properties":{"plant_code":3574,"name":"C E Newman","county":"Dallas","utility":"City of Garland - (TX)","balancing_authority":"ERCO","nameplate_mw":0.0,"max_grid_voltage_kv":69,"technologies":[],"note":"Generation capacity + interconnected grid voltage, used as a proxy for nearby transmission density. NOT substation headroom (that data is CEII-restricted, 18 CFR 388.113, and not public) -- treat as an estimate."}},{"type":"Feature","geometry":{"type":"Point","coordinates":[-96.45248,33.06806]},"properties":{"plant_code":3576,"name":"Ray Olinger","county":"Collin","utility":"City of Garland - (TX)","balancing_authority":"ERCO","nameplate_mw":427.7,"max_grid_voltage_kv":138,"technologies":["Natural Gas Fired Combustion Turbine","Natural Gas Steam Turbine"],"note":"Generation capacity + interconnected grid voltage, used as a proxy for nearby transmission density. NOT substation headroom (that data is CEII-restricted, 18 CFR 388.113, and not public) -- treat as an estimate."}},{"type":"Feature","geometry":{"type":"Point","coordinates":[-98.04073,29.59395]},"properties":{"plant_code":3581,"name":"Abbott TP 3","county":"Guadalupe","utility":"Guadalupe Blanco River Authority","balancing_authority":"ERCO","nameplate_mw":2.8,"max_grid_voltage_kv":12,"technologies":["Conventional Hydroelectric"],"note":"Generation capacity + interconnected grid voltage, used as a proxy for nearby transmission density. NOT substation headroom (that data is CEII-restricted, 18 CFR 388.113, and not public) -- treat as an estimate."}},{"type":"Feature","geometry":{"type":"Point","coordinates":[-98.04593,29.64019]},"properties":{"plant_code":3582,"name":"Dunlap TP 1","county":"Guadalupe","utility":"Guadalupe Blanco River Authority","balancing_authority":"ERCO","nameplate_mw":3.6,"max_grid_voltage_kv":34.5,"technologies":["Conventional Hydroelectric"],"note":"Generation capacity + interconnected grid voltage, used as a proxy for nearby transmission density. NOT substation headroom (that data is CEII-restricted, 18 CFR 388.113, and not public) -- treat as an estimate."}},{"type":"Feature","geometry":{"type":"Point","coordinates":[-97.62495,29.49519]},"properties":{"plant_code":3583,"name":"H 4","county":"Gonzales","utility":"Guadalupe Blanco River Authority","balancing_authority":"ERCO","nameplate_mw":2.4,"max_grid_voltage_kv":12,"technologies":["Conventional Hydroelectric"],"note":"Generation capacity + interconnected grid voltage, used as a proxy for nearby transmission density. NOT substation headroom (that data is CEII-restricted, 18 CFR 388.113, and not public) -- treat as an estimate."}},{"type":"Feature","geometry":{"type":"Point","coordinates":[-97.4919,29.4681]},"properties":{"plant_code":3584,"name":"H 5","county":"Gonzales","utility":"Guadalupe Blanco River Authority","balancing_authority":"ERCO","nameplate_mw":2.4,"max_grid_voltage_kv":12,"technologies":["Conventional Hydroelectric"],"note":"Generation capacity + interconnected grid voltage, used as a proxy for nearby transmission density. NOT substation headroom (that data is CEII-restricted, 18 CFR 388.113, and not public) -- treat as an estimate."}},{"type":"Feature","geometry":{"type":"Point","coordinates":[-97.93211,29.53757]},"properties":{"plant_code":3585,"name":"Nolte","county":"Guadalupe","utility":"Guadalupe Blanco River Authority","balancing_authority":"ERCO","nameplate_mw":2.4,"max_grid_voltage_kv":12,"technologies":["Conventional Hydroelectric"],"note":"Generation capacity + interconnected grid voltage, used as a proxy for nearby transmission density. NOT substation headroom (that data is CEII-restricted, 18 CFR 388.113, and not public) -- treat as an estimate."}},{"type":"Feature","geometry":{"type":"Point","coordinates":[-97.99959,29.54814]},"properties":{"plant_code":3586,"name":"TP 4","county":"Guadalupe","utility":"Guadalupe Blanco River Authority","balancing_authority":"ERCO","nameplate_mw":2.4,"max_grid_voltage_kv":12,"technologies":["Conventional Hydroelectric"],"note":"Generation capacity + interconnected grid voltage, used as a proxy for nearby transmission density. NOT substation headroom (that data is CEII-restricted, 18 CFR 388.113, and not public) -- treat as an estimate."}},{"type":"Feature","geometry":{"type":"Point","coordinates":[-97.78441,30.29342]},"properties":{"plant_code":3594,"name":"Austin","county":"Travis","utility":"Lower Colorado River Authority","balancing_authority":"ERCO","nameplate_mw":18.0,"max_grid_voltage_kv":138,"technologies":["Conventional Hydroelectric"],"note":"Generation capacity + interconnected grid voltage, used as a proxy for nearby transmission density. NOT substation headroom (that data is CEII-restricted, 18 CFR 388.113, and not public) -- treat as an estimate."}},{"type":"Feature","geometry":{"type":"Point","coordinates":[-98.4176,30.7507]},"properties":{"plant_code":3595,"name":"Buchanan Dam (TX)","county":"Llano","utility":"Lower Colorado River Authority","balancing_authority":"ERCO","nameplate_mw":54.9,"max_grid_voltage_kv":138,"technologies":["Conventional Hydroelectric"],"note":"Generation capacity + interconnected grid voltage, used as a proxy for nearby transmission density. NOT substation headroom (that data is CEII-restricted, 18 CFR 388.113, and not public) -- treat as an estimate."}},{"type":"Feature","geometry":{"type":"Point","coordinates":[-98.3384,30.556]},"properties":{"plant_code":3597,"name":"Granite Shoals","county":"Burnet","utility":"Lower Colorado River Authority","balancing_authority":"ERCO","nameplate_mw":54.0,"max_grid_voltage_kv":138,"technologies":["Conventional Hydroelectric"],"note":"Generation capacity + interconnected grid voltage, used as a proxy for nearby transmission density. NOT substation headroom (that data is CEII-restricted, 18 CFR 388.113, and not public) -- treat as an estimate."}},{"type":"Feature","geometry":{"type":"Point","coordinates":[-98.38542,30.7316]},"properties":{"plant_code":3598,"name":"Inks","county":"Burnet","utility":"Lower Colorado River Authority","balancing_authority":"ERCO","nameplate_mw":15.0,"max_grid_voltage_kv":69,"technologies":["Conventional Hydroelectric"],"note":"Generation capacity + interconnected grid voltage, used as a proxy for nearby transmission density. NOT substation headroom (that data is CEII-restricted, 18 CFR 388.113, and not public) -- treat as an estimate."}},{"type":"Feature","geometry":{"type":"Point","coordinates":[-98.25759,30.55529]},"properties":{"plant_code":3599,"name":"Marble Falls","county":"Burnet","utility":"Lower Colorado River Authority","balancing_authority":"ERCO","nameplate_mw":39.6,"max_grid_voltage_kv":138,"technologies":["Conventional Hydroelectric"],"note":"Generation capacity + interconnected grid voltage, used as a proxy for nearby transmission density. NOT substation headroom (that data is CEII-restricted, 18 CFR 388.113, and not public) -- treat as an estimate."}},{"type":"Feature","geometry":{"type":"Point","coordinates":[-97.9073,30.3899]},"properties":{"plant_code":3600,"name":"Marshall Ford","county":"Travis","utility":"Lower Colorado River Authority","balancing_authority":"ERCO","nameplate_mw":108.0,"max_grid_voltage_kv":138,"technologies":["Conventional Hydroelectric"],"note":"Generation capacity + interconnected grid voltage, used as a proxy for nearby transmission density. NOT substation headroom (that data is CEII-restricted, 18 CFR 388.113, and not public) -- treat as an estimate."}},{"type":"Feature","geometry":{"type":"Point","coordinates":[-97.2708,30.1456]},"properties":{"plant_code":3601,"name":"Sim Gideon","county":"Bastrop","utility":"Lower Colorado River Authority","balancing_authority":"ERCO","nameplate_mw":623.0,"max_grid_voltage_kv":138,"technologies":["Natural Gas Steam Turbine"],"note":"Generation capacity + interconnected grid voltage, used as a proxy for nearby transmission density. NOT substation headroom (that data is CEII-restricted, 18 CFR 388.113, and not public) -- treat as an estimate."}},{"type":"Feature","geometry":{"type":"Point","coordinates":[-98.5761,29.3525]},"properties":{"plant_code":3609,"name":"Leon Creek","county":"Bexar","utility":"City of San Antonio - (TX)","balancing_authority":"ERCO","nameplate_mw":229.6,"max_grid_voltage_kv":138,"technologies":["Natural Gas Fired Combustion Turbine"],"note":"Generation capacity + interconnected grid voltage, used as a proxy for nearby transmission density. NOT substation headroom (that data is CEII-restricted, 18 CFR 388.113, and not public) -- treat as an estimate."}},{"type":"Feature","geometry":{"type":"Point","coordinates":[-98.48917,29.39833]},"properties":{"plant_code":3610,"name":"Mission Road","county":"Bexar","utility":"City of San Antonio - (TX)","balancing_authority":"ERCO","nameplate_mw":0.0,"max_grid_voltage_kv":null,"technologies":[],"note":"Generation capacity + interconnected grid voltage, used as a proxy for nearby transmission density. NOT substation headroom (that data is CEII-restricted, 18 CFR 388.113, and not public) -- treat as an estimate."}},{"type":"Feature","geometry":{"type":"Point","coordinates":[-98.3242,29.30806]},"properties":{"plant_code":3611,"name":"O W Sommers","county":"Bexar","utility":"City of San Antonio - (TX)","balancing_authority":"ERCO","nameplate_mw":892.0,"max_grid_voltage_kv":138,"technologies":["Natural Gas Steam Turbine"],"note":"Generation capacity + interconnected grid voltage, used as a proxy for nearby transmission density. NOT substation headroom (that data is CEII-restricted, 18 CFR 388.113, and not public) -- treat as an estimate."}},{"type":"Feature","geometry":{"type":"Point","coordinates":[-98.3825,29.2567]},"properties":{"plant_code":3612,"name":"V H Braunig","county":"Bexar","utility":"City of San Antonio - (TX)","balancing_authority":"ERCO","nameplate_mw":1138.0,"max_grid_voltage_kv":138,"technologies":["Natural Gas Fired Combustion Turbine","Natural Gas Steam Turbine"],"note":"Generation capacity + interconnected grid voltage, used as a proxy for nearby transmission density. NOT substation headroom (that data is CEII-restricted, 18 CFR 388.113, and not public) -- treat as an estimate."}},{"type":"Feature","geometry":{"type":"Point","coordinates":[-98.4181,29.53]},"properties":{"plant_code":3613,"name":"W B Tuttle","county":"Bexar","utility":"City of San Antonio - (TX)","balancing_authority":"ERCO","nameplate_mw":0.0,"max_grid_voltage_kv":138,"technologies":[],"note":"Generation capacity + interconnected grid voltage, used as a proxy for nearby transmission density. NOT substation headroom (that data is CEII-restricted, 18 CFR 388.113, and not public) -- treat as an estimate."}},{"type":"Feature","geometry":{"type":"Point","coordinates":[-98.3103,32.6581]},"properties":{"plant_code":3628,"name":"R W Miller","county":"Palo Pinto","utility":"RW Miller Power LLC","balancing_authority":"ERCO","nameplate_mw":603.6,"max_grid_voltage_kv":138,"technologies":["Natural Gas Fired Combustion Turbine","Natural Gas Steam Turbine"],"note":"Generation capacity + interconnected grid voltage, used as a proxy for nearby transmission density. NOT substation headroom (that data is CEII-restricted, 18 CFR 388.113, and not public) -- treat as an estimate."}},{"type":"Feature","geometry":{"type":"Point","coordinates":[-99.0919,28.9275]},"properties":{"plant_code":3630,"name":"Pearsall","county":"Frio","utility":"South Texas Electric Coop, Inc","balancing_authority":"ERCO","nameplate_mw":201.6,"max_grid_voltage_kv":138,"technologies":["Natural Gas Internal Combustion Engine"],"note":"Generation capacity + interconnected grid voltage, used as a proxy for nearby transmission density. NOT substation headroom (that data is CEII-restricted, 18 CFR 388.113, and not public) -- treat as an estimate."}},{"type":"Feature","geometry":{"type":"Point","coordinates":[-97.135,28.8947]},"properties":{"plant_code":3631,"name":"Sam Rayburn","county":"Victoria","utility":"South Texas Electric Coop, Inc","balancing_authority":"ERCO","nameplate_mw":192.8,"max_grid_voltage_kv":138,"technologies":["Natural Gas Fired Combined Cycle","Petroleum Liquids"],"note":"Generation capacity + interconnected grid voltage, used as a proxy for nearby transmission density. NOT substation headroom (that data is CEII-restricted, 18 CFR 388.113, and not public) -- treat as an estimate."}},{"type":"Feature","geometry":{"type":"Point","coordinates":[-96.1264,33.1707]},"properties":{"plant_code":4195,"name":"Powerlane Plant","county":"Hunt","utility":"City of Greenville - (TX)","balancing_authority":"ERCO","nameplate_mw":112.2,"max_grid_voltage_kv":69,"technologies":["Natural Gas Internal Combustion Engine","Natural Gas Steam Turbine","Petroleum Liquids"],"note":"Generation capacity + interconnected grid voltage, used as a proxy for nearby transmission density. NOT substation headroom (that data is CEII-restricted, 18 CFR 388.113, and not public) -- treat as an estimate."}},{"type":"Feature","geometry":{"type":"Point","coordinates":[-97.1061,33.1975]},"properties":{"plant_code":4266,"name":"Spencer","county":"Denton","utility":"City of Garland - (TX)","balancing_authority":"ERCO","nameplate_mw":126.5,"max_grid_voltage_kv":69,"technologies":["Natural Gas Steam Turbine"],"note":"Generation capacity + interconnected grid voltage, used as a proxy for nearby transmission density. NOT substation headroom (that data is CEII-restricted, 18 CFR 388.113, and not public) -- treat as an estimate."}},{"type":"Feature","geometry":{"type":"Point","coordinates":[-98.3721,30.558]},"properties":{"plant_code":4937,"name":"Thomas C Ferguson","county":"Llano","utility":"Lower Colorado River Authority","balancing_authority":"ERCO","nameplate_mw":574.6,"max_grid_voltage_kv":138,"technologies":["Natural Gas Fired Combined Cycle"],"note":"Generation capacity + interconnected grid voltage, used as a proxy for nearby transmission density. NOT substation headroom (that data is CEII-restricted, 18 CFR 388.113, and not public) -- treat as an estimate."}},{"type":"Feature","geometry":{"type":"Point","coordinates":[-97.3117,27.6064]},"properties":{"plant_code":4939,"name":"Barney M Davis","county":"Nueces","utility":"City of San Antonio - (TX)","balancing_authority":"ERCO","nameplate_mw":1082.2,"max_grid_voltage_kv":138,"technologies":["Natural Gas Fired Combined Cycle","Natural Gas Steam Turbine"],"note":"Generation capacity + interconnected grid voltage, used as a proxy for nearby transmission density. NOT substation headroom (that data is CEII-restricted, 18 CFR 388.113, and not public) -- treat as an estimate."}},{"type":"Feature","geometry":{"type":"Point","coordinates":[-101.06011,29.44983]},"properties":{"plant_code":6128,"name":"Amistad Dam & Power","county":"Val Verde","utility":"International Bound & Wtr Comm","balancing_authority":"ERCO","nameplate_mw":66.0,"max_grid_voltage_kv":138,"technologies":["Conventional Hydroelectric"],"note":"Generation capacity + interconnected grid voltage, used as a proxy for nearby transmission density. NOT substation headroom (that data is CEII-restricted, 18 CFR 388.113, and not public) -- treat as an estimate."}},{"type":"Feature","geometry":{"type":"Point","coordinates":[-94.83999,33.05522]},"properties":{"plant_code":6139,"name":"Welsh","county":"Titus","utility":"Southwestern Electric Power Co","balancing_authority":"SWPP","nameplate_mw":1116.0,"max_grid_voltage_kv":345,"technologies":["Conventional Steam Coal"],"note":"Generation capacity + interconnected grid voltage, used as a proxy for nearby transmission density. NOT substation headroom (that data is CEII-restricted, 18 CFR 388.113, and not public) -- treat as an estimate."}},{"type":"Feature","geometry":{"type":"Point","coordinates":[-97.78552,32.29836]},"properties":{"plant_code":6145,"name":"Comanche Peak","county":"Somervell","utility":"Luminant Generation Company LLC","balancing_authority":"ERCO","nameplate_mw":2430.0,"max_grid_voltage_kv":345,"technologies":["Nuclear"],"note":"Generation capacity + interconnected grid voltage, used as a proxy for nearby transmission density. NOT substation headroom (that data is CEII-restricted, 18 CFR 388.113, and not public) -- treat as an estimate."}},{"type":"Feature","geometry":{"type":"Point","coordinates":[-94.5706,32.2606]},"properties":{"plant_code":6146,"name":"Martin Lake","county":"Rusk","utility":"Luminant Generation Company LLC","balancing_authority":"ERCO","nameplate_mw":2379.6,"max_grid_voltage_kv":345,"technologies":["Conventional Steam Coal"],"note":"Generation capacity + interconnected grid voltage, used as a proxy for nearby transmission density. NOT substation headroom (that data is CEII-restricted, 18 CFR 388.113, and not public) -- treat as an estimate."}},{"type":"Feature","geometry":{"type":"Point","coordinates":[-95.0417,33.0917]},"properties":{"plant_code":6147,"name":"Monticello","county":"Titus","utility":"Luminant Generation Company LLC","balancing_authority":"ERCO","nameplate_mw":0.0,"max_grid_voltage_kv":345,"technologies":[],"note":"Generation capacity + interconnected grid voltage, used as a proxy for nearby transmission density. NOT substation headroom (that data is CEII-restricted, 18 CFR 388.113, and not public) -- treat as an estimate."}},{"type":"Feature","geometry":{"type":"Point","coordinates":[-97.21417,28.7128]},"properties":{"plant_code":6178,"name":"Coleto Creek","county":"Goliad","utility":"Coleto Creek Power LP","balancing_authority":"ERCO","nameplate_mw":622.4,"max_grid_voltage_kv":138,"technologies":["Conventional Steam Coal"],"note":"Generation capacity + interconnected grid voltage, used as a proxy for nearby transmission density. NOT substation headroom (that data is CEII-restricted, 18 CFR 388.113, and not public) -- treat as an estimate."}},{"type":"Feature","geometry":{"type":"Point","coordinates":[-96.7506,29.9172]},"properties":{"plant_code":6179,"name":"Fayette Power Project","county":"Fayette","utility":"Lower Colorado River Authority","balancing_authority":"ERCO","nameplate_mw":1690.0,"max_grid_voltage_kv":345,"technologies":["Conventional Steam Coal"],"note":"Generation capacity + interconnected grid voltage, used as a proxy for nearby transmission density. NOT substation headroom (that data is CEII-restricted, 18 CFR 388.113, and not public) -- treat as an estimate."}},{"type":"Feature","geometry":{"type":"Point","coordinates":[-96.4866,31.1803]},"properties":{"plant_code":6180,"name":"Oak Grove (TX)","county":"Robertson","utility":"Luminant Generation Company LLC","balancing_authority":"ERCO","nameplate_mw":1795.4,"max_grid_voltage_kv":345,"technologies":["Conventional Steam Coal"],"note":"Generation capacity + interconnected grid voltage, used as a proxy for nearby transmission density. NOT substation headroom (that data is CEII-restricted, 18 CFR 388.113, and not public) -- treat as an estimate."}},{"type":"Feature","geometry":{"type":"Point","coordinates":[-98.3228,29.30806]},"properties":{"plant_code":6181,"name":"J T Deely","county":"Bexar","utility":"City of San Antonio - (TX)","balancing_authority":"ERCO","nameplate_mw":0.0,"max_grid_voltage_kv":138,"technologies":[],"note":"Generation capacity + interconnected grid voltage, used as a proxy for nearby transmission density. NOT substation headroom (that data is CEII-restricted, 18 CFR 388.113, and not public) -- treat as an estimate."}},{"type":"Feature","geometry":{"type":"Point","coordinates":[-98.4775,28.7044]},"properties":{"plant_code":6183,"name":"San Miguel","county":"Atascosa","utility":"San Miguel Electric Coop, Inc","balancing_authority":"ERCO","nameplate_mw":410.0,"max_grid_voltage_kv":345,"technologies":["Conventional Steam Coal"],"note":"Generation capacity + interconnected grid voltage, used as a proxy for nearby transmission density. NOT substation headroom (that data is CEII-restricted, 18 CFR 388.113, and not public) -- treat as an estimate."}},{"type":"Feature","geometry":{"type":"Point","coordinates":[-101.74719,35.29816]},"properties":{"plant_code":6193,"name":"Harrington","county":"Potter","utility":"Southwestern Public Service Co","balancing_authority":"SWPP","nameplate_mw":1080.0,"max_grid_voltage_kv":230,"technologies":["Natural Gas Steam Turbine"],"note":"Generation capacity + interconnected grid voltage, used as a proxy for nearby transmission density. NOT substation headroom (that data is CEII-restricted, 18 CFR 388.113, and not public) -- treat as an estimate."}},{"type":"Feature","geometry":{"type":"Point","coordinates":[-102.56999,34.18649]},"properties":{"plant_code":6194,"name":"Tolk","county":"Lamb","utility":"Southwestern Public Service Co","balancing_authority":"SWPP","nameplate_mw":1135.8,"max_grid_voltage_kv":230,"technologies":["Conventional Steam Coal"],"note":"Generation capacity + interconnected grid voltage, used as a proxy for nearby transmission density. NOT substation headroom (that data is CEII-restricted, 18 CFR 388.113, and not public) -- treat as an estimate."}},{"type":"Feature","geometry":{"type":"Point","coordinates":[-96.4608,30.7217]},"properties":{"plant_code":6243,"name":"Dansby","county":"Brazos","utility":"City of Bryan - (TX)","balancing_authority":"ERCO","nameplate_mw":203.2,"max_grid_voltage_kv":69,"technologies":["Natural Gas Fired Combustion Turbine","Natural Gas Steam Turbine"],"note":"Generation capacity + interconnected grid voltage, used as a proxy for nearby transmission density. NOT substation headroom (that data is CEII-restricted, 18 CFR 388.113, and not public) -- treat as an estimate."}},{"type":"Feature","geometry":{"type":"Point","coordinates":[-96.0481,28.795]},"properties":{"plant_code":6251,"name":"South Texas Project","county":"Matagorda","utility":"STP Nuclear Operating Co","balancing_authority":"ERCO","nameplate_mw":2708.6,"max_grid_voltage_kv":256,"technologies":["Nuclear"],"note":"Generation capacity + interconnected grid voltage, used as a proxy for nearby transmission density. NOT substation headroom (that data is CEII-restricted, 18 CFR 388.113, and not public) -- treat as an estimate."}},{"type":"Feature","geometry":{"type":"Point","coordinates":[-99.1642,26.5575]},"properties":{"plant_code":6410,"name":"Falcon Dam & Power","county":"Starr","utility":"International Bound & Wtr Comm","balancing_authority":"ERCO","nameplate_mw":31.5,"max_grid_voltage_kv":138,"technologies":["Conventional Hydroelectric"],"note":"Generation capacity + interconnected grid voltage, used as a proxy for nearby transmission density. NOT substation headroom (that data is CEII-restricted, 18 CFR 388.113, and not public) -- treat as an estimate."}},{"type":"Feature","geometry":{"type":"Point","coordinates":[-94.1062,31.06089]},"properties":{"plant_code":6413,"name":"Sam Rayburn Dam","county":"Jasper","utility":"USACE-Fort Worth District","balancing_authority":"MISO","nameplate_mw":52.0,"max_grid_voltage_kv":138,"technologies":["Conventional Hydroelectric"],"note":"Generation capacity + interconnected grid voltage, used as a proxy for nearby transmission density. NOT substation headroom (that data is CEII-restricted, 18 CFR 388.113, and not public) -- treat as an estimate."}},{"type":"Feature","geometry":{"type":"Point","coordinates":[-97.3667,31.8694]},"properties":{"plant_code":6414,"name":"Whitney","county":"Bosque","utility":"USACE-Fort Worth District","balancing_authority":"ERCO","nameplate_mw":41.8,"max_grid_voltage_kv":69,"technologies":["Conventional Hydroelectric"],"note":"Generation capacity + interconnected grid voltage, used as a proxy for nearby transmission density. NOT substation headroom (that data is CEII-restricted, 18 CFR 388.113, and not public) -- treat as an estimate."}},{"type":"Feature","geometry":{"type":"Point","coordinates":[-96.5692,33.8181]},"properties":{"plant_code":6416,"name":"Denison","county":"Grayson","utility":"USCE-Tulsa District","balancing_authority":"ERCO","nameplate_mw":104.3,"max_grid_voltage_kv":138,"technologies":["Conventional Hydroelectric"],"note":"Generation capacity + interconnected grid voltage, used as a proxy for nearby transmission density. NOT substation headroom (that data is CEII-restricted, 18 CFR 388.113, and not public) -- treat as an estimate."}},{"type":"Feature","geometry":{"type":"Point","coordinates":[-93.56588,31.17348]},"properties":{"plant_code":6595,"name":"Toledo Bend","county":"Newton","utility":"Entergy Texas Inc.","balancing_authority":"MISO","nameplate_mw":81.0,"max_grid_voltage_kv":138,"technologies":["Conventional Hydroelectric"],"note":"Generation capacity + interconnected grid voltage, used as a proxy for nearby transmission density. NOT substation headroom (that data is CEII-restricted, 18 CFR 388.113, and not public) -- treat as an estimate."}},{"type":"Feature","geometry":{"type":"Point","coordinates":[-97.06403,30.56587]},"properties":{"plant_code":6648,"name":"Sandow No 4","county":"Milam","utility":"Luminant Generation Company LLC","balancing_authority":"ERCO","nameplate_mw":0.0,"max_grid_voltage_kv":138,"technologies":[],"note":"Generation capacity + interconnected grid voltage, used as a proxy for nearby transmission density. NOT substation headroom (that data is CEII-restricted, 18 CFR 388.113, and not public) -- treat as an estimate."}},{"type":"Feature","geometry":{"type":"Point","coordinates":[-96.69503,31.09192]},"properties":{"plant_code":7030,"name":"Major Oak Power","county":"Robertson","utility":"Major Oak Power, LLC","balancing_authority":"ERCO","nameplate_mw":349.2,"max_grid_voltage_kv":345,"technologies":["Conventional Steam Coal"],"note":"Generation capacity + interconnected grid voltage, used as a proxy for nearby transmission density. NOT substation headroom (that data is CEII-restricted, 18 CFR 388.113, and not public) -- treat as an estimate."}},{"type":"Feature","geometry":{"type":"Point","coordinates":[-98.3203,29.30972]},"properties":{"plant_code":7097,"name":"J K Spruce","county":"Bexar","utility":"City of San Antonio - (TX)","balancing_authority":"ERCO","nameplate_mw":1488.5,"max_grid_voltage_kv":345,"technologies":["Conventional Steam Coal"],"note":"Generation capacity + interconnected grid voltage, used as a proxy for nearby transmission density. NOT substation headroom (that data is CEII-restricted, 18 CFR 388.113, and not public) -- treat as an estimate."}},{"type":"Feature","geometry":{"type":"Point","coordinates":[-94.1756,30.7975]},"properties":{"plant_code":7200,"name":"Robert D Willis","county":"Jasper","utility":"USACE-Fort Worth District","balancing_authority":"MISO","nameplate_mw":8.0,"max_grid_voltage_kv":25,"technologies":["Conventional Hydroelectric"],"note":"Generation capacity + interconnected grid voltage, used as a proxy for nearby transmission density. NOT substation headroom (that data is CEII-restricted, 18 CFR 388.113, and not public) -- treat as an estimate."}},{"type":"Feature","geometry":{"type":"Point","coordinates":[-95.04062,29.69484]},"properties":{"plant_code":7325,"name":"San Jacinto Steam Electric Station","county":"Harris","utility":"NRG Texas Power LLC","balancing_authority":"ERCO","nameplate_mw":176.4,"max_grid_voltage_kv":138,"technologies":["Natural Gas Fired Combustion Turbine"],"note":"Generation capacity + interconnected grid voltage, used as a proxy for nearby transmission density. NOT substation headroom (that data is CEII-restricted, 18 CFR 388.113, and not public) -- treat as an estimate."}},{"type":"Feature","geometry":{"type":"Point","coordinates":[-98.38405,29.25705]},"properties":{"plant_code":7512,"name":"Arthur Von Rosenberg","county":"Bexar","utility":"City of San Antonio - (TX)","balancing_authority":"ERCO","nameplate_mw":575.0,"max_grid_voltage_kv":345,"technologies":["Natural Gas Fired Combined Cycle"],"note":"Generation capacity + interconnected grid voltage, used as a proxy for nearby transmission density. NOT substation headroom (that data is CEII-restricted, 18 CFR 388.113, and not public) -- treat as an estimate."}},{"type":"Feature","geometry":{"type":"Point","coordinates":[-100.84055,35.42361]},"properties":{"plant_code":7678,"name":"Celanese","county":"Gray","utility":"Southwestern Public Service Co","balancing_authority":"SWPP","nameplate_mw":0.0,"max_grid_voltage_kv":69,"technologies":[],"note":"Generation capacity + interconnected grid voltage, used as a proxy for nearby transmission density. NOT substation headroom (that data is CEII-restricted, 18 CFR 388.113, and not public) -- treat as an estimate."}},{"type":"Feature","geometry":{"type":"Point","coordinates":[-97.6129,30.2098]},"properties":{"plant_code":7900,"name":"Sand Hill","county":"Travis","utility":"Austin Energy","balancing_authority":"ERCO","nameplate_mw":696.4,"max_grid_voltage_kv":138,"technologies":["Natural Gas Fired Combined Cycle","Natural Gas Fired Combustion Turbine"],"note":"Generation capacity + interconnected grid voltage, used as a proxy for nearby transmission density. NOT substation headroom (that data is CEII-restricted, 18 CFR 388.113, and not public) -- treat as an estimate."}},{"type":"Feature","geometry":{"type":"Point","coordinates":[-94.4852,32.4607]},"properties":{"plant_code":7902,"name":"Pirkey","county":"Harrison","utility":"Southwestern Electric Power Co","balancing_authority":"SWPP","nameplate_mw":0.0,"max_grid_voltage_kv":138,"technologies":[],"note":"Generation capacity + interconnected grid voltage, used as a proxy for nearby transmission density. NOT substation headroom (that data is CEII-restricted, 18 CFR 388.113, and not public) -- treat as an estimate."}},{"type":"Feature","geometry":{"type":"Point","coordinates":[-97.70056,32.40306]},"properties":{"plant_code":8063,"name":"DeCordova Steam Electric Station","county":"Hood","utility":"Luminant Generation Company LLC","balancing_authority":"ERCO","nameplate_mw":626.7,"max_grid_voltage_kv":345,"technologies":["Batteries","Natural Gas Fired Combustion Turbine"],"note":"Generation capacity + interconnected grid voltage, used as a proxy for nearby transmission density. NOT substation headroom (that data is CEII-restricted, 18 CFR 388.113, and not public) -- treat as an estimate."}},{"type":"Feature","geometry":{"type":"Point","coordinates":[-101.432,35.66704]},"properties":{"plant_code":10072,"name":"Engineered Carbons Borger Cogen","county":"Hutchinson","utility":"Orion Engineered Carbons","balancing_authority":"SWPP","nameplate_mw":20.0,"max_grid_voltage_kv":69,"technologies":["Other Gases"],"note":"Generation capacity + interconnected grid voltage, used as a proxy for nearby transmission density. NOT substation headroom (that data is CEII-restricted, 18 CFR 388.113, and not public) -- treat as an estimate."}},{"type":"Feature","geometry":{"type":"Point","coordinates":[-95.1952,29.2293]},"properties":{"plant_code":10154,"name":"Power Island","county":"Brazoria","utility":"INEOS USA LLC","balancing_authority":"ERCO","nameplate_mw":141.0,"max_grid_voltage_kv":138,"technologies":["Natural Gas Fired Combustion Turbine"],"note":"Generation capacity + interconnected grid voltage, used as a proxy for nearby transmission density. NOT substation headroom (that data is CEII-restricted, 18 CFR 388.113, and not public) -- treat as an estimate."}},{"type":"Feature","geometry":{"type":"Point","coordinates":[-96.79415,28.51393]},"properties":{"plant_code":10167,"name":"Seadrift Coke LP","county":"Calhoun","utility":"Seadrift Coke L P","balancing_authority":"ERCO","nameplate_mw":7.6,"max_grid_voltage_kv":200,"technologies":["All Other"],"note":"Generation capacity + interconnected grid voltage, used as a proxy for nearby transmission density. NOT substation headroom (that data is CEII-restricted, 18 CFR 388.113, and not public) -- treat as an estimate."}},{"type":"Feature","geometry":{"type":"Point","coordinates":[-97.84259,30.39735]},"properties":{"plant_code":10184,"name":"Central Utility Plant","county":"Travis","utility":"Silicon Hills Campus, LLC","balancing_authority":"ERCO","nameplate_mw":14.3,"max_grid_voltage_kv":15,"technologies":["Natural Gas Internal Combustion Engine","Natural Gas Steam Turbine"],"note":"Generation capacity + interconnected grid voltage, used as a proxy for nearby transmission density. NOT substation headroom (that data is CEII-restricted, 18 CFR 388.113, and not public) -- treat as an estimate."}},{"type":"Feature","geometry":{"type":"Point","coordinates":[-93.7206,30.1525]},"properties":{"plant_code":10187,"name":"Engineered Carbons Echo Cogeneration","county":"Orange","utility":"Orion Engineered Carbons","balancing_authority":"MISO","nameplate_mw":0.0,"max_grid_voltage_kv":69,"technologies":[],"note":"Generation capacity + interconnected grid voltage, used as a proxy for nearby transmission density. NOT substation headroom (that data is CEII-restricted, 18 CFR 388.113, and not public) -- treat as an estimate."}},{"type":"Feature","geometry":{"type":"Point","coordinates":[-97.4442,27.8114]},"properties":{"plant_code":10203,"name":"Valero Refinery Corpus Christi East","county":"Nueces","utility":"Valero Refining Co","balancing_authority":"ERCO","nameplate_mw":0.0,"max_grid_voltage_kv":138,"technologies":[],"note":"Generation capacity + interconnected grid voltage, used as a proxy for nearby transmission density. NOT substation headroom (that data is CEII-restricted, 18 CFR 388.113, and not public) -- treat as an estimate."}},{"type":"Feature","geometry":{"type":"Point","coordinates":[-97.8228,27.5697]},"properties":{"plant_code":10243,"name":"Ticona Polymers Inc","county":"Nueces","utility":"Ticona Polymers Inc","balancing_authority":"ERCO","nameplate_mw":44.2,"max_grid_voltage_kv":138,"technologies":["Natural Gas Fired Combustion Turbine"],"note":"Generation capacity + interconnected grid voltage, used as a proxy for nearby transmission density. NOT substation headroom (that data is CEII-restricted, 18 CFR 388.113, and not public) -- treat as an estimate."}},{"type":"Feature","geometry":{"type":"Point","coordinates":[-94.9197,29.8247]},"properties":{"plant_code":10261,"name":"Enterprise Products Operating","county":"Chambers","utility":"Enterprise Products Optg LP","balancing_authority":"ERCO","nameplate_mw":20.7,"max_grid_voltage_kv":138,"technologies":["Natural Gas Fired Combustion Turbine"],"note":"Generation capacity + interconnected grid voltage, used as a proxy for nearby transmission density. NOT substation headroom (that data is CEII-restricted, 18 CFR 388.113, and not public) -- treat as an estimate."}},{"type":"Feature","geometry":{"type":"Point","coordinates":[-95.0458,29.6225]},"properties":{"plant_code":10298,"name":"Bayou Cogen Plant","county":"Harris","utility":"Air Liquide Large Industries U S LP","balancing_authority":"ERCO","nameplate_mw":318.4,"max_grid_voltage_kv":138,"technologies":["Natural Gas Fired Combustion Turbine"],"note":"Generation capacity + interconnected grid voltage, used as a proxy for nearby transmission density. NOT substation headroom (that data is CEII-restricted, 18 CFR 388.113, and not public) -- treat as an estimate."}},{"type":"Feature","geometry":{"type":"Point","coordinates":[-95.2103,29.2558]},"properties":{"plant_code":10418,"name":"Ascend Performance Materials Texas Inc.","county":"Brazoria","utility":"Ascend Performance Materials","balancing_authority":"ERCO","nameplate_mw":52.1,"max_grid_voltage_kv":138,"technologies":["Natural Gas Steam Turbine"],"note":"Generation capacity + interconnected grid voltage, used as a proxy for nearby transmission density. NOT substation headroom (that data is CEII-restricted, 18 CFR 388.113, and not public) -- treat as an estimate."}},{"type":"Feature","geometry":{"type":"Point","coordinates":[-93.7422,30.2178]},"properties":{"plant_code":10425,"name":"USG Paper, LLC - Orange Mill","county":"Orange","utility":"USG Paper LLC","balancing_authority":"MISO","nameplate_mw":48.0,"max_grid_voltage_kv":13.8,"technologies":["Wood/Wood Waste Biomass"],"note":"Generation capacity + interconnected grid voltage, used as a proxy for nearby transmission density. NOT substation headroom (that data is CEII-restricted, 18 CFR 388.113, and not public) -- treat as an estimate."}},{"type":"Feature","geometry":{"type":"Point","coordinates":[-94.99728,29.75352]},"properties":{"plant_code":10436,"name":"ExxonMobil Baytown Refinery","county":"Harris","utility":"Exxon Mobil Refining and Supply Co.","balancing_authority":"ERCO","nameplate_mw":209.3,"max_grid_voltage_kv":138,"technologies":["All Other","Natural Gas Fired Combustion Turbine"],"note":"Generation capacity + interconnected grid voltage, used as a proxy for nearby transmission density. NOT substation headroom (that data is CEII-restricted, 18 CFR 388.113, and not public) -- treat as an estimate."}},{"type":"Feature","geometry":{"type":"Point","coordinates":[-96.5417,28.6917]},"properties":{"plant_code":10554,"name":"Formosa Utility Venture Ltd","county":"Calhoun","utility":"Formosa Plastics Corp","balancing_authority":"ERCO","nameplate_mw":933.4,"max_grid_voltage_kv":138,"technologies":["Natural Gas Fired Combined Cycle"],"note":"Generation capacity + interconnected grid voltage, used as a proxy for nearby transmission density. NOT substation headroom (that data is CEII-restricted, 18 CFR 388.113, and not public) -- treat as an estimate."}},{"type":"Feature","geometry":{"type":"Point","coordinates":[-93.89128,29.96494]},"properties":{"plant_code":10568,"name":"Port Arthur Texas Refinery","county":"Jefferson","utility":"Total Petrochemicals USA Inc","balancing_authority":"MISO","nameplate_mw":38.4,"max_grid_voltage_kv":230,"technologies":["Natural Gas Fired Combustion Turbine"],"note":"Generation capacity + interconnected grid voltage, used as a proxy for nearby transmission density. NOT substation headroom (that data is CEII-restricted, 18 CFR 388.113, and not public) -- treat as an estimate."}},{"type":"Feature","geometry":{"type":"Point","coordinates":[-95.1908,29.7172]},"properties":{"plant_code":10638,"name":"Pasadena","county":"Harris","utility":"Air Products LLC","balancing_authority":"ERCO","nameplate_mw":0.0,"max_grid_voltage_kv":138,"technologies":[],"note":"Generation capacity + interconnected grid voltage, used as a proxy for nearby transmission density. NOT substation headroom (that data is CEII-restricted, 18 CFR 388.113, and not public) -- treat as an estimate."}},{"type":"Feature","geometry":{"type":"Point","coordinates":[-95.00965,29.75912]},"properties":{"plant_code":10692,"name":"ExxonMobil Baytown Turbine","county":"Harris","utility":"Exxon Mobil Refining and Supply Co.","balancing_authority":"ERCO","nameplate_mw":381.8,"max_grid_voltage_kv":138,"technologies":["Natural Gas Fired Combustion Turbine"],"note":"Generation capacity + interconnected grid voltage, used as a proxy for nearby transmission density. NOT substation headroom (that data is CEII-restricted, 18 CFR 388.113, and not public) -- treat as an estimate."}},{"type":"Feature","geometry":{"type":"Point","coordinates":[-93.7579,30.0552]},"properties":{"plant_code":10789,"name":"Sabine River Operations","county":"Orange","utility":"The Dow Chemical Company","balancing_authority":"MISO","nameplate_mw":594.9,"max_grid_voltage_kv":138,"technologies":["Natural Gas Fired Combined Cycle"],"note":"Generation capacity + interconnected grid voltage, used as a proxy for nearby transmission density. NOT substation headroom (that data is CEII-restricted, 18 CFR 388.113, and not public) -- treat as an estimate."}},{"type":"Feature","geometry":{"type":"Point","coordinates":[-96.95601,28.67509]},"properties":{"plant_code":10790,"name":"Victoria Texas Plant","county":"Victoria","utility":"Invista","balancing_authority":"ERCO","nameplate_mw":102.4,"max_grid_voltage_kv":138,"technologies":["Natural Gas Fired Combustion Turbine"],"note":"Generation capacity + interconnected grid voltage, used as a proxy for nearby transmission density. NOT substation headroom (that data is CEII-restricted, 18 CFR 388.113, and not public) -- treat as an estimate."}},{"type":"Feature","geometry":{"type":"Point","coordinates":[-97.5281,27.8322]},"properties":{"plant_code":50026,"name":"Corpus Refinery","county":"Nueces","utility":"Flint Hills Resources Corpus Christi LLC","balancing_authority":"ERCO","nameplate_mw":74.5,"max_grid_voltage_kv":69,"technologies":["Natural Gas Fired Combustion Turbine","Solar Photovoltaic"],"note":"Generation capacity + interconnected grid voltage, used as a proxy for nearby transmission density. NOT substation headroom (that data is CEII-restricted, 18 CFR 388.113, and not public) -- treat as an estimate."}},{"type":"Feature","geometry":{"type":"Point","coordinates":[-95.0839,29.7314]},"properties":{"plant_code":50043,"name":"Houston Chemical Complex Battleground","county":"Harris","utility":"Oxy Vinyls LP","balancing_authority":"ERCO","nameplate_mw":380.7,"max_grid_voltage_kv":142,"technologies":["Natural Gas Fired Combined Cycle"],"note":"Generation capacity + interconnected grid voltage, used as a proxy for nearby transmission density. NOT substation headroom (that data is CEII-restricted, 18 CFR 388.113, and not public) -- treat as an estimate."}},{"type":"Feature","geometry":{"type":"Point","coordinates":[-95.39536,29.72105]},"properties":{"plant_code":50054,"name":"Rice University","county":"Harris","utility":"Rice University","balancing_authority":"ERCO","nameplate_mw":6.9,"max_grid_voltage_kv":15,"technologies":["Natural Gas Fired Combustion Turbine"],"note":"Generation capacity + interconnected grid voltage, used as a proxy for nearby transmission density. NOT substation headroom (that data is CEII-restricted, 18 CFR 388.113, and not public) -- treat as an estimate."}},{"type":"Feature","geometry":{"type":"Point","coordinates":[-101.4354,35.6647]},"properties":{"plant_code":50067,"name":"Borger Plant","county":"Hutchinson","utility":"Sid Richardson Carbon Ltd","balancing_authority":"SWPP","nameplate_mw":30.0,"max_grid_voltage_kv":69,"technologies":["Other Gases"],"note":"Generation capacity + interconnected grid voltage, used as a proxy for nearby transmission density. NOT substation headroom (that data is CEII-restricted, 18 CFR 388.113, and not public) -- treat as an estimate."}},{"type":"Feature","geometry":{"type":"Point","coordinates":[-94.0656,30.3419]},"properties":{"plant_code":50101,"name":"WestRock (TX)","county":"Jasper","utility":"WestRock (TX)","balancing_authority":"MISO","nameplate_mw":57.7,"max_grid_voltage_kv":138,"technologies":["Wood/Wood Waste Biomass"],"note":"Generation capacity + interconnected grid voltage, used as a proxy for nearby transmission density. NOT substation headroom (that data is CEII-restricted, 18 CFR 388.113, and not public) -- treat as an estimate."}},{"type":"Feature","geometry":{"type":"Point","coordinates":[-95.5577,33.6968]},"properties":{"plant_code":50109,"name":"Paris Energy Center","county":"Lamar","utility":"Paris Generation LP","balancing_authority":"ERCO","nameplate_mw":265.6,"max_grid_voltage_kv":138,"technologies":["Natural Gas Fired Combined Cycle"],"note":"Generation capacity + interconnected grid voltage, used as a proxy for nearby transmission density. NOT substation headroom (that data is CEII-restricted, 18 CFR 388.113, and not public) -- treat as an estimate."}},{"type":"Feature","geometry":{"type":"Point","coordinates":[-97.7356,30.2867]},"properties":{"plant_code":50118,"name":"Hal C Weaver Power Plant","county":"Travis","utility":"University of Texas at Austin","balancing_authority":"ERCO","nameplate_mw":152.5,"max_grid_voltage_kv":69,"technologies":["Natural Gas Fired Combined Cycle"],"note":"Generation capacity + interconnected grid voltage, used as a proxy for nearby transmission density. NOT substation headroom (that data is CEII-restricted, 18 CFR 388.113, and not public) -- treat as an estimate."}},{"type":"Feature","geometry":{"type":"Point","coordinates":[-97.4814,27.8175]},"properties":{"plant_code":50121,"name":"Valero Refinery Corpus Christi West","county":"Nueces","utility":"Valero Refining Co","balancing_authority":"ERCO","nameplate_mw":69.2,"max_grid_voltage_kv":138,"technologies":["All Other","Petroleum Coke"],"note":"Generation capacity + interconnected grid voltage, used as a proxy for nearby transmission density. NOT substation headroom (that data is CEII-restricted, 18 CFR 388.113, and not public) -- treat as an estimate."}},{"type":"Feature","geometry":{"type":"Point","coordinates":[-98.5894,33.8625]},"properties":{"plant_code":50127,"name":"Signal Hill Generating LLC","county":"Wichita","utility":"Signal Hill Generating LLC","balancing_authority":"ERCO","nameplate_mw":80.0,"max_grid_voltage_kv":140,"technologies":["Natural Gas Fired Combined Cycle"],"note":"Generation capacity + interconnected grid voltage, used as a proxy for nearby transmission density. NOT substation headroom (that data is CEII-restricted, 18 CFR 388.113, and not public) -- treat as an estimate."}},{"type":"Feature","geometry":{"type":"Point","coordinates":[-95.8997,29.2639]},"properties":{"plant_code":50137,"name":"Texas Gulf Sulphur","county":"Wharton","utility":"Wharton County Generation LLC","balancing_authority":"ERCO","nameplate_mw":101.9,"max_grid_voltage_kv":138,"technologies":["Natural Gas Fired Combustion Turbine"],"note":"Generation capacity + interconnected grid voltage, used as a proxy for nearby transmission density. NOT substation headroom (that data is CEII-restricted, 18 CFR 388.113, and not public) -- treat as an estimate."}},{"type":"Feature","geometry":{"type":"Point","coordinates":[-94.37389,32.57472]},"properties":{"plant_code":50141,"name":"Snider Industries","county":"Harrison","utility":"Snider Industries Inc","balancing_authority":"SWPP","nameplate_mw":5.0,"max_grid_voltage_kv":12.47,"technologies":["Wood/Wood Waste Biomass"],"note":"Generation capacity + interconnected grid voltage, used as a proxy for nearby transmission density. NOT substation headroom (that data is CEII-restricted, 18 CFR 388.113, and not public) -- treat as an estimate."}},{"type":"Feature","geometry":{"type":"Point","coordinates":[-96.7706,28.5105]},"properties":{"plant_code":50150,"name":"Union Carbide Seadrift Cogen","county":"Calhoun","utility":"Union Carbide Corp-Seadrift","balancing_authority":"ERCO","nameplate_mw":168.0,"max_grid_voltage_kv":69,"technologies":["Natural Gas Fired Combustion Turbine","Natural Gas Steam Turbine"],"note":"Generation capacity + interconnected grid voltage, used as a proxy for nearby transmission density. NOT substation headroom (that data is CEII-restricted, 18 CFR 388.113, and not public) -- treat as an estimate."}},{"type":"Feature","geometry":{"type":"Point","coordinates":[-94.94648,29.37612]},"properties":{"plant_code":50153,"name":"Texas City Plant Union Carbide","county":"Galveston","utility":"Union Carbide Corp-Texas City","balancing_authority":"ERCO","nameplate_mw":25.8,"max_grid_voltage_kv":138,"technologies":["All Other"],"note":"Generation capacity + interconnected grid voltage, used as a proxy for nearby transmission density. NOT substation headroom (that data is CEII-restricted, 18 CFR 388.113, and not public) -- treat as an estimate."}},{"type":"Feature","geometry":{"type":"Point","coordinates":[-95.2547,29.6981]},"properties":{"plant_code":50229,"name":"Texas Petrochemicals","county":"Harris","utility":"TPC Group, LLC","balancing_authority":"ERCO","nameplate_mw":35.0,"max_grid_voltage_kv":69,"technologies":["Natural Gas Steam Turbine"],"note":"Generation capacity + interconnected grid voltage, used as a proxy for nearby transmission density. NOT substation headroom (that data is CEII-restricted, 18 CFR 388.113, and not public) -- treat as an estimate."}},{"type":"Feature","geometry":{"type":"Point","coordinates":[-106.5014,31.7697]},"properties":{"plant_code":50241,"name":"Tenet Hospital","county":"El Paso","utility":"Tenet Hospital Ltd","balancing_authority":"EPE","nameplate_mw":4.2,"max_grid_voltage_kv":13.8,"technologies":["Natural Gas Internal Combustion Engine"],"note":"Generation capacity + interconnected grid voltage, used as a proxy for nearby transmission density. NOT substation headroom (that data is CEII-restricted, 18 CFR 388.113, and not public) -- treat as an estimate."}},{"type":"Feature","geometry":{"type":"Point","coordinates":[-95.12886,29.72319]},"properties":{"plant_code":50304,"name":"Shell Deer Park","county":"Harris","utility":"Deer Park Refinery Limited Partnership (DPRLP)","balancing_authority":"ERCO","nameplate_mw":274.0,"max_grid_voltage_kv":138,"technologies":["All Other","Natural Gas Fired Combustion Turbine"],"note":"Generation capacity + interconnected grid voltage, used as a proxy for nearby transmission density. NOT substation headroom (that data is CEII-restricted, 18 CFR 388.113, and not public) -- treat as an estimate."}},{"type":"Feature","geometry":{"type":"Point","coordinates":[-96.8333,28.5707]},"properties":{"plant_code":50404,"name":"BP Chemicals Green Lake Plant","county":"Calhoun","utility":"INEOS Nitriles Greenlake","balancing_authority":"ERCO","nameplate_mw":38.8,"max_grid_voltage_kv":138,"technologies":["All Other"],"note":"Generation capacity + interconnected grid voltage, used as a proxy for nearby transmission density. NOT substation headroom (that data is CEII-restricted, 18 CFR 388.113, and not public) -- treat as an estimate."}},{"type":"Feature","geometry":{"type":"Point","coordinates":[-95.11278,29.71]},"properties":{"plant_code":50471,"name":"Deer Park Plant","county":"Harris","utility":"Oxy Vinyls LP","balancing_authority":"","nameplate_mw":0.0,"max_grid_voltage_kv":null,"technologies":[],"note":"Generation capacity + interconnected grid voltage, used as a proxy for nearby transmission density. NOT substation headroom (that data is CEII-restricted, 18 CFR 388.113, and not public) -- treat as an estimate."}},{"type":"Feature","geometry":{"type":"Point","coordinates":[-97.59581,27.81108]},"properties":{"plant_code":50475,"name":"Corpus Christi","county":"Nueces","utility":"Equistar Chemicals LP","balancing_authority":"ERCO","nameplate_mw":41.0,"max_grid_voltage_kv":138,"technologies":["Natural Gas Fired Combustion Turbine"],"note":"Generation capacity + interconnected grid voltage, used as a proxy for nearby transmission density. NOT substation headroom (that data is CEII-restricted, 18 CFR 388.113, and not public) -- treat as an estimate."}},{"type":"Feature","geometry":{"type":"Point","coordinates":[-96.96199,33.01965]},"properties":{"plant_code":50569,"name":"DFW Gas Recovery","county":"Denton","utility":"WM Renewable Energy LLC","balancing_authority":"ERCO","nameplate_mw":0.0,"max_grid_voltage_kv":26,"technologies":[],"note":"Generation capacity + interconnected grid voltage, used as a proxy for nearby transmission density. NOT substation headroom (that data is CEII-restricted, 18 CFR 388.113, and not public) -- treat as an estimate."}},{"type":"Feature","geometry":{"type":"Point","coordinates":[-100.36497,32.49283]},"properties":{"plant_code":50615,"name":"TXU Sweetwater Generating Plant","county":"Nolan","utility":"Luminant Generation Company LLC","balancing_authority":"ERCO","nameplate_mw":0.0,"max_grid_voltage_kv":345,"technologies":[],"note":"Generation capacity + interconnected grid voltage, used as a proxy for nearby transmission density. NOT substation headroom (that data is CEII-restricted, 18 CFR 388.113, and not public) -- treat as an estimate."}},{"type":"Feature","geometry":{"type":"Point","coordinates":[-94.0753,30.0636]},"properties":{"plant_code":50625,"name":"ExxonMobil Beaumont Refinery","county":"Jefferson","utility":"ExxonMobil Oil Corp","balancing_authority":"MISO","nameplate_mw":677.8,"max_grid_voltage_kv":138,"technologies":["Natural Gas Fired Combustion Turbine","Natural Gas Steam Turbine","Other Gases"],"note":"Generation capacity + interconnected grid voltage, used as a proxy for nearby transmission density. NOT substation headroom (that data is CEII-restricted, 18 CFR 388.113, and not public) -- treat as an estimate."}},{"type":"Feature","geometry":{"type":"Point","coordinates":[-95.10773,29.8161]},"properties":{"plant_code":50815,"name":"Odyssey Energy Altura Cogen, LLC","county":"Harris","utility":"Odyssey Operating Services","balancing_authority":"ERCO","nameplate_mw":643.6,"max_grid_voltage_kv":138,"technologies":["Natural Gas Fired Combined Cycle"],"note":"Generation capacity + interconnected grid voltage, used as a proxy for nearby transmission density. NOT substation headroom (that data is CEII-restricted, 18 CFR 388.113, and not public) -- treat as an estimate."}},{"type":"Feature","geometry":{"type":"Point","coordinates":[-93.95098,29.88846]},"properties":{"plant_code":50973,"name":"Motiva Enterprises Port Arthur Refinery","county":"Jefferson","utility":"Motiva Enterprises LLC","balancing_authority":"MISO","nameplate_mw":276.8,"max_grid_voltage_kv":230,"technologies":["Natural Gas Fired Combined Cycle","Natural Gas Fired Combustion Turbine","Other Gases"],"note":"Generation capacity + interconnected grid voltage, used as a proxy for nearby transmission density. NOT substation headroom (that data is CEII-restricted, 18 CFR 388.113, and not public) -- treat as an estimate."}},{"type":"Feature","geometry":{"type":"Point","coordinates":[-95.27056,29.71977]},"properties":{"plant_code":52065,"name":"Houston Plant","county":"Harris","utility":"Eco Services Corp.","balancing_authority":"ERCO","nameplate_mw":7.5,"max_grid_voltage_kv":12.47,"technologies":["All Other"],"note":"Generation capacity + interconnected grid voltage, used as a proxy for nearby transmission density. NOT substation headroom (that data is CEII-restricted, 18 CFR 388.113, and not public) -- treat as an estimate."}},{"type":"Feature","geometry":{"type":"Point","coordinates":[-97.0614,30.5681]},"properties":{"plant_code":52071,"name":"Sandow No 5","county":"Milam","utility":"Luminant Generation Company LLC","balancing_authority":"ERCO","nameplate_mw":0.0,"max_grid_voltage_kv":138,"technologies":[],"note":"Generation capacity + interconnected grid voltage, used as a proxy for nearby transmission density. NOT substation headroom (that data is CEII-restricted, 18 CFR 388.113, and not public) -- treat as an estimate."}},{"type":"Feature","geometry":{"type":"Point","coordinates":[-94.94383,29.3787]},"properties":{"plant_code":52088,"name":"Texas City Power Plant","county":"Galveston","utility":"Texas City Cogeneration LLC","balancing_authority":"ERCO","nameplate_mw":450.0,"max_grid_voltage_kv":138,"technologies":["Natural Gas Fired Combined Cycle"],"note":"Generation capacity + interconnected grid voltage, used as a proxy for nearby transmission density. NOT substation headroom (that data is CEII-restricted, 18 CFR 388.113, and not public) -- treat as an estimate."}},{"type":"Feature","geometry":{"type":"Point","coordinates":[-95.40748,28.99129]},"properties":{"plant_code":52120,"name":"Freeport Energy","county":"Brazoria","utility":"Olin Blue Cube Operations","balancing_authority":"ERCO","nameplate_mw":603.1,"max_grid_voltage_kv":345,"technologies":["Natural Gas Fired Combined Cycle"],"note":"Generation capacity + interconnected grid voltage, used as a proxy for nearby transmission density. NOT substation headroom (that data is CEII-restricted, 18 CFR 388.113, and not public) -- treat as an estimate."}},{"type":"Feature","geometry":{"type":"Point","coordinates":[-102.75695,33.00994]},"properties":{"plant_code":52122,"name":"Wasson CO2 Removal Plant","county":"Yoakum","utility":"Occidental Permian Ltd","balancing_authority":"SWPP","nameplate_mw":23.4,"max_grid_voltage_kv":230,"technologies":["Natural Gas Fired Combustion Turbine"],"note":"Generation capacity + interconnected grid voltage, used as a proxy for nearby transmission density. NOT substation headroom (that data is CEII-restricted, 18 CFR 388.113, and not public) -- treat as an estimate."}},{"type":"Feature","geometry":{"type":"Point","coordinates":[-94.91667,29.37944]},"properties":{"plant_code":52131,"name":"Power Station 3","county":"Galveston","utility":"South Houston Green Power LLC","balancing_authority":"","nameplate_mw":0.0,"max_grid_voltage_kv":null,"technologies":[],"note":"Generation capacity + interconnected grid voltage, used as a proxy for nearby transmission density. NOT substation headroom (that data is CEII-restricted, 18 CFR 388.113, and not public) -- treat as an estimate."}},{"type":"Feature","geometry":{"type":"Point","coordinates":[-94.92195,29.37816]},"properties":{"plant_code":52132,"name":"Power Station 4","county":"Galveston","utility":"South Houston Green Power LLC","balancing_authority":"ERCO","nameplate_mw":191.1,"max_grid_voltage_kv":138,"technologies":["Natural Gas Fired Combined Cycle"],"note":"Generation capacity + interconnected grid voltage, used as a proxy for nearby transmission density. NOT substation headroom (that data is CEII-restricted, 18 CFR 388.113, and not public) -- treat as an estimate."}},{"type":"Feature","geometry":{"type":"Point","coordinates":[-101.42239,32.27318]},"properties":{"plant_code":52176,"name":"C R Wing Cogen Plant","county":"Howard","utility":"BHER Power Resources, Inc","balancing_authority":"ERCO","nameplate_mw":169.8,"max_grid_voltage_kv":345,"technologies":["Natural Gas Fired Combustion Turbine"],"note":"Generation capacity + interconnected grid voltage, used as a proxy for nearby transmission density. NOT substation headroom (that data is CEII-restricted, 18 CFR 388.113, and not public) -- treat as an estimate."}},{"type":"Feature","geometry":{"type":"Point","coordinates":[-94.0696,33.2553]},"properties":{"plant_code":54097,"name":"International Paper Texarkana Mill","county":"Cass","utility":"Graphic Packaging International - Texarkana","balancing_authority":"SWPP","nameplate_mw":65.0,"max_grid_voltage_kv":138,"technologies":["Wood/Wood Waste Biomass"],"note":"Generation capacity + interconnected grid voltage, used as a proxy for nearby transmission density. NOT substation headroom (that data is CEII-restricted, 18 CFR 388.113, and not public) -- treat as an estimate."}},{"type":"Feature","geometry":{"type":"Point","coordinates":[-94.2142,29.9728]},"properties":{"plant_code":54321,"name":"Chickadee G-3","county":"Jefferson","utility":"Chickadee 3-G Purchaser LLC","balancing_authority":"MISO","nameplate_mw":34.8,"max_grid_voltage_kv":69,"technologies":["Natural Gas Fired Combustion Turbine","Natural Gas Steam Turbine"],"note":"Generation capacity + interconnected grid voltage, used as a proxy for nearby transmission density. NOT substation headroom (that data is CEII-restricted, 18 CFR 388.113, and not public) -- treat as an estimate."}},{"type":"Feature","geometry":{"type":"Point","coordinates":[-95.63825,29.72602]},"properties":{"plant_code":54330,"name":"Westhollow Technology Center","county":"Harris","utility":"Shell Chemical LP","balancing_authority":"ERCO","nameplate_mw":3.7,"max_grid_voltage_kv":12.47,"technologies":["Natural Gas Fired Combustion Turbine"],"note":"Generation capacity + interconnected grid voltage, used as a proxy for nearby transmission density. NOT substation headroom (that data is CEII-restricted, 18 CFR 388.113, and not public) -- treat as an estimate."}},{"type":"Feature","geometry":{"type":"Point","coordinates":[-98.55354,34.00349]},"properties":{"plant_code":54364,"name":"Works 4","county":"Wichita","utility":"Vitro Architectural Glass","balancing_authority":"ERCO","nameplate_mw":4.9,"max_grid_voltage_kv":138,"technologies":["Petroleum Liquids"],"note":"Generation capacity + interconnected grid voltage, used as a proxy for nearby transmission density. NOT substation headroom (that data is CEII-restricted, 18 CFR 388.113, and not public) -- treat as an estimate."}},{"type":"Feature","geometry":{"type":"Point","coordinates":[-97.14209,32.77509]},"properties":{"plant_code":54520,"name":"Village Creek Water Reclamation Facility","county":"Tarrant","utility":"Ft Worth, City of - (TX)","balancing_authority":"ERCO","nameplate_mw":12.4,"max_grid_voltage_kv":12.5,"technologies":["Natural Gas Fired Combustion Turbine","Natural Gas Internal Combustion Engine"],"note":"Generation capacity + interconnected grid voltage, used as a proxy for nearby transmission density. NOT substation headroom (that data is CEII-restricted, 18 CFR 388.113, and not public) -- treat as an estimate."}},{"type":"Feature","geometry":{"type":"Point","coordinates":[-106.39131,31.76446]},"properties":{"plant_code":54628,"name":"Phelps Dodge Refining","county":"El Paso","utility":"Phelps Dodge Refining Corp","balancing_authority":"EPE","nameplate_mw":19.6,"max_grid_voltage_kv":13.8,"technologies":["Natural Gas Fired Combustion Turbine"],"note":"Generation capacity + interconnected grid voltage, used as a proxy for nearby transmission density. NOT substation headroom (that data is CEII-restricted, 18 CFR 388.113, and not public) -- treat as an estimate."}},{"type":"Feature","geometry":{"type":"Point","coordinates":[-93.92974,29.9635]},"properties":{"plant_code":54637,"name":"JCO Oxides Olefins Plant","county":"Jefferson","utility":"Indorama Ventures","balancing_authority":"MISO","nameplate_mw":73.8,"max_grid_voltage_kv":69,"technologies":["Natural Gas Fired Combustion Turbine"],"note":"Generation capacity + interconnected grid voltage, used as a proxy for nearby transmission density. NOT substation headroom (that data is CEII-restricted, 18 CFR 388.113, and not public) -- treat as an estimate."}},{"type":"Feature","geometry":{"type":"Point","coordinates":[-95.342,28.9802]},"properties":{"plant_code":54676,"name":"Oyster Creek Unit VIII","county":"Brazoria","utility":"Dow Chemical Company-Oyster Creek VIII","balancing_authority":"ERCO","nameplate_mw":497.9,"max_grid_voltage_kv":138,"technologies":["Natural Gas Fired Combined Cycle"],"note":"Generation capacity + interconnected grid voltage, used as a proxy for nearby transmission density. NOT substation headroom (that data is CEII-restricted, 18 CFR 388.113, and not public) -- treat as an estimate."}},{"type":"Feature","geometry":{"type":"Point","coordinates":[-93.95229,29.97876]},"properties":{"plant_code":54748,"name":"Port Neches Plant","county":"Jefferson","utility":"Air Liquide Large Industries U S LP","balancing_authority":"MISO","nameplate_mw":0.0,"max_grid_voltage_kv":69,"technologies":[],"note":"Generation capacity + interconnected grid voltage, used as a proxy for nearby transmission density. NOT substation headroom (that data is CEII-restricted, 18 CFR 388.113, and not public) -- treat as an estimate."}},{"type":"Feature","geometry":{"type":"Point","coordinates":[-97.4078,32.3994]},"properties":{"plant_code":54817,"name":"Johnson County","county":"Johnson","utility":"Johnson County Power LLC","balancing_authority":"ERCO","nameplate_mw":282.6,"max_grid_voltage_kv":138,"technologies":["Natural Gas Fired Combined Cycle"],"note":"Generation capacity + interconnected grid voltage, used as a proxy for nearby transmission density. NOT substation headroom (that data is CEII-restricted, 18 CFR 388.113, and not public) -- treat as an estimate."}},{"type":"Feature","geometry":{"type":"Point","coordinates":[-95.20639,32.60778]},"properties":{"plant_code":54962,"name":"ExxonMobil Hawkins Gas Plant","county":"Wood","utility":"Exxon Mobil Production Co","balancing_authority":"","nameplate_mw":0.0,"max_grid_voltage_kv":null,"technologies":[],"note":"Generation capacity + interconnected grid voltage, used as a proxy for nearby transmission density. NOT substation headroom (that data is CEII-restricted, 18 CFR 388.113, and not public) -- treat as an estimate."}},{"type":"Feature","geometry":{"type":"Point","coordinates":[-101.38833,32.2075]},"properties":{"plant_code":54979,"name":"Big Spring Wind Power Facility","county":"Howard","utility":"Terra-Gen Operating Co-Wind","balancing_authority":"ERCO","nameplate_mw":34.3,"max_grid_voltage_kv":66,"technologies":["Onshore Wind Turbine"],"note":"Generation capacity + interconnected grid voltage, used as a proxy for nearby transmission density. NOT substation headroom (that data is CEII-restricted, 18 CFR 388.113, and not public) -- treat as an estimate."}},{"type":"Feature","geometry":{"type":"Point","coordinates":[-95.745,29.0728]},"properties":{"plant_code":55015,"name":"Sweeny Cogen Facility","county":"Brazoria","utility":"Sweeny Cogeneration LLC","balancing_authority":"ERCO","nameplate_mw":572.0,"max_grid_voltage_kv":138,"technologies":["Natural Gas Fired Combustion Turbine"],"note":"Generation capacity + interconnected grid voltage, used as a proxy for nearby transmission density. NOT substation headroom (that data is CEII-restricted, 18 CFR 388.113, and not public) -- treat as an estimate."}},{"type":"Feature","geometry":{"type":"Point","coordinates":[-95.17648,29.72475]},"properties":{"plant_code":55047,"name":"Pasadena Cogeneration","county":"Harris","utility":"Pasadena Cogeneration LP","balancing_authority":"ERCO","nameplate_mw":815.0,"max_grid_voltage_kv":138,"technologies":["Natural Gas Fired Combined Cycle"],"note":"Generation capacity + interconnected grid voltage, used as a proxy for nearby transmission density. NOT substation headroom (that data is CEII-restricted, 18 CFR 388.113, and not public) -- treat as an estimate."}},{"type":"Feature","geometry":{"type":"Point","coordinates":[-100.6917,32.05]},"properties":{"plant_code":55052,"name":"Jameson Gas Processing Plant","county":"Coke","utility":"WTG Jameson, L.P.","balancing_authority":"ERCO","nameplate_mw":1.8,"max_grid_voltage_kv":0.48,"technologies":["Natural Gas Internal Combustion Engine"],"note":"Generation capacity + interconnected grid voltage, used as a proxy for nearby transmission density. NOT substation headroom (that data is CEII-restricted, 18 CFR 388.113, and not public) -- treat as an estimate."}},{"type":"Feature","geometry":{"type":"Point","coordinates":[-97.80255,33.19576]},"properties":{"plant_code":55053,"name":"Bridgeport Gas Processing Plant","county":"Wise","utility":"EnLink Midstream Services, LLC","balancing_authority":"ERCO","nameplate_mw":10.4,"max_grid_voltage_kv":12.5,"technologies":["Natural Gas Internal Combustion Engine"],"note":"Generation capacity + interconnected grid voltage, used as a proxy for nearby transmission density. NOT substation headroom (that data is CEII-restricted, 18 CFR 388.113, and not public) -- treat as an estimate."}},{"type":"Feature","geometry":{"type":"Point","coordinates":[-95.9178,30.5924]},"properties":{"plant_code":55062,"name":"Tenaska Frontier Generation Station","county":"Grimes","utility":"Tenaska Frontier Partners Ltd","balancing_authority":"ERCO","nameplate_mw":939.7,"max_grid_voltage_kv":356,"technologies":["Natural Gas Fired Combined Cycle"],"note":"Generation capacity + interconnected grid voltage, used as a proxy for nearby transmission density. NOT substation headroom (that data is CEII-restricted, 18 CFR 388.113, and not public) -- treat as an estimate."}},{"type":"Feature","geometry":{"type":"Point","coordinates":[-101.36,35.6957]},"properties":{"plant_code":55064,"name":"Black Hawk Station","county":"Hutchinson","utility":"Borger Energy Associates LP","balancing_authority":"SWPP","nameplate_mw":243.9,"max_grid_voltage_kv":115,"technologies":["Natural Gas Fired Combustion Turbine"],"note":"Generation capacity + interconnected grid voltage, used as a proxy for nearby transmission density. NOT substation headroom (that data is CEII-restricted, 18 CFR 388.113, and not public) -- treat as an estimate."}},{"type":"Feature","geometry":{"type":"Point","coordinates":[-102.7417,32.9728]},"properties":{"plant_code":55065,"name":"Mustang Station","county":"Yoakum","utility":"Golden Spread Electric Cooperative, Inc","balancing_authority":"SWPP","nameplate_mw":521.0,"max_grid_voltage_kv":230,"technologies":["Natural Gas Fired Combined Cycle"],"note":"Generation capacity + interconnected grid voltage, used as a proxy for nearby transmission density. NOT substation headroom (that data is CEII-restricted, 18 CFR 388.113, and not public) -- treat as an estimate."}},{"type":"Feature","geometry":{"type":"Point","coordinates":[-97.25842,27.88929]},"properties":{"plant_code":55086,"name":"Gregory Power Plant","county":"San Patricio","utility":"Gregory Power Partners LLC","balancing_authority":"ERCO","nameplate_mw":469.8,"max_grid_voltage_kv":142,"technologies":["Natural Gas Fired Combined Cycle"],"note":"Generation capacity + interconnected grid voltage, used as a proxy for nearby transmission density. NOT substation headroom (that data is CEII-restricted, 18 CFR 388.113, and not public) -- treat as an estimate."}},{"type":"Feature","geometry":{"type":"Point","coordinates":[-97.0537,32.4302]},"properties":{"plant_code":55091,"name":"Midlothian Energy Facility","county":"Ellis","utility":"Midlothian Energy LLC","balancing_authority":"ERCO","nameplate_mw":1734.0,"max_grid_voltage_kv":345,"technologies":["Natural Gas Fired Combined Cycle"],"note":"Generation capacity + interconnected grid voltage, used as a proxy for nearby transmission density. NOT substation headroom (that data is CEII-restricted, 18 CFR 388.113, and not public) -- treat as an estimate."}},{"type":"Feature","geometry":{"type":"Point","coordinates":[-95.59,33.6308]},"properties":{"plant_code":55097,"name":"Lamar Power Project","county":"Lamar","utility":"LaFrontera Holdings LLC","balancing_authority":"ERCO","nameplate_mw":1112.6,"max_grid_voltage_kv":345,"technologies":["Natural Gas Fired Combined Cycle"],"note":"Generation capacity + interconnected grid voltage, used as a proxy for nearby transmission density. NOT substation headroom (that data is CEII-restricted, 18 CFR 388.113, and not public) -- treat as an estimate."}},{"type":"Feature","geometry":{"type":"Point","coordinates":[-98.3992,26.208]},"properties":{"plant_code":55098,"name":"Frontera Energy Center","county":"Hidalgo","utility":"Frontera Generation Limited Partnership","balancing_authority":"ERCO","nameplate_mw":529.0,"max_grid_voltage_kv":138,"technologies":["Natural Gas Fired Combined Cycle"],"note":"Generation capacity + interconnected grid voltage, used as a proxy for nearby transmission density. NOT substation headroom (that data is CEII-restricted, 18 CFR 388.113, and not public) -- treat as an estimate."}},{"type":"Feature","geometry":{"type":"Point","coordinates":[-93.88359,29.95432]},"properties":{"plant_code":55122,"name":"NAFTA Region Olefins Complex Cogen Fac","county":"Jefferson","utility":"BASF Corp","balancing_authority":"MISO","nameplate_mw":83.2,"max_grid_voltage_kv":230,"technologies":["Natural Gas Fired Combustion Turbine"],"note":"Generation capacity + interconnected grid voltage, used as a proxy for nearby transmission density. NOT substation headroom (that data is CEII-restricted, 18 CFR 388.113, and not public) -- treat as an estimate."}},{"type":"Feature","geometry":{"type":"Point","coordinates":[-98.19,26.3403]},"properties":{"plant_code":55123,"name":"Magic Valley Generating Station","county":"Hidalgo","utility":"Calpine Corp-Magic Valley","balancing_authority":"ERCO","nameplate_mw":801.0,"max_grid_voltage_kv":138,"technologies":["Natural Gas Fired Combined Cycle"],"note":"Generation capacity + interconnected grid voltage, used as a proxy for nearby transmission density. NOT substation headroom (that data is CEII-restricted, 18 CFR 388.113, and not public) -- treat as an estimate."}},{"type":"Feature","geometry":{"type":"Point","coordinates":[-94.61974,32.01783]},"properties":{"plant_code":55132,"name":"Tenaska Gateway Generating Station","county":"Rusk","utility":"Tenaska Gateway Partners Ltd","balancing_authority":"ERCO","nameplate_mw":939.6,"max_grid_voltage_kv":345,"technologies":["Natural Gas Fired Combined Cycle"],"note":"Generation capacity + interconnected grid voltage, used as a proxy for nearby transmission density. NOT substation headroom (that data is CEII-restricted, 18 CFR 388.113, and not public) -- treat as an estimate."}},{"type":"Feature","geometry":{"type":"Point","coordinates":[-97.97321,29.59306]},"properties":{"plant_code":55137,"name":"Rio Nogales Power Project","county":"Guadalupe","utility":"City of San Antonio - (TX)","balancing_authority":"ERCO","nameplate_mw":1108.0,"max_grid_voltage_kv":345,"technologies":["Natural Gas Fired Combined Cycle"],"note":"Generation capacity + interconnected grid voltage, used as a proxy for nearby transmission density. NOT substation headroom (that data is CEII-restricted, 18 CFR 388.113, and not public) -- treat as an estimate."}},{"type":"Feature","geometry":{"type":"Point","coordinates":[-97.73169,32.33422]},"properties":{"plant_code":55139,"name":"Wolf Hollow I LP","county":"Hood","utility":"Wolf Hollow I Power, LLC","balancing_authority":"ERCO","nameplate_mw":788.4,"max_grid_voltage_kv":345,"technologies":["Natural Gas Fired Combined Cycle"],"note":"Generation capacity + interconnected grid voltage, used as a proxy for nearby transmission density. NOT substation headroom (that data is CEII-restricted, 18 CFR 388.113, and not public) -- treat as an estimate."}},{"type":"Feature","geometry":{"type":"Point","coordinates":[-97.9894,29.7806]},"properties":{"plant_code":55144,"name":"Hays Energy Project","county":"Hays","utility":"Hays Energy, LLC","balancing_authority":"ERCO","nameplate_mw":989.0,"max_grid_voltage_kv":345,"technologies":["Natural Gas Fired Combined Cycle"],"note":"Generation capacity + interconnected grid voltage, used as a proxy for nearby transmission density. NOT substation headroom (that data is CEII-restricted, 18 CFR 388.113, and not public) -- treat as an estimate."}},{"type":"Feature","geometry":{"type":"Point","coordinates":[-98.1419,29.6244]},"properties":{"plant_code":55153,"name":"Guadalupe Generating Station","county":"Guadalupe","utility":"Guadalupe Power Partners LP","balancing_authority":"ERCO","nameplate_mw":1088.2,"max_grid_voltage_kv":345,"technologies":["Natural Gas Fired Combined Cycle"],"note":"Generation capacity + interconnected grid voltage, used as a proxy for nearby transmission density. NOT substation headroom (that data is CEII-restricted, 18 CFR 388.113, and not public) -- treat as an estimate."}},{"type":"Feature","geometry":{"type":"Point","coordinates":[-97.2714,30.1478]},"properties":{"plant_code":55154,"name":"Lost Pines 1 Power Project","county":"Bastrop","utility":"Lower Colorado River Authority","balancing_authority":"ERCO","nameplate_mw":609.0,"max_grid_voltage_kv":345,"technologies":["Natural Gas Fired Combined Cycle"],"note":"Generation capacity + interconnected grid voltage, used as a proxy for nearby transmission density. NOT substation headroom (that data is CEII-restricted, 18 CFR 388.113, and not public) -- treat as an estimate."}},{"type":"Feature","geometry":{"type":"Point","coordinates":[-97.55,30.1458]},"properties":{"plant_code":55168,"name":"Bastrop Energy Center","county":"Bastrop","utility":"Bastrop Energy Partners, LP","balancing_authority":"ERCO","nameplate_mw":618.7,"max_grid_voltage_kv":345,"technologies":["Natural Gas Fired Combined Cycle"],"note":"Generation capacity + interconnected grid voltage, used as a proxy for nearby transmission density. NOT substation headroom (that data is CEII-restricted, 18 CFR 388.113, and not public) -- treat as an estimate."}},{"type":"Feature","geometry":{"type":"Point","coordinates":[-97.3586,31.8594]},"properties":{"plant_code":55172,"name":"Thad Hill Energy Center","county":"Bosque","utility":"Thad Hill Energy Center, LLC","balancing_authority":"ERCO","nameplate_mw":807.0,"max_grid_voltage_kv":345,"technologies":["Natural Gas Fired Combined Cycle"],"note":"Generation capacity + interconnected grid voltage, used as a proxy for nearby transmission density. NOT substation headroom (that data is CEII-restricted, 18 CFR 388.113, and not public) -- treat as an estimate."}},{"type":"Feature","geometry":{"type":"Point","coordinates":[-94.6903,32.4481]},"properties":{"plant_code":55176,"name":"Eastman Cogeneration Facility","county":"Harrison","utility":"Eastman Cogeneration LP","balancing_authority":"SWPP","nameplate_mw":467.7,"max_grid_voltage_kv":138,"technologies":["Natural Gas Fired Combined Cycle"],"note":"Generation capacity + interconnected grid voltage, used as a proxy for nearby transmission density. NOT substation headroom (that data is CEII-restricted, 18 CFR 388.113, and not public) -- treat as an estimate."}},{"type":"Feature","geometry":{"type":"Point","coordinates":[-95.12174,29.83695]},"properties":{"plant_code":55187,"name":"Channelview Cogeneration Plant","county":"Harris","utility":"EIF Channelview Cogeneration LLC","balancing_authority":"ERCO","nameplate_mw":918.3,"max_grid_voltage_kv":345,"technologies":["Natural Gas Fired Combined Cycle"],"note":"Generation capacity + interconnected grid voltage, used as a proxy for nearby transmission density. NOT substation headroom (that data is CEII-restricted, 18 CFR 388.113, and not public) -- treat as an estimate."}},{"type":"Feature","geometry":{"type":"Point","coordinates":[-97.4283,27.8139]},"properties":{"plant_code":55206,"name":"Corpus Christi Energy Center","county":"Nueces","utility":"Corpus Christi Cogeneration LLC","balancing_authority":"ERCO","nameplate_mw":593.3,"max_grid_voltage_kv":138,"technologies":["Natural Gas Fired Combined Cycle"],"note":"Generation capacity + interconnected grid voltage, used as a proxy for nearby transmission density. NOT substation headroom (that data is CEII-restricted, 18 CFR 388.113, and not public) -- treat as an estimate."}},{"type":"Feature","geometry":{"type":"Point","coordinates":[-102.3264,31.8403]},"properties":{"plant_code":55215,"name":"Odessa-Ector Power Plant","county":"Ector","utility":"LaFrontera Holdings LLC","balancing_authority":"ERCO","nameplate_mw":1152.8,"max_grid_voltage_kv":345,"technologies":["Natural Gas Fired Combined Cycle"],"note":"Generation capacity + interconnected grid voltage, used as a proxy for nearby transmission density. NOT substation headroom (that data is CEII-restricted, 18 CFR 388.113, and not public) -- treat as an estimate."}},{"type":"Feature","geometry":{"type":"Point","coordinates":[-96.675,32.32]},"properties":{"plant_code":55223,"name":"Ennis Power Company LLC","county":"Ellis","utility":"Ennis Power Company LLC","balancing_authority":"ERCO","nameplate_mw":418.0,"max_grid_voltage_kv":138,"technologies":["Natural Gas Fired Combined Cycle"],"note":"Generation capacity + interconnected grid voltage, used as a proxy for nearby transmission density. NOT substation headroom (that data is CEII-restricted, 18 CFR 388.113, and not public) -- treat as an estimate."}},{"type":"Feature","geometry":{"type":"Point","coordinates":[-96.1131,31.8907]},"properties":{"plant_code":55226,"name":"Freestone Energy Center","county":"Freestone","utility":"Freestone Power Generation LLC","balancing_authority":"ERCO","nameplate_mw":1036.0,"max_grid_voltage_kv":345,"technologies":["Natural Gas Fired Combined Cycle"],"note":"Generation capacity + interconnected grid voltage, used as a proxy for nearby transmission density. NOT substation headroom (that data is CEII-restricted, 18 CFR 388.113, and not public) -- treat as an estimate."}},{"type":"Feature","geometry":{"type":"Point","coordinates":[-97.9574,33.101]},"properties":{"plant_code":55230,"name":"Jack County","county":"Wise","utility":"Jack County Power, LLC","balancing_authority":"ERCO","nameplate_mw":1280.0,"max_grid_voltage_kv":345,"technologies":["Natural Gas Fired Combined Cycle"],"note":"Generation capacity + interconnected grid voltage, used as a proxy for nearby transmission density. NOT substation headroom (that data is CEII-restricted, 18 CFR 388.113, and not public) -- treat as an estimate."}},{"type":"Feature","geometry":{"type":"Point","coordinates":[-95.2319,29.7189]},"properties":{"plant_code":55299,"name":"Channel Energy Center LLC","county":"Harris","utility":"Channel Energy Center LLC","balancing_authority":"ERCO","nameplate_mw":923.8,"max_grid_voltage_kv":345,"technologies":["Natural Gas Fired Combined Cycle"],"note":"Generation capacity + interconnected grid voltage, used as a proxy for nearby transmission density. NOT substation headroom (that data is CEII-restricted, 18 CFR 388.113, and not public) -- treat as an estimate."}},{"type":"Feature","geometry":{"type":"Point","coordinates":[-93.96515,29.8665]},"properties":{"plant_code":55309,"name":"Air Products Port Arthur","county":"Jefferson","utility":"Air Products LLC","balancing_authority":"MISO","nameplate_mw":169.1,"max_grid_voltage_kv":230,"technologies":["Natural Gas Fired Combustion Turbine","Other Gases"],"note":"Generation capacity + interconnected grid voltage, used as a proxy for nearby transmission density. NOT substation headroom (that data is CEII-restricted, 18 CFR 388.113, and not public) -- treat as an estimate."}},{"type":"Feature","geometry":{"type":"Point","coordinates":[-95.394,29.002]},"properties":{"plant_code":55311,"name":"BASF Freeport Works","county":"Brazoria","utility":"BASF Corporation","balancing_authority":"ERCO","nameplate_mw":92.7,"max_grid_voltage_kv":138,"technologies":["All Other","Natural Gas Fired Combustion Turbine"],"note":"Generation capacity + interconnected grid voltage, used as a proxy for nearby transmission density. NOT substation headroom (that data is CEII-restricted, 18 CFR 388.113, and not public) -- treat as an estimate."}},{"type":"Feature","geometry":{"type":"Point","coordinates":[-97.24278,27.88278]},"properties":{"plant_code":55313,"name":"Ingleside Cogeneration","county":"San Patricio","utility":"Ingleside Cogeneration LP","balancing_authority":"ERCO","nameplate_mw":517.0,"max_grid_voltage_kv":138,"technologies":["Natural Gas Fired Combined Cycle"],"note":"Generation capacity + interconnected grid voltage, used as a proxy for nearby transmission density. NOT substation headroom (that data is CEII-restricted, 18 CFR 388.113, and not public) -- treat as an estimate."}},{"type":"Feature","geometry":{"type":"Point","coordinates":[-97.9103,33.0583]},"properties":{"plant_code":55320,"name":"Wise County Power LLC","county":"Wise","utility":"Wise County Power Company LLC","balancing_authority":"ERCO","nameplate_mw":821.7,"max_grid_voltage_kv":350,"technologies":["Natural Gas Fired Combined Cycle"],"note":"Generation capacity + interconnected grid voltage, used as a proxy for nearby transmission density. NOT substation headroom (that data is CEII-restricted, 18 CFR 388.113, and not public) -- treat as an estimate."}},{"type":"Feature","geometry":{"type":"Point","coordinates":[-94.9019,29.7731]},"properties":{"plant_code":55327,"name":"Baytown Energy Center","county":"Chambers","utility":"Baytown Energy Center LLC","balancing_authority":"ERCO","nameplate_mw":932.9,"max_grid_voltage_kv":345,"technologies":["Natural Gas Fired Combined Cycle"],"note":"Generation capacity + interconnected grid voltage, used as a proxy for nearby transmission density. NOT substation headroom (that data is CEII-restricted, 18 CFR 388.113, and not public) -- treat as an estimate."}},{"type":"Feature","geometry":{"type":"Point","coordinates":[-95.6244,29.4731]},"properties":{"plant_code":55357,"name":"Jack Fusco Energy Center","county":"Fort Bend","utility":"Brazos Valley Energy","balancing_authority":"MISO","nameplate_mw":675.6,"max_grid_voltage_kv":345,"technologies":["Natural Gas Fired Combined Cycle"],"note":"Generation capacity + interconnected grid voltage, used as a proxy for nearby transmission density. NOT substation headroom (that data is CEII-restricted, 18 CFR 388.113, and not public) -- treat as an estimate."}},{"type":"Feature","geometry":{"type":"Point","coordinates":[-93.7353,30.2588]},"properties":{"plant_code":55358,"name":"Cottonwood Energy Company LP","county":"Newton","utility":"Cottonwood Energy Company LP","balancing_authority":"MISO","nameplate_mw":1433.6,"max_grid_voltage_kv":500,"technologies":["Natural Gas Fired Combined Cycle"],"note":"Generation capacity + interconnected grid voltage, used as a proxy for nearby transmission density. NOT substation headroom (that data is CEII-restricted, 18 CFR 388.113, and not public) -- treat as an estimate."}},{"type":"Feature","geometry":{"type":"Point","coordinates":[-95.0718,29.7028]},"properties":{"plant_code":55365,"name":"Exelon LaPorte Generating Station","county":"Harris","utility":"LaPorte Power, LLC","balancing_authority":"ERCO","nameplate_mw":236.0,"max_grid_voltage_kv":138,"technologies":["Natural Gas Fired Combustion Turbine"],"note":"Generation capacity + interconnected grid voltage, used as a proxy for nearby transmission density. NOT substation headroom (that data is CEII-restricted, 18 CFR 388.113, and not public) -- treat as an estimate."}},{"type":"Feature","geometry":{"type":"Point","coordinates":[-96.9894,32.9192]},"properties":{"plant_code":55390,"name":"State Farm Insur Support Center Central","county":"Dallas","utility":"State Farm Mutual Auto Ins Co","balancing_authority":"ERCO","nameplate_mw":10.8,"max_grid_voltage_kv":25,"technologies":["Petroleum Liquids"],"note":"Generation capacity + interconnected grid voltage, used as a proxy for nearby transmission density. NOT substation headroom (that data is CEII-restricted, 18 CFR 388.113, and not public) -- treat as an estimate."}},{"type":"Feature","geometry":{"type":"Point","coordinates":[-95.13451,29.71341]},"properties":{"plant_code":55464,"name":"Deer Park Energy Center","county":"Harris","utility":"Deer Park Energy Center","balancing_authority":"ERCO","nameplate_mw":1176.0,"max_grid_voltage_kv":345,"technologies":["Natural Gas Fired Combined Cycle"],"note":"Generation capacity + interconnected grid voltage, used as a proxy for nearby transmission density. NOT substation headroom (that data is CEII-restricted, 18 CFR 388.113, and not public) -- treat as an estimate."}},{"type":"Feature","geometry":{"type":"Point","coordinates":[-94.93277,29.3781]},"properties":{"plant_code":55470,"name":"Green Power 2","county":"Galveston","utility":"South Houston Green Power LLC","balancing_authority":"ERCO","nameplate_mw":861.0,"max_grid_voltage_kv":138,"technologies":["Natural Gas Fired Combined Cycle"],"note":"Generation capacity + interconnected grid voltage, used as a proxy for nearby transmission density. NOT substation headroom (that data is CEII-restricted, 18 CFR 388.113, and not public) -- treat as an estimate."}},{"type":"Feature","geometry":{"type":"Point","coordinates":[-96.4916,32.7563]},"properties":{"plant_code":55480,"name":"Forney Energy Center","county":"Kaufman","utility":"LaFrontera Holdings LLC","balancing_authority":"ERCO","nameplate_mw":1894.2,"max_grid_voltage_kv":345,"technologies":["Natural Gas Fired Combined Cycle"],"note":"Generation capacity + interconnected grid voltage, used as a proxy for nearby transmission density. NOT substation headroom (that data is CEII-restricted, 18 CFR 388.113, and not public) -- treat as an estimate."}},{"type":"Feature","geometry":{"type":"Point","coordinates":[-95.2422,29.9522]},"properties":{"plant_code":55526,"name":"Atascocita","county":"Harris","utility":"TX LFG Energy, LP","balancing_authority":"ERCO","nameplate_mw":0.0,"max_grid_voltage_kv":34.5,"technologies":[],"note":"Generation capacity + interconnected grid voltage, used as a proxy for nearby transmission density. NOT substation headroom (that data is CEII-restricted, 18 CFR 388.113, and not public) -- treat as an estimate."}},{"type":"Feature","geometry":{"type":"Point","coordinates":[-98.17576,26.34172]},"properties":{"plant_code":55545,"name":"Hidalgo Energy Center","county":"Hidalgo","utility":"Calpine Corp - Hidalgo","balancing_authority":"ERCO","nameplate_mw":551.3,"max_grid_voltage_kv":138,"technologies":["Natural Gas Fired Combined Cycle"],"note":"Generation capacity + interconnected grid voltage, used as a proxy for nearby transmission density. NOT substation headroom (that data is CEII-restricted, 18 CFR 388.113, and not public) -- treat as an estimate."}},{"type":"Feature","geometry":{"type":"Point","coordinates":[-94.9139,29.6744]},"properties":{"plant_code":55551,"name":"Baytown","county":"Chambers","utility":"TX LFG Energy, LP","balancing_authority":"ERCO","nameplate_mw":0.0,"max_grid_voltage_kv":12.5,"technologies":[],"note":"Generation capacity + interconnected grid voltage, used as a proxy for nearby transmission density. NOT substation headroom (that data is CEII-restricted, 18 CFR 388.113, and not public) -- treat as an estimate."}},{"type":"Feature","geometry":{"type":"Point","coordinates":[-95.2539,29.8108]},"properties":{"plant_code":55552,"name":"Bluebonnet","county":"Harris","utility":"TX LFG Energy, LP","balancing_authority":"ERCO","nameplate_mw":0.0,"max_grid_voltage_kv":12.5,"technologies":[],"note":"Generation capacity + interconnected grid voltage, used as a proxy for nearby transmission density. NOT substation headroom (that data is CEII-restricted, 18 CFR 388.113, and not public) -- treat as an estimate."}},{"type":"Feature","geometry":{"type":"Point","coordinates":[-95.18764,29.4275]},"properties":{"plant_code":55554,"name":"Coastal Plains","county":"Galveston","utility":"TX LFG Energy, LP","balancing_authority":"ERCO","nameplate_mw":0.0,"max_grid_voltage_kv":12.5,"technologies":[],"note":"Generation capacity + interconnected grid voltage, used as a proxy for nearby transmission density. NOT substation headroom (that data is CEII-restricted, 18 CFR 388.113, and not public) -- treat as an estimate."}},{"type":"Feature","geometry":{"type":"Point","coordinates":[-95.4108,30.3375]},"properties":{"plant_code":55555,"name":"Conroe","county":"Montgomery","utility":"TX LFG Energy, LP","balancing_authority":"MISO","nameplate_mw":0.0,"max_grid_voltage_kv":12.5,"technologies":[],"note":"Generation capacity + interconnected grid voltage, used as a proxy for nearby transmission density. NOT substation headroom (that data is CEII-restricted, 18 CFR 388.113, and not public) -- treat as an estimate."}},{"type":"Feature","geometry":{"type":"Point","coordinates":[-95.2681,30.3225]},"properties":{"plant_code":55556,"name":"Security","county":"Montgomery","utility":"TX LFG Energy, LP","balancing_authority":"MISO","nameplate_mw":0.0,"max_grid_voltage_kv":12.5,"technologies":[],"note":"Generation capacity + interconnected grid voltage, used as a proxy for nearby transmission density. NOT substation headroom (that data is CEII-restricted, 18 CFR 388.113, and not public) -- treat as an estimate."}},{"type":"Feature","geometry":{"type":"Point","coordinates":[-105.9908,31.7158]},"properties":{"plant_code":55578,"name":"Hueco Mountain Wind Ranch","county":"Hudspeth","utility":"El Paso Electric Co","balancing_authority":"EPE","nameplate_mw":0.0,"max_grid_voltage_kv":13.8,"technologies":[],"note":"Generation capacity + interconnected grid voltage, used as a proxy for nearby transmission density. NOT substation headroom (that data is CEII-restricted, 18 CFR 388.113, and not public) -- treat as an estimate."}},{"type":"Feature","geometry":{"type":"Point","coordinates":[-101.2533,35.4677]},"properties":{"plant_code":55579,"name":"Llano Estacado Wind Ranch","county":"Carson","utility":"Llano Estacado Wind Ranch","balancing_authority":"SWPP","nameplate_mw":80.0,"max_grid_voltage_kv":115,"technologies":["Onshore Wind Turbine"],"note":"Generation capacity + interconnected grid voltage, used as a proxy for nearby transmission density. NOT substation headroom (that data is CEII-restricted, 18 CFR 388.113, and not public) -- treat as an estimate."}},{"type":"Feature","geometry":{"type":"Point","coordinates":[-102.2417,31.2092]},"properties":{"plant_code":55581,"name":"King Mountain Wind Ranch 1","county":"Upton","utility":"FPL Energy Upton Wind LP","balancing_authority":"ERCO","nameplate_mw":278.0,"max_grid_voltage_kv":138,"technologies":["Onshore Wind Turbine"],"note":"Generation capacity + interconnected grid voltage, used as a proxy for nearby transmission density. NOT substation headroom (that data is CEII-restricted, 18 CFR 388.113, and not public) -- treat as an estimate."}},{"type":"Feature","geometry":{"type":"Point","coordinates":[-97.6203,30.3431]},"properties":{"plant_code":55588,"name":"GRS Sunset Farms","county":"Travis","utility":"Gas Recovery Systems Inc","balancing_authority":"ERCO","nameplate_mw":0.0,"max_grid_voltage_kv":13.8,"technologies":[],"note":"Generation capacity + interconnected grid voltage, used as a proxy for nearby transmission density. NOT substation headroom (that data is CEII-restricted, 18 CFR 388.113, and not public) -- treat as an estimate."}},{"type":"Feature","geometry":{"type":"Point","coordinates":[-94.4367,32.3958]},"properties":{"plant_code":55664,"name":"Harrison County Power Project","county":"Harrison","utility":"Northeast Texas Elec Coop, Inc","balancing_authority":"SWPP","nameplate_mw":570.0,"max_grid_voltage_kv":345,"technologies":["Natural Gas Fired Combined Cycle"],"note":"Generation capacity + interconnected grid voltage, used as a proxy for nearby transmission density. NOT substation headroom (that data is CEII-restricted, 18 CFR 388.113, and not public) -- treat as an estimate."}},{"type":"Feature","geometry":{"type":"Point","coordinates":[-94.90064,31.83213]},"properties":{"plant_code":55708,"name":"Nacogdoches Power","county":"Nacogdoches","utility":"Austin Energy","balancing_authority":"ERCO","nameplate_mw":114.0,"max_grid_voltage_kv":138,"technologies":["Wood/Wood Waste Biomass"],"note":"Generation capacity + interconnected grid voltage, used as a proxy for nearby transmission density. NOT substation headroom (that data is CEII-restricted, 18 CFR 388.113, and not public) -- treat as an estimate."}},{"type":"Feature","geometry":{"type":"Point","coordinates":[-102.20143,30.93147]},"properties":{"plant_code":55747,"name":"NWP Indian Mesa Wind Farm","county":"Pecos","utility":"NWP Indian Mesa Wind Farm LP","balancing_authority":"ERCO","nameplate_mw":82.5,"max_grid_voltage_kv":34.5,"technologies":["Onshore Wind Turbine"],"note":"Generation capacity + interconnected grid voltage, used as a proxy for nearby transmission density. NOT substation headroom (that data is CEII-restricted, 18 CFR 388.113, and not public) -- treat as an estimate."}},{"type":"Feature","geometry":{"type":"Point","coordinates":[-102.41407,30.9514]},"properties":{"plant_code":55795,"name":"Woodward Mountain II","county":"Pecos","utility":"Pecos Wind II LP","balancing_authority":"ERCO","nameplate_mw":78.0,"max_grid_voltage_kv":34.5,"technologies":["Onshore Wind Turbine"],"note":"Generation capacity + interconnected grid voltage, used as a proxy for nearby transmission density. NOT substation headroom (that data is CEII-restricted, 18 CFR 388.113, and not public) -- treat as an estimate."}},{"type":"Feature","geometry":{"type":"Point","coordinates":[-102.41407,30.9514]},"properties":{"plant_code":55796,"name":"Woodward Mountain I","county":"Pecos","utility":"Pecos Wind I LP","balancing_authority":"ERCO","nameplate_mw":82.0,"max_grid_voltage_kv":34.5,"technologies":["Onshore Wind Turbine"],"note":"Generation capacity + interconnected grid voltage, used as a proxy for nearby transmission density. NOT substation headroom (that data is CEII-restricted, 18 CFR 388.113, and not public) -- treat as an estimate."}},{"type":"Feature","geometry":{"type":"Point","coordinates":[-100.23565,32.4301]},"properties":{"plant_code":55968,"name":"Trent Wind Farm","county":"Nolan","utility":"Invenergy Services LLC","balancing_authority":"ERCO","nameplate_mw":152.0,"max_grid_voltage_kv":138,"technologies":["Onshore Wind Turbine"],"note":"Generation capacity + interconnected grid voltage, used as a proxy for nearby transmission density. NOT substation headroom (that data is CEII-restricted, 18 CFR 388.113, and not public) -- treat as an estimate."}},{"type":"Feature","geometry":{"type":"Point","coordinates":[-102.0867,30.9178]},"properties":{"plant_code":55992,"name":"Desert Sky","county":"Pecos","utility":"Desert Sky Wind Farm LP","balancing_authority":"ERCO","nameplate_mw":167.7,"max_grid_voltage_kv":138,"technologies":["Onshore Wind Turbine"],"note":"Generation capacity + interconnected grid voltage, used as a proxy for nearby transmission density. NOT substation headroom (that data is CEII-restricted, 18 CFR 388.113, and not public) -- treat as an estimate."}},{"type":"Feature","geometry":{"type":"Point","coordinates":[-101.14778,32.94793]},"properties":{"plant_code":56111,"name":"Brazos Wind Farm","county":"Scurry","utility":"Shell Wind Energy Inc.","balancing_authority":"ERCO","nameplate_mw":182.4,"max_grid_voltage_kv":138,"technologies":["Onshore Wind Turbine"],"note":"Generation capacity + interconnected grid voltage, used as a proxy for nearby transmission density. NOT substation headroom (that data is CEII-restricted, 18 CFR 388.113, and not public) -- treat as an estimate."}},{"type":"Feature","geometry":{"type":"Point","coordinates":[-98.3433,29.4289]},"properties":{"plant_code":56113,"name":"Tessman Road","county":"Bexar","utility":"Energy Developments, Inc d/b/a EDL","balancing_authority":"ERCO","nameplate_mw":0.0,"max_grid_voltage_kv":35,"technologies":[],"note":"Generation capacity + interconnected grid voltage, used as a proxy for nearby transmission density. NOT substation headroom (that data is CEII-restricted, 18 CFR 388.113, and not public) -- treat as an estimate."}},{"type":"Feature","geometry":{"type":"Point","coordinates":[-95.39542,28.98876]},"properties":{"plant_code":56152,"name":"Freeport Energy Center","county":"Brazoria","utility":"Dow Hydrocarbons and Resources LLC","balancing_authority":"ERCO","nameplate_mw":260.0,"max_grid_voltage_kv":345,"technologies":["Natural Gas Fired Combined Cycle"],"note":"Generation capacity + interconnected grid voltage, used as a proxy for nearby transmission density. NOT substation headroom (that data is CEII-restricted, 18 CFR 388.113, and not public) -- treat as an estimate."}},{"type":"Feature","geometry":{"type":"Point","coordinates":[-100.3389,32.3606]},"properties":{"plant_code":56211,"name":"Sweetwater Wind 1 LLC","county":"Nolan","utility":"Leeward Asset Management, LLC","balancing_authority":"ERCO","nameplate_mw":37.5,"max_grid_voltage_kv":345,"technologies":["Onshore Wind Turbine"],"note":"Generation capacity + interconnected grid voltage, used as a proxy for nearby transmission density. NOT substation headroom (that data is CEII-restricted, 18 CFR 388.113, and not public) -- treat as an estimate."}},{"type":"Feature","geometry":{"type":"Point","coordinates":[-100.3703,32.3472]},"properties":{"plant_code":56212,"name":"Sweetwater Wind 2 LLC","county":"Nolan","utility":"Leeward Asset Management, LLC","balancing_authority":"ERCO","nameplate_mw":98.8,"max_grid_voltage_kv":345,"technologies":["Onshore Wind Turbine"],"note":"Generation capacity + interconnected grid voltage, used as a proxy for nearby transmission density. NOT substation headroom (that data is CEII-restricted, 18 CFR 388.113, and not public) -- treat as an estimate."}},{"type":"Feature","geometry":{"type":"Point","coordinates":[-100.95466,32.74706]},"properties":{"plant_code":56233,"name":"EG178 Facility","county":"Scurry","utility":"Kinder Morgan Production Company LP","balancing_authority":"ERCO","nameplate_mw":153.9,"max_grid_voltage_kv":138,"technologies":["Natural Gas Fired Combined Cycle"],"note":"Generation capacity + interconnected grid voltage, used as a proxy for nearby transmission density. NOT substation headroom (that data is CEII-restricted, 18 CFR 388.113, and not public) -- treat as an estimate."}},{"type":"Feature","geometry":{"type":"Point","coordinates":[-100.06159,32.31156]},"properties":{"plant_code":56240,"name":"Buffalo Gap Wind Farm","county":"Taylor","utility":"AES Distributed Energy","balancing_authority":"ERCO","nameplate_mw":120.6,"max_grid_voltage_kv":135,"technologies":["Onshore Wind Turbine"],"note":"Generation capacity + interconnected grid voltage, used as a proxy for nearby transmission density. NOT substation headroom (that data is CEII-restricted, 18 CFR 388.113, and not public) -- treat as an estimate."}},{"type":"Feature","geometry":{"type":"Point","coordinates":[-100.02167,32.30389]},"properties":{"plant_code":56270,"name":"Callahan Divide Wind Energy Center","county":"Taylor","utility":"FPL Energy Callahan Wind, LLC","balancing_authority":"ERCO","nameplate_mw":114.0,"max_grid_voltage_kv":138,"technologies":["Onshore Wind Turbine"],"note":"Generation capacity + interconnected grid voltage, used as a proxy for nearby transmission density. NOT substation headroom (that data is CEII-restricted, 18 CFR 388.113, and not public) -- treat as an estimate."}},{"type":"Feature","geometry":{"type":"Point","coordinates":[-100.05712,32.21402]},"properties":{"plant_code":56291,"name":"Horse Hollow Wind Energy Center","county":"Taylor","utility":"FPL Energy Horse Hollow LLC","balancing_authority":"ERCO","nameplate_mw":735.5,"max_grid_voltage_kv":138,"technologies":["Onshore Wind Turbine"],"note":"Generation capacity + interconnected grid voltage, used as a proxy for nearby transmission density. NOT substation headroom (that data is CEII-restricted, 18 CFR 388.113, and not public) -- treat as an estimate."}},{"type":"Feature","geometry":{"type":"Point","coordinates":[-100.4219,32.29083]},"properties":{"plant_code":56311,"name":"Sweetwater Wind 3 LLC","county":"Nolan","utility":"Leeward Asset Management, LLC","balancing_authority":"ERCO","nameplate_mw":135.0,"max_grid_voltage_kv":345,"technologies":["Onshore Wind Turbine"],"note":"Generation capacity + interconnected grid voltage, used as a proxy for nearby transmission density. NOT substation headroom (that data is CEII-restricted, 18 CFR 388.113, and not public) -- treat as an estimate."}},{"type":"Feature","geometry":{"type":"Point","coordinates":[-102.74361,32.97455]},"properties":{"plant_code":56326,"name":"Mustang Station Unit 4","county":"Yoakum","utility":"Golden Spread Electric Cooperative, Inc","balancing_authority":"SWPP","nameplate_mw":472.1,"max_grid_voltage_kv":230,"technologies":["Natural Gas Fired Combustion Turbine"],"note":"Generation capacity + interconnected grid voltage, used as a proxy for nearby transmission density. NOT substation headroom (that data is CEII-restricted, 18 CFR 388.113, and not public) -- treat as an estimate."}},{"type":"Feature","geometry":{"type":"Point","coordinates":[-100.5303,32.3122]},"properties":{"plant_code":56337,"name":"Sweetwater Wind 4 LLC","county":"Nolan","utility":"Leeward Asset Management, LLC","balancing_authority":"ERCO","nameplate_mw":241.0,"max_grid_voltage_kv":345,"technologies":["Onshore Wind Turbine"],"note":"Generation capacity + interconnected grid voltage, used as a proxy for nearby transmission density. NOT substation headroom (that data is CEII-restricted, 18 CFR 388.113, and not public) -- treat as an estimate."}},{"type":"Feature","geometry":{"type":"Point","coordinates":[-102.315,31.8414]},"properties":{"plant_code":56349,"name":"Quail Run Energy Center","county":"Ector","utility":"Quail Run Energy Partners, LP","balancing_authority":"ERCO","nameplate_mw":550.4,"max_grid_voltage_kv":345,"technologies":["Natural Gas Fired Combined Cycle"],"note":"Generation capacity + interconnected grid voltage, used as a proxy for nearby transmission density. NOT substation headroom (that data is CEII-restricted, 18 CFR 388.113, and not public) -- treat as an estimate."}},{"type":"Feature","geometry":{"type":"Point","coordinates":[-96.0683,29.2878]},"properties":{"plant_code":56350,"name":"Colorado Bend Energy Center","county":"Wharton","utility":"CER Colorado Bend Energy Partners LP","balancing_authority":"ERCO","nameplate_mw":654.1,"max_grid_voltage_kv":138,"technologies":["Natural Gas Fired Combined Cycle","Natural Gas Fired Combustion Turbine"],"note":"Generation capacity + interconnected grid voltage, used as a proxy for nearby transmission density. NOT substation headroom (that data is CEII-restricted, 18 CFR 388.113, and not public) -- treat as an estimate."}},{"type":"Feature","geometry":{"type":"Point","coordinates":[-100.4833,32.23694]},"properties":{"plant_code":56372,"name":"Sweetwater Wind 5","county":"Nolan","utility":"Leeward Asset Management, LLC","balancing_authority":"ERCO","nameplate_mw":80.5,"max_grid_voltage_kv":345,"technologies":["Onshore Wind Turbine"],"note":"Generation capacity + interconnected grid voltage, used as a proxy for nearby transmission density. NOT substation headroom (that data is CEII-restricted, 18 CFR 388.113, and not public) -- treat as an estimate."}},{"type":"Feature","geometry":{"type":"Point","coordinates":[-97.72499,30.39742]},"properties":{"plant_code":56373,"name":"Domain Integrated Energy System","county":"Travis","utility":"Austin Energy","balancing_authority":"ERCO","nameplate_mw":0.0,"max_grid_voltage_kv":12.47,"technologies":[],"note":"Generation capacity + interconnected grid voltage, used as a proxy for nearby transmission density. NOT substation headroom (that data is CEII-restricted, 18 CFR 388.113, and not public) -- treat as an estimate."}},{"type":"Feature","geometry":{"type":"Point","coordinates":[-97.70767,30.30499]},"properties":{"plant_code":56374,"name":"Robert Mueller Energy Center","county":"Travis","utility":"Austin Energy","balancing_authority":"ERCO","nameplate_mw":6.1,"max_grid_voltage_kv":12.47,"technologies":["Natural Gas Fired Combustion Turbine","Petroleum Liquids"],"note":"Generation capacity + interconnected grid voltage, used as a proxy for nearby transmission density. NOT substation headroom (that data is CEII-restricted, 18 CFR 388.113, and not public) -- treat as an estimate."}},{"type":"Feature","geometry":{"type":"Point","coordinates":[-101.22,32.039]},"properties":{"plant_code":56394,"name":"Forest Creek Wind Farm LLC","county":"Glasscock","utility":"RWE Clean Energy","balancing_authority":"ERCO","nameplate_mw":124.2,"max_grid_voltage_kv":138,"technologies":["Onshore Wind Turbine"],"note":"Generation capacity + interconnected grid voltage, used as a proxy for nearby transmission density. NOT substation headroom (that data is CEII-restricted, 18 CFR 388.113, and not public) -- treat as an estimate."}},{"type":"Feature","geometry":{"type":"Point","coordinates":[-99.4928,32.6256]},"properties":{"plant_code":56395,"name":"Mesquite Wind Power LLC","county":"Shackelford","utility":"Mesquite Wind LLC","balancing_authority":"ERCO","nameplate_mw":200.0,"max_grid_voltage_kv":345,"technologies":["Onshore Wind Turbine"],"note":"Generation capacity + interconnected grid voltage, used as a proxy for nearby transmission density. NOT substation headroom (that data is CEII-restricted, 18 CFR 388.113, and not public) -- treat as an estimate."}},{"type":"Feature","geometry":{"type":"Point","coordinates":[-102.30306,35.29194]},"properties":{"plant_code":56432,"name":"Wildorado Wind LLC","county":"Oldham","utility":"Wildorado Wind, LLC","balancing_authority":"SWPP","nameplate_mw":161.0,"max_grid_voltage_kv":230,"technologies":["Onshore Wind Turbine"],"note":"Generation capacity + interconnected grid voltage, used as a proxy for nearby transmission density. NOT substation headroom (that data is CEII-restricted, 18 CFR 388.113, and not public) -- treat as an estimate."}},{"type":"Feature","geometry":{"type":"Point","coordinates":[-101.2194,32.92544]},"properties":{"plant_code":56457,"name":"Post Wind Farm LP","county":"Borden","utility":"FPL Energy Red Canyon LLC","balancing_authority":"ERCO","nameplate_mw":84.0,"max_grid_voltage_kv":138,"technologies":["Onshore Wind Turbine"],"note":"Generation capacity + interconnected grid voltage, used as a proxy for nearby transmission density. NOT substation headroom (that data is CEII-restricted, 18 CFR 388.113, and not public) -- treat as an estimate."}},{"type":"Feature","geometry":{"type":"Point","coordinates":[-101.30264,31.99144]},"properties":{"plant_code":56479,"name":"Sand Bluff Wind Farm","county":"Glasscock","utility":"RWE Clean Energy","balancing_authority":"ERCO","nameplate_mw":89.5,"max_grid_voltage_kv":138,"technologies":["Onshore Wind Turbine"],"note":"Generation capacity + interconnected grid voltage, used as a proxy for nearby transmission density. NOT substation headroom (that data is CEII-restricted, 18 CFR 388.113, and not public) -- treat as an estimate."}},{"type":"Feature","geometry":{"type":"Point","coordinates":[-99.6564,32.5144]},"properties":{"plant_code":56483,"name":"Post Oak Wind LLC","county":"Shackelford","utility":"Mesquite Wind LLC","balancing_authority":"ERCO","nameplate_mw":200.0,"max_grid_voltage_kv":345,"technologies":["Onshore Wind Turbine"],"note":"Generation capacity + interconnected grid voltage, used as a proxy for nearby transmission density. NOT substation headroom (that data is CEII-restricted, 18 CFR 388.113, and not public) -- treat as an estimate."}},{"type":"Feature","geometry":{"type":"Point","coordinates":[-100.17699,32.31822]},"properties":{"plant_code":56484,"name":"Buffalo Gap 2 Wind Farm","county":"Nolan","utility":"AES Distributed Energy","balancing_authority":"ERCO","nameplate_mw":232.5,"max_grid_voltage_kv":34,"technologies":["Onshore Wind Turbine"],"note":"Generation capacity + interconnected grid voltage, used as a proxy for nearby transmission density. NOT substation headroom (that data is CEII-restricted, 18 CFR 388.113, and not public) -- treat as an estimate."}},{"type":"Feature","geometry":{"type":"Point","coordinates":[-100.9952,32.7204]},"properties":{"plant_code":56506,"name":"Scurry County Wind LP","county":"Scurry","utility":"Invenergy Services LLC","balancing_authority":"ERCO","nameplate_mw":130.5,"max_grid_voltage_kv":138,"technologies":["Onshore Wind Turbine"],"note":"Generation capacity + interconnected grid voltage, used as a proxy for nearby transmission density. NOT substation headroom (that data is CEII-restricted, 18 CFR 388.113, and not public) -- treat as an estimate."}},{"type":"Feature","geometry":{"type":"Point","coordinates":[-97.6217,30.3344]},"properties":{"plant_code":56524,"name":"Austin Gas Recovery","county":"Travis","utility":"WM Renewable Energy LLC","balancing_authority":"ERCO","nameplate_mw":4.8,"max_grid_voltage_kv":12,"technologies":["Landfill Gas"],"note":"Generation capacity + interconnected grid voltage, used as a proxy for nearby transmission density. NOT substation headroom (that data is CEII-restricted, 18 CFR 388.113, and not public) -- treat as an estimate."}},{"type":"Feature","geometry":{"type":"Point","coordinates":[-96.6653,32.5397]},"properties":{"plant_code":56528,"name":"Skyline Gas Recovery","county":"Dallas","utility":"WM Renewable Energy LLC","balancing_authority":"ERCO","nameplate_mw":0.0,"max_grid_voltage_kv":12,"technologies":[],"note":"Generation capacity + interconnected grid voltage, used as a proxy for nearby transmission density. NOT substation headroom (that data is CEII-restricted, 18 CFR 388.113, and not public) -- treat as an estimate."}},{"type":"Feature","geometry":{"type":"Point","coordinates":[-101.3864,36.4144]},"properties":{"plant_code":56560,"name":"Porterhouse Wind (4) LLC","county":"Hansford","utility":"UPC Power Solutions","balancing_authority":"SWPP","nameplate_mw":79.8,"max_grid_voltage_kv":115,"technologies":["Onshore Wind Turbine"],"note":"Generation capacity + interconnected grid voltage, used as a proxy for nearby transmission density. NOT substation headroom (that data is CEII-restricted, 18 CFR 388.113, and not public) -- treat as an estimate."}},{"type":"Feature","geometry":{"type":"Point","coordinates":[-101.8761,36.4453]},"properties":{"plant_code":56561,"name":"Filet Wind (5) LLC","county":"Sherman","utility":"UPC Power Solutions","balancing_authority":"SWPP","nameplate_mw":10.0,"max_grid_voltage_kv":34.5,"technologies":["Onshore Wind Turbine"],"note":"Generation capacity + interconnected grid voltage, used as a proxy for nearby transmission density. NOT substation headroom (that data is CEII-restricted, 18 CFR 388.113, and not public) -- treat as an estimate."}},{"type":"Feature","geometry":{"type":"Point","coordinates":[-101.8222,36.4669]},"properties":{"plant_code":56562,"name":"Tenderloin Wind (6) LLC","county":"Sherman","utility":"UPC Power Solutions","balancing_authority":"SWPP","nameplate_mw":10.0,"max_grid_voltage_kv":34.5,"technologies":["Onshore Wind Turbine"],"note":"Generation capacity + interconnected grid voltage, used as a proxy for nearby transmission density. NOT substation headroom (that data is CEII-restricted, 18 CFR 388.113, and not public) -- treat as an estimate."}},{"type":"Feature","geometry":{"type":"Point","coordinates":[-100.6481,32.3983]},"properties":{"plant_code":56592,"name":"Champion Wind Farm LLC","county":"Nolan","utility":"RWE Clean Energy","balancing_authority":"ERCO","nameplate_mw":126.5,"max_grid_voltage_kv":345,"technologies":["Onshore Wind Turbine"],"note":"Generation capacity + interconnected grid voltage, used as a proxy for nearby transmission density. NOT substation headroom (that data is CEII-restricted, 18 CFR 388.113, and not public) -- treat as an estimate."}},{"type":"Feature","geometry":{"type":"Point","coordinates":[-100.6664,32.4694]},"properties":{"plant_code":56593,"name":"Roscoe Wind Farm LLC","county":"Nolan","utility":"RWE Clean Energy","balancing_authority":"ERCO","nameplate_mw":209.0,"max_grid_voltage_kv":345,"technologies":["Onshore Wind Turbine"],"note":"Generation capacity + interconnected grid voltage, used as a proxy for nearby transmission density. NOT substation headroom (that data is CEII-restricted, 18 CFR 388.113, and not public) -- treat as an estimate."}},{"type":"Feature","geometry":{"type":"Point","coordinates":[-95.0118,30.4193]},"properties":{"plant_code":56603,"name":"San Jacinto County Peaking Facility","county":"San Jacinto","utility":"East Texas Electric Coop, Inc","balancing_authority":"MISO","nameplate_mw":170.0,"max_grid_voltage_kv":138,"technologies":["Natural Gas Fired Combustion Turbine"],"note":"Generation capacity + interconnected grid voltage, used as a proxy for nearby transmission density. NOT substation headroom (that data is CEII-restricted, 18 CFR 388.113, and not public) -- treat as an estimate."}},{"type":"Feature","geometry":{"type":"Point","coordinates":[-94.2526,30.3038]},"properties":{"plant_code":56604,"name":"Hardin County Peaking Facility","county":"Hardin","utility":"Entergy Texas Inc.","balancing_authority":"MISO","nameplate_mw":173.0,"max_grid_voltage_kv":230,"technologies":["Natural Gas Fired Combustion Turbine"],"note":"Generation capacity + interconnected grid voltage, used as a proxy for nearby transmission density. NOT substation headroom (that data is CEII-restricted, 18 CFR 388.113, and not public) -- treat as an estimate."}},{"type":"Feature","geometry":{"type":"Point","coordinates":[-96.95715,31.47438]},"properties":{"plant_code":56611,"name":"Sandy Creek Energy Station","county":"McLennan","utility":"Sandy Creek Energy Associates LP","balancing_authority":"ERCO","nameplate_mw":1008.0,"max_grid_voltage_kv":345,"technologies":["Conventional Steam Coal"],"note":"Generation capacity + interconnected grid voltage, used as a proxy for nearby transmission density. NOT substation headroom (that data is CEII-restricted, 18 CFR 388.113, and not public) -- treat as an estimate."}},{"type":"Feature","geometry":{"type":"Point","coordinates":[-100.1,32.2878]},"properties":{"plant_code":56638,"name":"Buffalo Gap 3 Wind Farm","county":"Nolan","utility":"AES Distributed Energy","balancing_authority":"ERCO","nameplate_mw":170.2,"max_grid_voltage_kv":34,"technologies":["Onshore Wind Turbine"],"note":"Generation capacity + interconnected grid voltage, used as a proxy for nearby transmission density. NOT substation headroom (that data is CEII-restricted, 18 CFR 388.113, and not public) -- treat as an estimate."}},{"type":"Feature","geometry":{"type":"Point","coordinates":[-101.8367,32.2353]},"properties":{"plant_code":56644,"name":"Stanton Wind Energy LLC","county":"Martin","utility":"Invenergy Services LLC","balancing_authority":"ERCO","nameplate_mw":120.0,"max_grid_voltage_kv":138,"technologies":["Onshore Wind Turbine"],"note":"Generation capacity + interconnected grid voltage, used as a proxy for nearby transmission density. NOT substation headroom (that data is CEII-restricted, 18 CFR 388.113, and not public) -- treat as an estimate."}},{"type":"Feature","geometry":{"type":"Point","coordinates":[-101.53,35.3919]},"properties":{"plant_code":56648,"name":"Majestic 1 Wind Farm","county":"Carson","utility":"NextEra Energy Majestic Wind","balancing_authority":"SWPP","nameplate_mw":79.5,"max_grid_voltage_kv":115,"technologies":["Onshore Wind Turbine"],"note":"Generation capacity + interconnected grid voltage, used as a proxy for nearby transmission density. NOT substation headroom (that data is CEII-restricted, 18 CFR 388.113, and not public) -- treat as an estimate."}},{"type":"Feature","geometry":{"type":"Point","coordinates":[-100.1286,32.4081]},"properties":{"plant_code":56649,"name":"South Trent Wind Farm","county":"Nolan","utility":"NRG Energy Inc","balancing_authority":"ERCO","nameplate_mw":101.2,"max_grid_voltage_kv":138,"technologies":["Onshore Wind Turbine"],"note":"Generation capacity + interconnected grid voltage, used as a proxy for nearby transmission density. NOT substation headroom (that data is CEII-restricted, 18 CFR 388.113, and not public) -- treat as an estimate."}},{"type":"Feature","geometry":{"type":"Point","coordinates":[-101.58583,35.39222]},"properties":{"plant_code":56658,"name":"Majestic 2 Wind Farm","county":"Carson","utility":"Pattern Operators LP","balancing_authority":"ERCO","nameplate_mw":0.0,"max_grid_voltage_kv":115,"technologies":[],"note":"Generation capacity + interconnected grid voltage, used as a proxy for nearby transmission density. NOT substation headroom (that data is CEII-restricted, 18 CFR 388.113, and not public) -- treat as an estimate."}},{"type":"Feature","geometry":{"type":"Point","coordinates":[-97.5994,27.0011]},"properties":{"plant_code":56661,"name":"Pattern Gulf Wind","county":"Kenedy","utility":"Pattern Operators LP","balancing_authority":"ERCO","nameplate_mw":283.2,"max_grid_voltage_kv":345,"technologies":["Onshore Wind Turbine"],"note":"Generation capacity + interconnected grid voltage, used as a proxy for nearby transmission density. NOT substation headroom (that data is CEII-restricted, 18 CFR 388.113, and not public) -- treat as an estimate."}},{"type":"Feature","geometry":{"type":"Point","coordinates":[-97.59944,27.00111]},"properties":{"plant_code":56662,"name":"Texas Gulf Wind 2","county":"Kenedy","utility":"Pattern Operators LP","balancing_authority":"ERCO","nameplate_mw":0.0,"max_grid_voltage_kv":345,"technologies":[],"note":"Generation capacity + interconnected grid voltage, used as a proxy for nearby transmission density. NOT substation headroom (that data is CEII-restricted, 18 CFR 388.113, and not public) -- treat as an estimate."}},{"type":"Feature","geometry":{"type":"Point","coordinates":[-101.0986,34.105]},"properties":{"plant_code":56673,"name":"Whirlwind Energy Center","county":"Floyd","utility":"Whirlwind Energy LLC","balancing_authority":"ERCO","nameplate_mw":59.8,"max_grid_voltage_kv":69,"technologies":["Onshore Wind Turbine"],"note":"Generation capacity + interconnected grid voltage, used as a proxy for nearby transmission density. NOT substation headroom (that data is CEII-restricted, 18 CFR 388.113, and not public) -- treat as an estimate."}},{"type":"Feature","geometry":{"type":"Point","coordinates":[-96.9945,30.02547]},"properties":{"plant_code":56674,"name":"Winchester Power Park","county":"Fayette","utility":"Lower Colorado River Authority","balancing_authority":"ERCO","nameplate_mw":242.0,"max_grid_voltage_kv":138,"technologies":["Natural Gas Fired Combustion Turbine"],"note":"Generation capacity + interconnected grid voltage, used as a proxy for nearby transmission density. NOT substation headroom (that data is CEII-restricted, 18 CFR 388.113, and not public) -- treat as an estimate."}},{"type":"Feature","geometry":{"type":"Point","coordinates":[-96.53972,28.65028]},"properties":{"plant_code":56708,"name":"CFB Power Plant","county":"Calhoun","utility":"Formosa Plastics Corp","balancing_authority":"ERCO","nameplate_mw":310.0,"max_grid_voltage_kv":138,"technologies":["Natural Gas Steam Turbine"],"note":"Generation capacity + interconnected grid voltage, used as a proxy for nearby transmission density. NOT substation headroom (that data is CEII-restricted, 18 CFR 388.113, and not public) -- treat as an estimate."}},{"type":"Feature","geometry":{"type":"Point","coordinates":[-100.79139,31.95194]},"properties":{"plant_code":56754,"name":"Goat Wind LP","county":"Sterling","utility":"Goat Wind LLC","balancing_authority":"ERCO","nameplate_mw":149.6,"max_grid_voltage_kv":34.5,"technologies":["Onshore Wind Turbine"],"note":"Generation capacity + interconnected grid voltage, used as a proxy for nearby transmission density. NOT substation headroom (that data is CEII-restricted, 18 CFR 388.113, and not public) -- treat as an estimate."}},{"type":"Feature","geometry":{"type":"Point","coordinates":[-101.01894,31.95196]},"properties":{"plant_code":56763,"name":"Capricorn Ridge Wind LLC","county":"Sterling","utility":"Capricorn Ridge Wind LLC","balancing_authority":"ERCO","nameplate_mw":662.5,"max_grid_voltage_kv":138,"technologies":["Onshore Wind Turbine"],"note":"Generation capacity + interconnected grid voltage, used as a proxy for nearby transmission density. NOT substation headroom (that data is CEII-restricted, 18 CFR 388.113, and not public) -- treat as an estimate."}},{"type":"Feature","geometry":{"type":"Point","coordinates":[-98.47605,32.33866]},"properties":{"plant_code":56771,"name":"Silver Star I Wind Power Project","county":"Erath","utility":"Silver Star I Power Partners LLC","balancing_authority":"ERCO","nameplate_mw":52.8,"max_grid_voltage_kv":138,"technologies":["Onshore Wind Turbine"],"note":"Generation capacity + interconnected grid voltage, used as a proxy for nearby transmission density. NOT substation headroom (that data is CEII-restricted, 18 CFR 388.113, and not public) -- treat as an estimate."}},{"type":"Feature","geometry":{"type":"Point","coordinates":[-100.9674,33.7522]},"properties":{"plant_code":56773,"name":"McAdoo Wind Energy LLC","county":"Dickens","utility":"Invenergy Services LLC","balancing_authority":"ERCO","nameplate_mw":150.0,"max_grid_voltage_kv":138,"technologies":["Onshore Wind Turbine"],"note":"Generation capacity + interconnected grid voltage, used as a proxy for nearby transmission density. NOT substation headroom (that data is CEII-restricted, 18 CFR 388.113, and not public) -- treat as an estimate."}},{"type":"Feature","geometry":{"type":"Point","coordinates":[-100.2686,32.1981]},"properties":{"plant_code":56774,"name":"Turkey Track Wind Energy LLC","county":"Nolan","utility":"Invenergy Services LLC","balancing_authority":"ERCO","nameplate_mw":169.5,"max_grid_voltage_kv":138,"technologies":["Onshore Wind Turbine"],"note":"Generation capacity + interconnected grid voltage, used as a proxy for nearby transmission density. NOT substation headroom (that data is CEII-restricted, 18 CFR 388.113, and not public) -- treat as an estimate."}},{"type":"Feature","geometry":{"type":"Point","coordinates":[-100.79333,32.71806]},"properties":{"plant_code":56775,"name":"Scurry County Wind II","county":"Scurry","utility":"Invenergy Services LLC","balancing_authority":"ERCO","nameplate_mw":120.0,"max_grid_voltage_kv":138,"technologies":["Onshore Wind Turbine"],"note":"Generation capacity + interconnected grid voltage, used as a proxy for nearby transmission density. NOT substation headroom (that data is CEII-restricted, 18 CFR 388.113, and not public) -- treat as an estimate."}},{"type":"Feature","geometry":{"type":"Point","coordinates":[-101.47361,32.24028]},"properties":{"plant_code":56776,"name":"Gunsight Mountain Wind Energy LLC","county":"Howard","utility":"Invenergy Services LLC","balancing_authority":"ERCO","nameplate_mw":120.0,"max_grid_voltage_kv":138,"technologies":["Onshore Wind Turbine"],"note":"Generation capacity + interconnected grid voltage, used as a proxy for nearby transmission density. NOT substation headroom (that data is CEII-restricted, 18 CFR 388.113, and not public) -- treat as an estimate."}},{"type":"Feature","geometry":{"type":"Point","coordinates":[-101.3986,32.1408]},"properties":{"plant_code":56783,"name":"Elbow Creek Wind Project LLC","county":"Howard","utility":"Elbow Creek Wind Project LLC","balancing_authority":"ERCO","nameplate_mw":121.9,"max_grid_voltage_kv":345,"technologies":["Onshore Wind Turbine"],"note":"Generation capacity + interconnected grid voltage, used as a proxy for nearby transmission density. NOT substation headroom (that data is CEII-restricted, 18 CFR 388.113, and not public) -- treat as an estimate."}},{"type":"Feature","geometry":{"type":"Point","coordinates":[-97.49848,27.02211]},"properties":{"plant_code":56795,"name":"Penascal Wind Power LLC","county":"Kenedy","utility":"Avangrid Power LLC","balancing_authority":"ERCO","nameplate_mw":201.6,"max_grid_voltage_kv":345,"technologies":["Onshore Wind Turbine"],"note":"Generation capacity + interconnected grid voltage, used as a proxy for nearby transmission density. NOT substation headroom (that data is CEII-restricted, 18 CFR 388.113, and not public) -- treat as an estimate."}},{"type":"Feature","geometry":{"type":"Point","coordinates":[-94.92312,29.75164]},"properties":{"plant_code":56806,"name":"Cedar Bayou 4","county":"Chambers","utility":"NRG Cedar Bayou Development Company LLC","balancing_authority":"ERCO","nameplate_mw":535.5,"max_grid_voltage_kv":345,"technologies":["Natural Gas Fired Combined Cycle"],"note":"Generation capacity + interconnected grid voltage, used as a proxy for nearby transmission density. NOT substation headroom (that data is CEII-restricted, 18 CFR 388.113, and not public) -- treat as an estimate."}},{"type":"Feature","geometry":{"type":"Point","coordinates":[-99.4228,32.7683]},"properties":{"plant_code":56823,"name":"Hackberry Wind Farm","county":"Shackelford","utility":"Hackberry Wind LLC","balancing_authority":"ERCO","nameplate_mw":165.6,"max_grid_voltage_kv":345,"technologies":["Onshore Wind Turbine"],"note":"Generation capacity + interconnected grid voltage, used as a proxy for nearby transmission density. NOT substation headroom (that data is CEII-restricted, 18 CFR 388.113, and not public) -- treat as an estimate."}},{"type":"Feature","geometry":{"type":"Point","coordinates":[-101.9789,35.8119]},"properties":{"plant_code":56835,"name":"Ribeye Wind (11) LLC","county":"Moore","utility":"UPC Power Solutions","balancing_authority":"SWPP","nameplate_mw":10.0,"max_grid_voltage_kv":34.5,"technologies":["Onshore Wind Turbine"],"note":"Generation capacity + interconnected grid voltage, used as a proxy for nearby transmission density. NOT substation headroom (that data is CEII-restricted, 18 CFR 388.113, and not public) -- treat as an estimate."}},{"type":"Feature","geometry":{"type":"Point","coordinates":[-101.9986,35.8081]},"properties":{"plant_code":56836,"name":"T-Bone Wind (10) LLC","county":"Moore","utility":"UPC Power Solutions","balancing_authority":"SWPP","nameplate_mw":8.8,"max_grid_voltage_kv":34.5,"technologies":["Onshore Wind Turbine"],"note":"Generation capacity + interconnected grid voltage, used as a proxy for nearby transmission density. NOT substation headroom (that data is CEII-restricted, 18 CFR 388.113, and not public) -- treat as an estimate."}},{"type":"Feature","geometry":{"type":"Point","coordinates":[-101.8033,35.9614]},"properties":{"plant_code":56837,"name":"Tri-Tip Wind (9) LLC","county":"Moore","utility":"UPC Power Solutions","balancing_authority":"SWPP","nameplate_mw":10.0,"max_grid_voltage_kv":12.5,"technologies":["Onshore Wind Turbine"],"note":"Generation capacity + interconnected grid voltage, used as a proxy for nearby transmission density. NOT substation headroom (that data is CEII-restricted, 18 CFR 388.113, and not public) -- treat as an estimate."}},{"type":"Feature","geometry":{"type":"Point","coordinates":[-101.8614,36.0075]},"properties":{"plant_code":56838,"name":"Brisket Wind (8) LLC","county":"Moore","utility":"UPC Power Solutions","balancing_authority":"SWPP","nameplate_mw":10.0,"max_grid_voltage_kv":34.5,"technologies":["Onshore Wind Turbine"],"note":"Generation capacity + interconnected grid voltage, used as a proxy for nearby transmission density. NOT substation headroom (that data is CEII-restricted, 18 CFR 388.113, and not public) -- treat as an estimate."}},{"type":"Feature","geometry":{"type":"Point","coordinates":[-101.9,36.0264]},"properties":{"plant_code":56839,"name":"Flat Iron Wind (7) LLC","county":"Moore","utility":"UPC Power Solutions","balancing_authority":"SWPP","nameplate_mw":10.0,"max_grid_voltage_kv":34.5,"technologies":["Onshore Wind Turbine"],"note":"Generation capacity + interconnected grid voltage, used as a proxy for nearby transmission density. NOT substation headroom (that data is CEII-restricted, 18 CFR 388.113, and not public) -- treat as an estimate."}},{"type":"Feature","geometry":{"type":"Point","coordinates":[-98.6536,29.3467]},"properties":{"plant_code":56864,"name":"Covel Gardens Gas Recovery","county":"Bexar","utility":"Energy Developments, Inc d/b/a EDL","balancing_authority":"ERCO","nameplate_mw":0.0,"max_grid_voltage_kv":13.2,"technologies":[],"note":"Generation capacity + interconnected grid voltage, used as a proxy for nearby transmission density. NOT substation headroom (that data is CEII-restricted, 18 CFR 388.113, and not public) -- treat as an estimate."}},{"type":"Feature","geometry":{"type":"Point","coordinates":[-101.3917,36.4964]},"properties":{"plant_code":56905,"name":"Great Plains Windpark LLC","county":"Hansford","utility":"Great Plains Windpark Legacy LLC","balancing_authority":"SWPP","nameplate_mw":114.0,"max_grid_voltage_kv":345,"technologies":["Onshore Wind Turbine"],"note":"Generation capacity + interconnected grid voltage, used as a proxy for nearby transmission density. NOT substation headroom (that data is CEII-restricted, 18 CFR 388.113, and not public) -- treat as an estimate."}},{"type":"Feature","geometry":{"type":"Point","coordinates":[-101.45139,32.10082]},"properties":{"plant_code":56920,"name":"Panther Creek Wind Farm I","county":"Howard","utility":"RWE Clean Energy","balancing_authority":"ERCO","nameplate_mw":142.5,"max_grid_voltage_kv":345,"technologies":["Onshore Wind Turbine"],"note":"Generation capacity + interconnected grid voltage, used as a proxy for nearby transmission density. NOT substation headroom (that data is CEII-restricted, 18 CFR 388.113, and not public) -- treat as an estimate."}},{"type":"Feature","geometry":{"type":"Point","coordinates":[-101.2983,31.9361]},"properties":{"plant_code":56921,"name":"Panther Creek Wind Farm II","county":"Glasscock","utility":"RWE Clean Energy","balancing_authority":"ERCO","nameplate_mw":115.5,"max_grid_voltage_kv":345,"technologies":["Onshore Wind Turbine"],"note":"Generation capacity + interconnected grid voltage, used as a proxy for nearby transmission density. NOT substation headroom (that data is CEII-restricted, 18 CFR 388.113, and not public) -- treat as an estimate."}},{"type":"Feature","geometry":{"type":"Point","coordinates":[-101.57862,32.92901]},"properties":{"plant_code":56956,"name":"Bull Creek Wind","county":"Borden","utility":"Bull Creek Wind LLC","balancing_authority":"ERCO","nameplate_mw":180.0,"max_grid_voltage_kv":138,"technologies":["Onshore Wind Turbine"],"note":"Generation capacity + interconnected grid voltage, used as a proxy for nearby transmission density. NOT substation headroom (that data is CEII-restricted, 18 CFR 388.113, and not public) -- treat as an estimate."}},{"type":"Feature","geometry":{"type":"Point","coordinates":[-101.3853,32.1217]},"properties":{"plant_code":56959,"name":"Ocotillo Windpower","county":"Howard","utility":"Deriva Energy","balancing_authority":"ERCO","nameplate_mw":58.8,"max_grid_voltage_kv":138,"technologies":["Onshore Wind Turbine"],"note":"Generation capacity + interconnected grid voltage, used as a proxy for nearby transmission density. NOT substation headroom (that data is CEII-restricted, 18 CFR 388.113, and not public) -- treat as an estimate."}},{"type":"Feature","geometry":{"type":"Point","coordinates":[-102.82833,31.995]},"properties":{"plant_code":56961,"name":"Notrees Windpower Hybrid","county":"Ector","utility":"Deriva Energy","balancing_authority":"ERCO","nameplate_mw":188.5,"max_grid_voltage_kv":138,"technologies":["Batteries","Onshore Wind Turbine"],"note":"Generation capacity + interconnected grid voltage, used as a proxy for nearby transmission density. NOT substation headroom (that data is CEII-restricted, 18 CFR 388.113, and not public) -- treat as an estimate."}},{"type":"Feature","geometry":{"type":"Point","coordinates":[-101.1167,31.9925]},"properties":{"plant_code":56979,"name":"Panther Creek Wind Farm Three","county":"Sterling","utility":"RWE Clean Energy","balancing_authority":"ERCO","nameplate_mw":215.5,"max_grid_voltage_kv":345,"technologies":["Onshore Wind Turbine"],"note":"Generation capacity + interconnected grid voltage, used as a proxy for nearby transmission density. NOT substation headroom (that data is CEII-restricted, 18 CFR 388.113, and not public) -- treat as an estimate."}},{"type":"Feature","geometry":{"type":"Point","coordinates":[-100.6728,32.5886]},"properties":{"plant_code":56981,"name":"Pyron Wind Farm LLC Hybrid","county":"Fisher","utility":"RWE Clean Energy","balancing_authority":"ERCO","nameplate_mw":258.9,"max_grid_voltage_kv":345,"technologies":["Batteries","Onshore Wind Turbine"],"note":"Generation capacity + interconnected grid voltage, used as a proxy for nearby transmission density. NOT substation headroom (that data is CEII-restricted, 18 CFR 388.113, and not public) -- treat as an estimate."}},{"type":"Feature","geometry":{"type":"Point","coordinates":[-97.4586,27.9386]},"properties":{"plant_code":56983,"name":"Papalote Creek I LLC","county":"San Patricio","utility":"RWE Clean Energy","balancing_authority":"ERCO","nameplate_mw":180.0,"max_grid_voltage_kv":138,"technologies":["Onshore Wind Turbine"],"note":"Generation capacity + interconnected grid voltage, used as a proxy for nearby transmission density. NOT substation headroom (that data is CEII-restricted, 18 CFR 388.113, and not public) -- treat as an estimate."}},{"type":"Feature","geometry":{"type":"Point","coordinates":[-100.5797,32.4969]},"properties":{"plant_code":56984,"name":"Inadale Wind Farm LLC Hybrid","county":"Nolan","utility":"RWE Clean Energy","balancing_authority":"ERCO","nameplate_mw":206.9,"max_grid_voltage_kv":345,"technologies":["Batteries","Onshore Wind Turbine"],"note":"Generation capacity + interconnected grid voltage, used as a proxy for nearby transmission density. NOT substation headroom (that data is CEII-restricted, 18 CFR 388.113, and not public) -- treat as an estimate."}},{"type":"Feature","geometry":{"type":"Point","coordinates":[-97.53712,32.72455]},"properties":{"plant_code":57020,"name":"Westside Landfill Gas Recovery","county":"Parker","utility":"WM Renewable Energy LLC","balancing_authority":"ERCO","nameplate_mw":3.2,"max_grid_voltage_kv":14,"technologies":["Landfill Gas"],"note":"Generation capacity + interconnected grid voltage, used as a proxy for nearby transmission density. NOT substation headroom (that data is CEII-restricted, 18 CFR 388.113, and not public) -- treat as an estimate."}},{"type":"Feature","geometry":{"type":"Point","coordinates":[-97.0761,33.19185]},"properties":{"plant_code":57071,"name":"Denton Power LLC","county":"Denton","utility":"City of Denton - (TX)","balancing_authority":"ERCO","nameplate_mw":0.0,"max_grid_voltage_kv":13.2,"technologies":[],"note":"Generation capacity + interconnected grid voltage, used as a proxy for nearby transmission density. NOT substation headroom (that data is CEII-restricted, 18 CFR 388.113, and not public) -- treat as an estimate."}},{"type":"Feature","geometry":{"type":"Point","coordinates":[-97.55737,27.12253]},"properties":{"plant_code":57095,"name":"Penascal II Wind Project LLC","county":"Kenedy","utility":"Avangrid Power LLC","balancing_authority":"ERCO","nameplate_mw":201.6,"max_grid_voltage_kv":37,"technologies":["Onshore Wind Turbine"],"note":"Generation capacity + interconnected grid voltage, used as a proxy for nearby transmission density. NOT substation headroom (that data is CEII-restricted, 18 CFR 388.113, and not public) -- treat as an estimate."}},{"type":"Feature","geometry":{"type":"Point","coordinates":[-100.67882,31.08544]},"properties":{"plant_code":57153,"name":"Langford Wind Power","county":"Tom Green","utility":"Langford Wind Power LLC","balancing_authority":"ERCO","nameplate_mw":150.0,"max_grid_voltage_kv":138,"technologies":["Onshore Wind Turbine"],"note":"Generation capacity + interconnected grid voltage, used as a proxy for nearby transmission density. NOT substation headroom (that data is CEII-restricted, 18 CFR 388.113, and not public) -- treat as an estimate."}},{"type":"Feature","geometry":{"type":"Point","coordinates":[-98.32842,33.05223]},"properties":{"plant_code":57156,"name":"Barton Chapel Wind Farm","county":"Jack","utility":"Avangrid Power LLC","balancing_authority":"ERCO","nameplate_mw":120.0,"max_grid_voltage_kv":138,"technologies":["Onshore Wind Turbine"],"note":"Generation capacity + interconnected grid voltage, used as a proxy for nearby transmission density. NOT substation headroom (that data is CEII-restricted, 18 CFR 388.113, and not public) -- treat as an estimate."}},{"type":"Feature","geometry":{"type":"Point","coordinates":[-96.95722,33.03111]},"properties":{"plant_code":57165,"name":"Farmers Branch Renewable Energy Facility","county":"Denton","utility":"WM Renewable Energy LLC","balancing_authority":"ERCO","nameplate_mw":3.2,"max_grid_voltage_kv":24.9,"technologies":["Landfill Gas"],"note":"Generation capacity + interconnected grid voltage, used as a proxy for nearby transmission density. NOT substation headroom (that data is CEII-restricted, 18 CFR 388.113, and not public) -- treat as an estimate."}},{"type":"Feature","geometry":{"type":"Point","coordinates":[-98.0228,29.7372]},"properties":{"plant_code":57167,"name":"Mesquite Creek LFGTE Project","county":"Comal","utility":"WM Renewable Energy LLC","balancing_authority":"ERCO","nameplate_mw":3.2,"max_grid_voltage_kv":13,"technologies":["Landfill Gas"],"note":"Generation capacity + interconnected grid voltage, used as a proxy for nearby transmission density. NOT substation headroom (that data is CEII-restricted, 18 CFR 388.113, and not public) -- treat as an estimate."}},{"type":"Feature","geometry":{"type":"Point","coordinates":[-98.40034,29.30418]},"properties":{"plant_code":57197,"name":"Blue Wing Solar Energy Generation","county":"Bexar","utility":"Deriva Energy","balancing_authority":"ERCO","nameplate_mw":13.9,"max_grid_voltage_kv":13.8,"technologies":["Solar Photovoltaic"],"note":"Generation capacity + interconnected grid voltage, used as a proxy for nearby transmission density. NOT substation headroom (that data is CEII-restricted, 18 CFR 388.113, and not public) -- treat as an estimate."}},{"type":"Feature","geometry":{"type":"Point","coordinates":[-97.2967,27.9958]},"properties":{"plant_code":57212,"name":"Papalote Creek II LLC","county":"San Patricio","utility":"RWE Clean Energy","balancing_authority":"ERCO","nameplate_mw":200.1,"max_grid_voltage_kv":138,"technologies":["Onshore Wind Turbine"],"note":"Generation capacity + interconnected grid voltage, used as a proxy for nearby transmission density. NOT substation headroom (that data is CEII-restricted, 18 CFR 388.113, and not public) -- treat as an estimate."}},{"type":"Feature","geometry":{"type":"Point","coordinates":[-98.90528,27.57611]},"properties":{"plant_code":57260,"name":"Cedro Hill Wind LLC","county":"Webb","utility":"Cedro Hill Wind, LLC","balancing_authority":"ERCO","nameplate_mw":300.0,"max_grid_voltage_kv":138,"technologies":["Onshore Wind Turbine"],"note":"Generation capacity + interconnected grid voltage, used as a proxy for nearby transmission density. NOT substation headroom (that data is CEII-restricted, 18 CFR 388.113, and not public) -- treat as an estimate."}},{"type":"Feature","geometry":{"type":"Point","coordinates":[-101.54024,35.96427]},"properties":{"plant_code":57263,"name":"Little Pringle I Wind Farm","county":"Hutchinson","utility":"Everpoint Services Inc","balancing_authority":"SWPP","nameplate_mw":0.0,"max_grid_voltage_kv":34.5,"technologies":[],"note":"Generation capacity + interconnected grid voltage, used as a proxy for nearby transmission density. NOT substation headroom (that data is CEII-restricted, 18 CFR 388.113, and not public) -- treat as an estimate."}},{"type":"Feature","geometry":{"type":"Point","coordinates":[-101.54136,35.92486]},"properties":{"plant_code":57264,"name":"Little Pringle II Wind Farm","county":"Hutchinson","utility":"Everpoint Services Inc","balancing_authority":"SWPP","nameplate_mw":0.0,"max_grid_voltage_kv":34.5,"technologies":[],"note":"Generation capacity + interconnected grid voltage, used as a proxy for nearby transmission density. NOT substation headroom (that data is CEII-restricted, 18 CFR 388.113, and not public) -- treat as an estimate."}},{"type":"Feature","geometry":{"type":"Point","coordinates":[-100.7444,32.4375]},"properties":{"plant_code":57303,"name":"Loraine Windpark Project LLC","county":"Mitchell","utility":"Loraine Windpower Project","balancing_authority":"ERCO","nameplate_mw":150.0,"max_grid_voltage_kv":345,"technologies":["Onshore Wind Turbine"],"note":"Generation capacity + interconnected grid voltage, used as a proxy for nearby transmission density. NOT substation headroom (that data is CEII-restricted, 18 CFR 388.113, and not public) -- treat as an estimate."}},{"type":"Feature","geometry":{"type":"Point","coordinates":[-94.90066,29.83814]},"properties":{"plant_code":57322,"name":"Mont Belvieu Cogeneration Unit","county":"Chambers","utility":"Targa Co-Generation LLC","balancing_authority":"ERCO","nameplate_mw":15.0,"max_grid_voltage_kv":138,"technologies":["Natural Gas Fired Combustion Turbine"],"note":"Generation capacity + interconnected grid voltage, used as a proxy for nearby transmission density. NOT substation headroom (that data is CEII-restricted, 18 CFR 388.113, and not public) -- treat as an estimate."}},{"type":"Feature","geometry":{"type":"Point","coordinates":[-101.9005,35.9454]},"properties":{"plant_code":57326,"name":"Sunray Wind I","county":"Moore","utility":"Diamond Shamrock Refining Company LP","balancing_authority":"SWPP","nameplate_mw":49.5,"max_grid_voltage_kv":12.47,"technologies":["Onshore Wind Turbine"],"note":"Generation capacity + interconnected grid voltage, used as a proxy for nearby transmission density. NOT substation headroom (that data is CEII-restricted, 18 CFR 388.113, and not public) -- treat as an estimate."}},{"type":"Feature","geometry":{"type":"Point","coordinates":[-102.50581,30.77257]},"properties":{"plant_code":57415,"name":"Sherbino II","county":"Pecos","utility":"Sherbino II Wind Farm LLC","balancing_authority":"ERCO","nameplate_mw":132.0,"max_grid_voltage_kv":138,"technologies":["Onshore Wind Turbine"],"note":"Generation capacity + interconnected grid voltage, used as a proxy for nearby transmission density. NOT substation headroom (that data is CEII-restricted, 18 CFR 388.113, and not public) -- treat as an estimate."}},{"type":"Feature","geometry":{"type":"Point","coordinates":[-101.39,33.66111]},"properties":{"plant_code":57474,"name":"Ralls Wind Farm","county":"Crosby","utility":"Ralls Wind Farm LLC","balancing_authority":"SWPP","nameplate_mw":10.0,"max_grid_voltage_kv":69,"technologies":["Onshore Wind Turbine"],"note":"Generation capacity + interconnected grid voltage, used as a proxy for nearby transmission density. NOT substation headroom (that data is CEII-restricted, 18 CFR 388.113, and not public) -- treat as an estimate."}},{"type":"Feature","geometry":{"type":"Point","coordinates":[-95.39832,29.70345]},"properties":{"plant_code":57504,"name":"TECO CHP-1","county":"Harris","utility":"Texas Medical Center Central","balancing_authority":"ERCO","nameplate_mw":98.0,"max_grid_voltage_kv":138,"technologies":["Natural Gas Fired Combustion Turbine"],"note":"Generation capacity + interconnected grid voltage, used as a proxy for nearby transmission density. NOT substation headroom (that data is CEII-restricted, 18 CFR 388.113, and not public) -- treat as an estimate."}},{"type":"Feature","geometry":{"type":"Point","coordinates":[-101.60528,36.49851]},"properties":{"plant_code":57517,"name":"DeWind Frisco","county":"Hansford","utility":"DeWind Co.","balancing_authority":"SWPP","nameplate_mw":0.0,"max_grid_voltage_kv":115,"technologies":[],"note":"Generation capacity + interconnected grid voltage, used as a proxy for nearby transmission density. NOT substation headroom (that data is CEII-restricted, 18 CFR 388.113, and not public) -- treat as an estimate."}},{"type":"Feature","geometry":{"type":"Point","coordinates":[-98.71194,33.38361]},"properties":{"plant_code":57520,"name":"Trinity Hills","county":"Young","utility":"Trinity Hills Wind Farm LLC","balancing_authority":"ERCO","nameplate_mw":198.0,"max_grid_voltage_kv":345,"technologies":["Onshore Wind Turbine"],"note":"Generation capacity + interconnected grid voltage, used as a proxy for nearby transmission density. NOT substation headroom (that data is CEII-restricted, 18 CFR 388.113, and not public) -- treat as an estimate."}},{"type":"Feature","geometry":{"type":"Point","coordinates":[-98.41111,26.46556]},"properties":{"plant_code":57617,"name":"Hidalgo Wind Farm LLC","county":"Hidalgo","utility":"Hidalgo Wind Farm LLC","balancing_authority":"ERCO","nameplate_mw":250.0,"max_grid_voltage_kv":138,"technologies":["Onshore Wind Turbine"],"note":"Generation capacity + interconnected grid voltage, used as a proxy for nearby transmission density. NOT substation headroom (that data is CEII-restricted, 18 CFR 388.113, and not public) -- treat as an estimate."}},{"type":"Feature","geometry":{"type":"Point","coordinates":[-97.4614,30.4214]},"properties":{"plant_code":57659,"name":"East Blackland Solar Project 1","county":"Travis","utility":"Deriva Energy","balancing_authority":"ERCO","nameplate_mw":144.0,"max_grid_voltage_kv":138,"technologies":["Solar Photovoltaic"],"note":"Generation capacity + interconnected grid voltage, used as a proxy for nearby transmission density. NOT substation headroom (that data is CEII-restricted, 18 CFR 388.113, and not public) -- treat as an estimate."}},{"type":"Feature","geometry":{"type":"Point","coordinates":[-97.50881,30.23849]},"properties":{"plant_code":57699,"name":"Webberville Solar Project","county":"Travis","utility":"FRV AE Solar LLC","balancing_authority":"ERCO","nameplate_mw":30.0,"max_grid_voltage_kv":138,"technologies":["Solar Photovoltaic"],"note":"Generation capacity + interconnected grid voltage, used as a proxy for nearby transmission density. NOT substation headroom (that data is CEII-restricted, 18 CFR 388.113, and not public) -- treat as an estimate."}},{"type":"Feature","geometry":{"type":"Point","coordinates":[-97.5857,26.33072]},"properties":{"plant_code":57751,"name":"Los Vientos Wind 1A","county":"Cameron","utility":"Deriva Energy","balancing_authority":"ERCO","nameplate_mw":200.0,"max_grid_voltage_kv":138,"technologies":["Onshore Wind Turbine"],"note":"Generation capacity + interconnected grid voltage, used as a proxy for nearby transmission density. NOT substation headroom (that data is CEII-restricted, 18 CFR 388.113, and not public) -- treat as an estimate."}},{"type":"Feature","geometry":{"type":"Point","coordinates":[-97.6668,26.34892]},"properties":{"plant_code":57752,"name":"Los Vientos Wind 1B","county":"Cameron","utility":"Deriva Energy","balancing_authority":"ERCO","nameplate_mw":201.6,"max_grid_voltage_kv":138,"technologies":["Onshore Wind Turbine"],"note":"Generation capacity + interconnected grid voltage, used as a proxy for nearby transmission density. NOT substation headroom (that data is CEII-restricted, 18 CFR 388.113, and not public) -- treat as an estimate."}},{"type":"Feature","geometry":{"type":"Point","coordinates":[-97.69111,26.47528]},"properties":{"plant_code":57802,"name":"Magic Valley Wind Farm I LLC","county":"Willacy","utility":"RWE Clean Energy","balancing_authority":"ERCO","nameplate_mw":203.0,"max_grid_voltage_kv":138,"technologies":["Onshore Wind Turbine"],"note":"Generation capacity + interconnected grid voltage, used as a proxy for nearby transmission density. NOT substation headroom (that data is CEII-restricted, 18 CFR 388.113, and not public) -- treat as an estimate."}},{"type":"Feature","geometry":{"type":"Point","coordinates":[-101.84333,33.865]},"properties":{"plant_code":57865,"name":"Antelope Station","county":"Hale","utility":"Golden Spread Electric Cooperative, Inc","balancing_authority":"SWPP","nameplate_mw":167.4,"max_grid_voltage_kv":230,"technologies":["Natural Gas Internal Combustion Engine"],"note":"Generation capacity + interconnected grid voltage, used as a proxy for nearby transmission density. NOT substation headroom (that data is CEII-restricted, 18 CFR 388.113, and not public) -- treat as an estimate."}},{"type":"Feature","geometry":{"type":"Point","coordinates":[-102.21,35.24361]},"properties":{"plant_code":57866,"name":"Golden Spread Panhandle Wnd Rch","county":"Oldham","utility":"Golden Spread Electric Cooperative, Inc","balancing_authority":"SWPP","nameplate_mw":78.2,"max_grid_voltage_kv":230,"technologies":["Onshore Wind Turbine"],"note":"Generation capacity + interconnected grid voltage, used as a proxy for nearby transmission density. NOT substation headroom (that data is CEII-restricted, 18 CFR 388.113, and not public) -- treat as an estimate."}},{"type":"Feature","geometry":{"type":"Point","coordinates":[-97.59818,27.18465]},"properties":{"plant_code":57927,"name":"Baffin Wind","county":"Kenedy","utility":"Avangrid Power LLC","balancing_authority":"ERCO","nameplate_mw":188.0,"max_grid_voltage_kv":345,"technologies":["Onshore Wind Turbine"],"note":"Generation capacity + interconnected grid voltage, used as a proxy for nearby transmission density. NOT substation headroom (that data is CEII-restricted, 18 CFR 388.113, and not public) -- treat as an estimate."}},{"type":"Feature","geometry":{"type":"Point","coordinates":[-102.20306,35.2375]},"properties":{"plant_code":57973,"name":"Spinning Spur Wind LLC","county":"Oldham","utility":"EDF Renewable Asset Holdings, Inc.","balancing_authority":"SWPP","nameplate_mw":161.0,"max_grid_voltage_kv":345,"technologies":["Onshore Wind Turbine"],"note":"Generation capacity + interconnected grid voltage, used as a proxy for nearby transmission density. NOT substation headroom (that data is CEII-restricted, 18 CFR 388.113, and not public) -- treat as an estimate."}},{"type":"Feature","geometry":{"type":"Point","coordinates":[-98.58194,33.49306]},"properties":{"plant_code":57974,"name":"Bobcat Bluff Wind Project LLC","county":"Archer","utility":"EDF Renewable Asset Holdings, Inc.","balancing_authority":"ERCO","nameplate_mw":161.0,"max_grid_voltage_kv":345,"technologies":["Onshore Wind Turbine"],"note":"Generation capacity + interconnected grid voltage, used as a proxy for nearby transmission density. NOT substation headroom (that data is CEII-restricted, 18 CFR 388.113, and not public) -- treat as an estimate."}},{"type":"Feature","geometry":{"type":"Point","coordinates":[-98.36507,33.2058]},"properties":{"plant_code":57981,"name":"Senate Wind LLC","county":"Jack","utility":"Algonquin Power Co","balancing_authority":"ERCO","nameplate_mw":150.0,"max_grid_voltage_kv":345,"technologies":["Onshore Wind Turbine"],"note":"Generation capacity + interconnected grid voltage, used as a proxy for nearby transmission density. NOT substation headroom (that data is CEII-restricted, 18 CFR 388.113, and not public) -- treat as an estimate."}},{"type":"Feature","geometry":{"type":"Point","coordinates":[-101.64778,32.92639]},"properties":{"plant_code":57983,"name":"Stephens Ranch Wind Energy LLC","county":"Borden","utility":"Stephens Ranch Wind Energy LLC","balancing_authority":"ERCO","nameplate_mw":376.0,"max_grid_voltage_kv":345,"technologies":["Onshore Wind Turbine"],"note":"Generation capacity + interconnected grid voltage, used as a proxy for nearby transmission density. NOT substation headroom (that data is CEII-restricted, 18 CFR 388.113, and not public) -- treat as an estimate."}},{"type":"Feature","geometry":{"type":"Point","coordinates":[-100.20917,29.23472]},"properties":{"plant_code":58000,"name":"Anacacho Wind Farm, LLC","county":"Kinney","utility":"RWE Clean Energy","balancing_authority":"ERCO","nameplate_mw":99.8,"max_grid_voltage_kv":138,"technologies":["Onshore Wind Turbine"],"note":"Generation capacity + interconnected grid voltage, used as a proxy for nearby transmission density. NOT substation headroom (that data is CEII-restricted, 18 CFR 388.113, and not public) -- treat as an estimate."}},{"type":"Feature","geometry":{"type":"Point","coordinates":[-97.31722,31.05583]},"properties":{"plant_code":58001,"name":"Temple Power Station","county":"Bell","utility":"Temple Generation Holdings LLC","balancing_authority":"ERCO","nameplate_mw":1606.4,"max_grid_voltage_kv":345,"technologies":["Natural Gas Fired Combined Cycle"],"note":"Generation capacity + interconnected grid voltage, used as a proxy for nearby transmission density. NOT substation headroom (that data is CEII-restricted, 18 CFR 388.113, and not public) -- treat as an estimate."}},{"type":"Feature","geometry":{"type":"Point","coordinates":[-96.61789,33.58257]},"properties":{"plant_code":58005,"name":"Rayburn Energy Station LLC","county":"Grayson","utility":"Rayburn Energy Station LLC","balancing_authority":"ERCO","nameplate_mw":803.2,"max_grid_voltage_kv":138,"technologies":["Natural Gas Fired Combined Cycle"],"note":"Generation capacity + interconnected grid voltage, used as a proxy for nearby transmission density. NOT substation headroom (that data is CEII-restricted, 18 CFR 388.113, and not public) -- treat as an estimate."}},{"type":"Feature","geometry":{"type":"Point","coordinates":[-98.66917,29.22194]},"properties":{"plant_code":58009,"name":"SunE CPS3 LLC","county":"Bexar","utility":"REC Solar","balancing_authority":"ERCO","nameplate_mw":10.6,"max_grid_voltage_kv":13.6,"technologies":["Solar Photovoltaic"],"note":"Generation capacity + interconnected grid voltage, used as a proxy for nearby transmission density. NOT substation headroom (that data is CEII-restricted, 18 CFR 388.113, and not public) -- treat as an estimate."}},{"type":"Feature","geometry":{"type":"Point","coordinates":[-97.69029,30.55704]},"properties":{"plant_code":58013,"name":"IKEA Round Rock 027","county":"Williamson","utility":"IKEA Property Inc","balancing_authority":"ERCO","nameplate_mw":1.4,"max_grid_voltage_kv":0.48,"technologies":["Solar Photovoltaic"],"note":"Generation capacity + interconnected grid voltage, used as a proxy for nearby transmission density. NOT substation headroom (that data is CEII-restricted, 18 CFR 388.113, and not public) -- treat as an estimate."}},{"type":"Feature","geometry":{"type":"Point","coordinates":[-99.00528,27.48806]},"properties":{"plant_code":58021,"name":"Whitetail","county":"Webb","utility":"Whitetail Wind Energy, LLC","balancing_authority":"ERCO","nameplate_mw":92.0,"max_grid_voltage_kv":138,"technologies":["Onshore Wind Turbine"],"note":"Generation capacity + interconnected grid voltage, used as a proxy for nearby transmission density. NOT substation headroom (that data is CEII-restricted, 18 CFR 388.113, and not public) -- treat as an estimate."}},{"type":"Feature","geometry":{"type":"Point","coordinates":[-98.41833,29.245]},"properties":{"plant_code":58027,"name":"SunE CPS2 LLC","county":"Bexar","utility":"REC Solar","balancing_authority":"ERCO","nameplate_mw":10.0,"max_grid_voltage_kv":13.6,"technologies":["Solar Photovoltaic"],"note":"Generation capacity + interconnected grid voltage, used as a proxy for nearby transmission density. NOT substation headroom (that data is CEII-restricted, 18 CFR 388.113, and not public) -- treat as an estimate."}},{"type":"Feature","geometry":{"type":"Point","coordinates":[-100.52417,32.96972]},"properties":{"plant_code":58048,"name":"Mozart Wind Farm","county":"Kent & Stonewall","utility":"Mozart Wind, LLC","balancing_authority":"ERCO","nameplate_mw":30.0,"max_grid_voltage_kv":69,"technologies":["Onshore Wind Turbine"],"note":"Generation capacity + interconnected grid voltage, used as a proxy for nearby transmission density. NOT substation headroom (that data is CEII-restricted, 18 CFR 388.113, and not public) -- treat as an estimate."}},{"type":"Feature","geometry":{"type":"Point","coordinates":[-98.41833,29.245]},"properties":{"plant_code":58068,"name":"SunE CPS1 LLC","county":"Bexar","utility":"REC Solar","balancing_authority":"ERCO","nameplate_mw":10.0,"max_grid_voltage_kv":13.6,"technologies":["Solar Photovoltaic"],"note":"Generation capacity + interconnected grid voltage, used as a proxy for nearby transmission density. NOT substation headroom (that data is CEII-restricted, 18 CFR 388.113, and not public) -- treat as an estimate."}},{"type":"Feature","geometry":{"type":"Point","coordinates":[-95.21028,29.72333]},"properties":{"plant_code":58069,"name":"PRSI FCC Generator","county":"Harris","utility":"Pasadena Refining System Inc","balancing_authority":"ERCO","nameplate_mw":4.7,"max_grid_voltage_kv":138,"technologies":["Petroleum Coke"],"note":"Generation capacity + interconnected grid voltage, used as a proxy for nearby transmission density. NOT substation headroom (that data is CEII-restricted, 18 CFR 388.113, and not public) -- treat as an estimate."}},{"type":"Feature","geometry":{"type":"Point","coordinates":[-97.42841,33.73301]},"properties":{"plant_code":58080,"name":"Wolf Ridge Wind","county":"Cooke","utility":"NextEra Wolf Ridge LLC","balancing_authority":"ERCO","nameplate_mw":112.5,"max_grid_voltage_kv":138,"technologies":["Onshore Wind Turbine"],"note":"Generation capacity + interconnected grid voltage, used as a proxy for nearby transmission density. NOT substation headroom (that data is CEII-restricted, 18 CFR 388.113, and not public) -- treat as an estimate."}},{"type":"Feature","geometry":{"type":"Point","coordinates":[-96.34333,30.61778]},"properties":{"plant_code":58151,"name":"Central Utility Plant - Texas A&M","county":"Brazos","utility":"Texas A&M, Utilities & Energy Services","balancing_authority":"ERCO","nameplate_mw":45.1,"max_grid_voltage_kv":12.47,"technologies":["Natural Gas Fired Combined Cycle"],"note":"Generation capacity + interconnected grid voltage, used as a proxy for nearby transmission density. NOT substation headroom (that data is CEII-restricted, 18 CFR 388.113, and not public) -- treat as an estimate."}},{"type":"Feature","geometry":{"type":"Point","coordinates":[-101.6875,33.03306]},"properties":{"plant_code":58162,"name":"Cirrus Wind 1 LLC","county":"Lynn","utility":"Cirrus Wind 1 LLC","balancing_authority":"SWPP","nameplate_mw":61.2,"max_grid_voltage_kv":230,"technologies":["Onshore Wind Turbine"],"note":"Generation capacity + interconnected grid voltage, used as a proxy for nearby transmission density. NOT substation headroom (that data is CEII-restricted, 18 CFR 388.113, and not public) -- treat as an estimate."}},{"type":"Feature","geometry":{"type":"Point","coordinates":[-101.25306,35.4275]},"properties":{"plant_code":58242,"name":"Pattern Panhandle Wind LLC","county":"Carson","utility":"Pattern Operators LP","balancing_authority":"ERCO","nameplate_mw":218.0,"max_grid_voltage_kv":345,"technologies":["Onshore Wind Turbine"],"note":"Generation capacity + interconnected grid voltage, used as a proxy for nearby transmission density. NOT substation headroom (that data is CEII-restricted, 18 CFR 388.113, and not public) -- treat as an estimate."}},{"type":"Feature","geometry":{"type":"Point","coordinates":[-98.46667,31.38333]},"properties":{"plant_code":58321,"name":"Goldthwaite Wind Energy Facility","county":"Mills","utility":"Invenergy Services LLC","balancing_authority":"ERCO","nameplate_mw":150.0,"max_grid_voltage_kv":138,"technologies":["Onshore Wind Turbine"],"note":"Generation capacity + interconnected grid voltage, used as a proxy for nearby transmission density. NOT substation headroom (that data is CEII-restricted, 18 CFR 388.113, and not public) -- treat as an estimate."}},{"type":"Feature","geometry":{"type":"Point","coordinates":[-101.57857,35.38604]},"properties":{"plant_code":58363,"name":"Majestic II Wind","county":"Carson","utility":"NextEra Energy Majestic Wind","balancing_authority":"SWPP","nameplate_mw":79.6,"max_grid_voltage_kv":115,"technologies":["Onshore Wind Turbine"],"note":"Generation capacity + interconnected grid voltage, used as a proxy for nearby transmission density. NOT substation headroom (that data is CEII-restricted, 18 CFR 388.113, and not public) -- treat as an estimate."}},{"type":"Feature","geometry":{"type":"Point","coordinates":[-99.36773,34.29291]},"properties":{"plant_code":58372,"name":"Blue Summit Wind LLC","county":"Wilbarger","utility":"Blue Summit Wind LLC","balancing_authority":"ERCO","nameplate_mw":135.4,"max_grid_voltage_kv":345,"technologies":["Onshore Wind Turbine"],"note":"Generation capacity + interconnected grid voltage, used as a proxy for nearby transmission density. NOT substation headroom (that data is CEII-restricted, 18 CFR 388.113, and not public) -- treat as an estimate."}},{"type":"Feature","geometry":{"type":"Point","coordinates":[-95.63417,29.47528]},"properties":{"plant_code":58378,"name":"Petra Nova Carbon Capture Cogen","county":"Fort Bend","utility":"Petra Nova Power I LLC","balancing_authority":"ERCO","nameplate_mw":82.2,"max_grid_voltage_kv":138,"technologies":["Natural Gas Fired Combustion Turbine"],"note":"Generation capacity + interconnected grid voltage, used as a proxy for nearby transmission density. NOT substation headroom (that data is CEII-restricted, 18 CFR 388.113, and not public) -- treat as an estimate."}},{"type":"Feature","geometry":{"type":"Point","coordinates":[-101.5325,35.32278]},"properties":{"plant_code":58404,"name":"Pantex","county":"Carson","utility":"Pantex (NNSA)","balancing_authority":"SWPP","nameplate_mw":11.5,"max_grid_voltage_kv":115,"technologies":["Onshore Wind Turbine"],"note":"Generation capacity + interconnected grid voltage, used as a proxy for nearby transmission density. NOT substation headroom (that data is CEII-restricted, 18 CFR 388.113, and not public) -- treat as an estimate."}},{"type":"Feature","geometry":{"type":"Point","coordinates":[-102.58556,32.06917]},"properties":{"plant_code":58471,"name":"Ector County Energy Center","county":"Ector","utility":"Ector County Generation, LLC","balancing_authority":"ERCO","nameplate_mw":358.8,"max_grid_voltage_kv":138,"technologies":["Natural Gas Fired Combustion Turbine"],"note":"Generation capacity + interconnected grid voltage, used as a proxy for nearby transmission density. NOT substation headroom (that data is CEII-restricted, 18 CFR 388.113, and not public) -- treat as an estimate."}},{"type":"Feature","geometry":{"type":"Point","coordinates":[-104.3,29.6]},"properties":{"plant_code":58488,"name":"Bryan Solar, LLC","county":"Presidio","utility":"MN8 Energy LLC","balancing_authority":"ERCO","nameplate_mw":10.0,"max_grid_voltage_kv":69,"technologies":["Solar Photovoltaic"],"note":"Generation capacity + interconnected grid voltage, used as a proxy for nearby transmission density. NOT substation headroom (that data is CEII-restricted, 18 CFR 388.113, and not public) -- treat as an estimate."}},{"type":"Feature","geometry":{"type":"Point","coordinates":[-98.44472,29.27167]},"properties":{"plant_code":58537,"name":"OCI Alamo Solar I Hybrid","county":"Bexar","utility":"OCI Energy LLC","balancing_authority":"ERCO","nameplate_mw":40.7,"max_grid_voltage_kv":138,"technologies":["Solar Photovoltaic"],"note":"Generation capacity + interconnected grid voltage, used as a proxy for nearby transmission density. NOT substation headroom (that data is CEII-restricted, 18 CFR 388.113, and not public) -- treat as an estimate."}},{"type":"Feature","geometry":{"type":"Point","coordinates":[-106.21194,31.82389]},"properties":{"plant_code":58562,"name":"Montana Power Station","county":"El Paso","utility":"El Paso Electric Co","balancing_authority":"EPE","nameplate_mw":527.2,"max_grid_voltage_kv":115,"technologies":["Natural Gas Fired Combustion Turbine"],"note":"Generation capacity + interconnected grid voltage, used as a proxy for nearby transmission density. NOT substation headroom (that data is CEII-restricted, 18 CFR 388.113, and not public) -- treat as an estimate."}},{"type":"Feature","geometry":{"type":"Point","coordinates":[-101.31083,35.23833]},"properties":{"plant_code":58596,"name":"Grandview Wind Farm, LLC","county":"Carson","utility":"RWE Clean Energy","balancing_authority":"ERCO","nameplate_mw":211.2,"max_grid_voltage_kv":345,"technologies":["Onshore Wind Turbine"],"note":"Generation capacity + interconnected grid voltage, used as a proxy for nearby transmission density. NOT substation headroom (that data is CEII-restricted, 18 CFR 388.113, and not public) -- treat as an estimate."}},{"type":"Feature","geometry":{"type":"Point","coordinates":[-97.64008,27.58049]},"properties":{"plant_code":58614,"name":"Patriot Wind Farm","county":"Nueces","utility":"Avangrid Power LLC","balancing_authority":"ERCO","nameplate_mw":226.1,"max_grid_voltage_kv":345,"technologies":["Onshore Wind Turbine"],"note":"Generation capacity + interconnected grid voltage, used as a proxy for nearby transmission density. NOT substation headroom (that data is CEII-restricted, 18 CFR 388.113, and not public) -- treat as an estimate."}},{"type":"Feature","geometry":{"type":"Point","coordinates":[-95.01,30.63222]},"properties":{"plant_code":58645,"name":"RC Thomas Hydroelectric Project","county":"Polk","utility":"East Texas Electric Coop, Inc","balancing_authority":"MISO","nameplate_mw":26.7,"max_grid_voltage_kv":138,"technologies":["Conventional Hydroelectric"],"note":"Generation capacity + interconnected grid voltage, used as a proxy for nearby transmission density. NOT substation headroom (that data is CEII-restricted, 18 CFR 388.113, and not public) -- treat as an estimate."}},{"type":"Feature","geometry":{"type":"Point","coordinates":[-101.43417,35.20528]},"properties":{"plant_code":58681,"name":"Route 66 Wind Plant","county":"Carson","utility":"Onward Energy","balancing_authority":"ERCO","nameplate_mw":150.0,"max_grid_voltage_kv":345,"technologies":["Onshore Wind Turbine"],"note":"Generation capacity + interconnected grid voltage, used as a proxy for nearby transmission density. NOT substation headroom (that data is CEII-restricted, 18 CFR 388.113, and not public) -- treat as an estimate."}},{"type":"Feature","geometry":{"type":"Point","coordinates":[-103.35,30.96]},"properties":{"plant_code":58710,"name":"Barilla Solar","county":"Pecos","utility":"Leeward Asset Management, LLC","balancing_authority":"ERCO","nameplate_mw":30.2,"max_grid_voltage_kv":138,"technologies":["Solar Photovoltaic"],"note":"Generation capacity + interconnected grid voltage, used as a proxy for nearby transmission density. NOT substation headroom (that data is CEII-restricted, 18 CFR 388.113, and not public) -- treat as an estimate."}},{"type":"Feature","geometry":{"type":"Point","coordinates":[-98.33194,29.46944]},"properties":{"plant_code":58716,"name":"OCI Alamo 2, LLC","county":"Bexar","utility":"OCI Energy LLC","balancing_authority":"ERCO","nameplate_mw":4.4,"max_grid_voltage_kv":34.5,"technologies":["Solar Photovoltaic"],"note":"Generation capacity + interconnected grid voltage, used as a proxy for nearby transmission density. NOT substation headroom (that data is CEII-restricted, 18 CFR 388.113, and not public) -- treat as an estimate."}},{"type":"Feature","geometry":{"type":"Point","coordinates":[-100.39,29.33]},"properties":{"plant_code":58717,"name":"OCI Alamo 4, LLC","county":"Kinney","utility":"RWE Clean Energy","balancing_authority":"ERCO","nameplate_mw":39.6,"max_grid_voltage_kv":138,"technologies":["Solar Photovoltaic"],"note":"Generation capacity + interconnected grid voltage, used as a proxy for nearby transmission density. NOT substation headroom (that data is CEII-restricted, 18 CFR 388.113, and not public) -- treat as an estimate."}},{"type":"Feature","geometry":{"type":"Point","coordinates":[-101.37278,35.44278]},"properties":{"plant_code":58720,"name":"Pattern Panhandle Wind 2 LLC","county":"Carson","utility":"Pattern Operators LP","balancing_authority":"ERCO","nameplate_mw":181.7,"max_grid_voltage_kv":345,"technologies":["Onshore Wind Turbine"],"note":"Generation capacity + interconnected grid voltage, used as a proxy for nearby transmission density. NOT substation headroom (that data is CEII-restricted, 18 CFR 388.113, and not public) -- treat as an estimate."}},{"type":"Feature","geometry":{"type":"Point","coordinates":[-100.53861,35.65389]},"properties":{"plant_code":58765,"name":"Miami Wind Energy Center","county":"Roberts","utility":"Invenergy Services LLC","balancing_authority":"ERCO","nameplate_mw":288.6,"max_grid_voltage_kv":345,"technologies":["Onshore Wind Turbine"],"note":"Generation capacity + interconnected grid voltage, used as a proxy for nearby transmission density. NOT substation headroom (that data is CEII-restricted, 18 CFR 388.113, and not public) -- treat as an estimate."}},{"type":"Feature","geometry":{"type":"Point","coordinates":[-101.09972,33.825]},"properties":{"plant_code":58766,"name":"Wake Wind Energy Center","county":"Crosby","utility":"Southern Power Co","balancing_authority":"ERCO","nameplate_mw":257.3,"max_grid_voltage_kv":345,"technologies":["Onshore Wind Turbine"],"note":"Generation capacity + interconnected grid voltage, used as a proxy for nearby transmission density. NOT substation headroom (that data is CEII-restricted, 18 CFR 388.113, and not public) -- treat as an estimate."}},{"type":"Feature","geometry":{"type":"Point","coordinates":[-101.25111,34.31111]},"properties":{"plant_code":58772,"name":"Longhorn Wind","county":"Briscoe","utility":"Boralex US Operations LLC","balancing_authority":"ERCO","nameplate_mw":200.0,"max_grid_voltage_kv":345,"technologies":["Onshore Wind Turbine"],"note":"Generation capacity + interconnected grid voltage, used as a proxy for nearby transmission density. NOT substation headroom (that data is CEII-restricted, 18 CFR 388.113, and not public) -- treat as an estimate."}},{"type":"Feature","geometry":{"type":"Point","coordinates":[-102.17444,34.74806]},"properties":{"plant_code":58773,"name":"TX Hereford Wind","county":"Deaf Smith","utility":"Boralex US Operations LLC","balancing_authority":"ERCO","nameplate_mw":200.0,"max_grid_voltage_kv":345,"technologies":["Onshore Wind Turbine"],"note":"Generation capacity + interconnected grid voltage, used as a proxy for nearby transmission density. NOT substation headroom (that data is CEII-restricted, 18 CFR 388.113, and not public) -- treat as an estimate."}},{"type":"Feature","geometry":{"type":"Point","coordinates":[-102.68278,35.27694]},"properties":{"plant_code":58774,"name":"Spinning Spur Wind II","county":"Oldham","utility":"EDF Renewable Asset Holdings, Inc.","balancing_authority":"ERCO","nameplate_mw":161.0,"max_grid_voltage_kv":345,"technologies":["Onshore Wind Turbine"],"note":"Generation capacity + interconnected grid voltage, used as a proxy for nearby transmission density. NOT substation headroom (that data is CEII-restricted, 18 CFR 388.113, and not public) -- treat as an estimate."}},{"type":"Feature","geometry":{"type":"Point","coordinates":[-102.72111,35.295]},"properties":{"plant_code":58775,"name":"Spinning Spur Wind III","county":"Oldham","utility":"Boralex US Operations LLC","balancing_authority":"ERCO","nameplate_mw":194.0,"max_grid_voltage_kv":345,"technologies":["Onshore Wind Turbine"],"note":"Generation capacity + interconnected grid voltage, used as a proxy for nearby transmission density. NOT substation headroom (that data is CEII-restricted, 18 CFR 388.113, and not public) -- treat as an estimate."}},{"type":"Feature","geometry":{"type":"Point","coordinates":[-101.84333,33.865]},"properties":{"plant_code":58835,"name":"Elk Station","county":"Hale","utility":"Golden Spread Electric Cooperative, Inc","balancing_authority":"SWPP","nameplate_mw":599.4,"max_grid_voltage_kv":345,"technologies":["Natural Gas Fired Combustion Turbine"],"note":"Generation capacity + interconnected grid voltage, used as a proxy for nearby transmission density. NOT substation headroom (that data is CEII-restricted, 18 CFR 388.113, and not public) -- treat as an estimate."}},{"type":"Feature","geometry":{"type":"Point","coordinates":[-98.16111,33.14306]},"properties":{"plant_code":58838,"name":"Keechi Wind","county":"Jack","utility":"Keechi Wind, LLC","balancing_authority":"ERCO","nameplate_mw":110.0,"max_grid_voltage_kv":138,"technologies":["Onshore Wind Turbine"],"note":"Generation capacity + interconnected grid voltage, used as a proxy for nearby transmission density. NOT substation headroom (that data is CEII-restricted, 18 CFR 388.113, and not public) -- treat as an estimate."}},{"type":"Feature","geometry":{"type":"Point","coordinates":[-95.19472,29.73944]},"properties":{"plant_code":58870,"name":"Rentech Nitrogen Pasadena Cogeneration","county":"Harris","utility":"PCI Nitrogen LLC","balancing_authority":"ERCO","nameplate_mw":15.4,"max_grid_voltage_kv":69,"technologies":["All Other"],"note":"Generation capacity + interconnected grid voltage, used as a proxy for nearby transmission density. NOT substation headroom (that data is CEII-restricted, 18 CFR 388.113, and not public) -- treat as an estimate."}},{"type":"Feature","geometry":{"type":"Point","coordinates":[-94.4375,30.74833]},"properties":{"plant_code":58944,"name":"Woodville Renewable Power Project","county":"Tyler","utility":"East Texas Electric Coop, Inc","balancing_authority":"MISO","nameplate_mw":49.9,"max_grid_voltage_kv":138,"technologies":["Wood/Wood Waste Biomass"],"note":"Generation capacity + interconnected grid voltage, used as a proxy for nearby transmission density. NOT substation headroom (that data is CEII-restricted, 18 CFR 388.113, and not public) -- treat as an estimate."}},{"type":"Feature","geometry":{"type":"Point","coordinates":[-96.64444,32.64861]},"properties":{"plant_code":58946,"name":"Ameresco Dallas LLC","county":"Dallas","utility":"Ameresco Dallas LLC","balancing_authority":"ERCO","nameplate_mw":4.2,"max_grid_voltage_kv":13.8,"technologies":["Landfill Gas"],"note":"Generation capacity + interconnected grid voltage, used as a proxy for nearby transmission density. NOT substation headroom (that data is CEII-restricted, 18 CFR 388.113, and not public) -- treat as an estimate."}},{"type":"Feature","geometry":{"type":"Point","coordinates":[-102.57778,34.6675]},"properties":{"plant_code":59005,"name":"Mariah del Norte","county":"Parmer","utility":"BHE Renewables, LLC","balancing_authority":"ERCO","nameplate_mw":230.4,"max_grid_voltage_kv":345,"technologies":["Onshore Wind Turbine"],"note":"Generation capacity + interconnected grid voltage, used as a proxy for nearby transmission density. NOT substation headroom (that data is CEII-restricted, 18 CFR 388.113, and not public) -- treat as an estimate."}},{"type":"Feature","geometry":{"type":"Point","coordinates":[-98.36083,33.50972]},"properties":{"plant_code":59034,"name":"1370 Shannon","county":"Clay","utility":"1370 Shannon LLC","balancing_authority":"ERCO","nameplate_mw":204.0,"max_grid_voltage_kv":345,"technologies":["Onshore Wind Turbine"],"note":"Generation capacity + interconnected grid voltage, used as a proxy for nearby transmission density. NOT substation headroom (that data is CEII-restricted, 18 CFR 388.113, and not public) -- treat as an estimate."}},{"type":"Feature","geometry":{"type":"Point","coordinates":[-97.6425,26.94167]},"properties":{"plant_code":59063,"name":"Stella Wind Farm","county":"Kenedy","utility":"RWE Clean Energy","balancing_authority":"ERCO","nameplate_mw":201.0,"max_grid_voltage_kv":345,"technologies":["Onshore Wind Turbine"],"note":"Generation capacity + interconnected grid voltage, used as a proxy for nearby transmission density. NOT substation headroom (that data is CEII-restricted, 18 CFR 388.113, and not public) -- treat as an estimate."}},{"type":"Feature","geometry":{"type":"Point","coordinates":[-97.60278,26.91889]},"properties":{"plant_code":59064,"name":"Stella Wind Farm II","county":"Kenedy","utility":"Big Sky Wind, LLC","balancing_authority":"ERCO","nameplate_mw":0.0,"max_grid_voltage_kv":345,"technologies":[],"note":"Generation capacity + interconnected grid voltage, used as a proxy for nearby transmission density. NOT substation headroom (that data is CEII-restricted, 18 CFR 388.113, and not public) -- treat as an estimate."}},{"type":"Feature","geometry":{"type":"Point","coordinates":[-97.69111,26.52222]},"properties":{"plant_code":59066,"name":"Bruennings Breeze Wind Farm","county":"Willacy","utility":"RWE Clean Energy","balancing_authority":"ERCO","nameplate_mw":228.0,"max_grid_voltage_kv":345,"technologies":["Onshore Wind Turbine"],"note":"Generation capacity + interconnected grid voltage, used as a proxy for nearby transmission density. NOT substation headroom (that data is CEII-restricted, 18 CFR 388.113, and not public) -- treat as an estimate."}},{"type":"Feature","geometry":{"type":"Point","coordinates":[-101.27444,35.31306]},"properties":{"plant_code":59067,"name":"Grandview Wind Farm III LLC","county":"Carson","utility":"Big Sky Wind, LLC","balancing_authority":"ERCO","nameplate_mw":0.0,"max_grid_voltage_kv":345,"technologies":[],"note":"Generation capacity + interconnected grid voltage, used as a proxy for nearby transmission density. NOT substation headroom (that data is CEII-restricted, 18 CFR 388.113, and not public) -- treat as an estimate."}},{"type":"Feature","geometry":{"type":"Point","coordinates":[-101.18662,35.25418]},"properties":{"plant_code":59068,"name":"Colbeck's Corner, LLC","county":"Carson","utility":"RWE Clean Energy","balancing_authority":"ERCO","nameplate_mw":200.0,"max_grid_voltage_kv":345,"technologies":["Onshore Wind Turbine"],"note":"Generation capacity + interconnected grid voltage, used as a proxy for nearby transmission density. NOT substation headroom (that data is CEII-restricted, 18 CFR 388.113, and not public) -- treat as an estimate."}},{"type":"Feature","geometry":{"type":"Point","coordinates":[-97.46611,26.19528]},"properties":{"plant_code":59118,"name":"Cameron Wind 1 LLC","county":"Cameron","utility":"Cameron Wind 1 LLC","balancing_authority":"ERCO","nameplate_mw":181.4,"max_grid_voltage_kv":138,"technologies":["Batteries","Onshore Wind Turbine"],"note":"Generation capacity + interconnected grid voltage, used as a proxy for nearby transmission density. NOT substation headroom (that data is CEII-restricted, 18 CFR 388.113, and not public) -- treat as an estimate."}},{"type":"Feature","geometry":{"type":"Point","coordinates":[-95.30694,28.97917]},"properties":{"plant_code":59145,"name":"Freeport LP Pretreatment Facility","county":"Brazoria","utility":"Freeport LNG Development L.P","balancing_authority":"ERCO","nameplate_mw":87.0,"max_grid_voltage_kv":138,"technologies":["Natural Gas Fired Combustion Turbine"],"note":"Generation capacity + interconnected grid voltage, used as a proxy for nearby transmission density. NOT substation headroom (that data is CEII-restricted, 18 CFR 388.113, and not public) -- treat as an estimate."}},{"type":"Feature","geometry":{"type":"Point","coordinates":[-97.50083,27.5925]},"properties":{"plant_code":59193,"name":"Chapman Ranch Wind I","county":"Nueces","utility":"Chapman Ranch Wind LLC","balancing_authority":"ERCO","nameplate_mw":236.0,"max_grid_voltage_kv":138,"technologies":["Onshore Wind Turbine"],"note":"Generation capacity + interconnected grid voltage, used as a proxy for nearby transmission density. NOT substation headroom (that data is CEII-restricted, 18 CFR 388.113, and not public) -- treat as an estimate."}},{"type":"Feature","geometry":{"type":"Point","coordinates":[-98.29722,29.47917]},"properties":{"plant_code":59204,"name":"OCI Alamo 3 LLC","county":"Bexar","utility":"RWE Clean Energy","balancing_authority":"ERCO","nameplate_mw":5.5,"max_grid_voltage_kv":34.5,"technologies":["Solar Photovoltaic"],"note":"Generation capacity + interconnected grid voltage, used as a proxy for nearby transmission density. NOT substation headroom (that data is CEII-restricted, 18 CFR 388.113, and not public) -- treat as an estimate."}},{"type":"Feature","geometry":{"type":"Point","coordinates":[-99.71611,29.21667]},"properties":{"plant_code":59205,"name":"OCI Alamo 5 LLC","county":"Uvalde","utility":"RWE Clean Energy","balancing_authority":"ERCO","nameplate_mw":100.0,"max_grid_voltage_kv":138,"technologies":["Solar Photovoltaic"],"note":"Generation capacity + interconnected grid voltage, used as a proxy for nearby transmission density. NOT substation headroom (that data is CEII-restricted, 18 CFR 388.113, and not public) -- treat as an estimate."}},{"type":"Feature","geometry":{"type":"Point","coordinates":[-102.27083,30.99306]},"properties":{"plant_code":59206,"name":"Alamo 6","county":"Pecos","utility":"BHE Renewables, LLC","balancing_authority":"ERCO","nameplate_mw":105.0,"max_grid_voltage_kv":138,"technologies":["Solar Photovoltaic"],"note":"Generation capacity + interconnected grid voltage, used as a proxy for nearby transmission density. NOT substation headroom (that data is CEII-restricted, 18 CFR 388.113, and not public) -- treat as an estimate."}},{"type":"Feature","geometry":{"type":"Point","coordinates":[-99.5525,33.04]},"properties":{"plant_code":59207,"name":"OCI Alamo 7 LLC","county":"Haskell","utility":"RWE Clean Energy","balancing_authority":"ERCO","nameplate_mw":100.0,"max_grid_voltage_kv":138,"technologies":["Solar Photovoltaic"],"note":"Generation capacity + interconnected grid voltage, used as a proxy for nearby transmission density. NOT substation headroom (that data is CEII-restricted, 18 CFR 388.113, and not public) -- treat as an estimate."}},{"type":"Feature","geometry":{"type":"Point","coordinates":[-98.5,33.49528]},"properties":{"plant_code":59238,"name":"Windthorst-2","county":"Archer","utility":"EDF Renewable Asset Holdings, Inc.","balancing_authority":"ERCO","nameplate_mw":67.6,"max_grid_voltage_kv":69,"technologies":["Onshore Wind Turbine"],"note":"Generation capacity + interconnected grid voltage, used as a proxy for nearby transmission density. NOT substation headroom (that data is CEII-restricted, 18 CFR 388.113, and not public) -- treat as an estimate."}},{"type":"Feature","geometry":{"type":"Point","coordinates":[-102.05194,34.51194]},"properties":{"plant_code":59243,"name":"Changing Winds","county":"Castro","utility":"Invenergy Services LLC","balancing_authority":"ERCO","nameplate_mw":0.0,"max_grid_voltage_kv":345,"technologies":[],"note":"Generation capacity + interconnected grid voltage, used as a proxy for nearby transmission density. NOT substation headroom (that data is CEII-restricted, 18 CFR 388.113, and not public) -- treat as an estimate."}},{"type":"Feature","geometry":{"type":"Point","coordinates":[-101.52472,33.69917]},"properties":{"plant_code":59244,"name":"Lorenzo Wind","county":"Crosby","utility":"Lorenzo Wind, LLC","balancing_authority":"SWPP","nameplate_mw":80.0,"max_grid_voltage_kv":115,"technologies":["Onshore Wind Turbine"],"note":"Generation capacity + interconnected grid voltage, used as a proxy for nearby transmission density. NOT substation headroom (that data is CEII-restricted, 18 CFR 388.113, and not public) -- treat as an estimate."}},{"type":"Feature","geometry":{"type":"Point","coordinates":[-101.14361,32.93194]},"properties":{"plant_code":59245,"name":"Fluvanna","county":"Scurry","utility":"TC Energy","balancing_authority":"ERCO","nameplate_mw":155.4,"max_grid_voltage_kv":138,"technologies":["Onshore Wind Turbine"],"note":"Generation capacity + interconnected grid voltage, used as a proxy for nearby transmission density. NOT substation headroom (that data is CEII-restricted, 18 CFR 388.113, and not public) -- treat as an estimate."}},{"type":"Feature","geometry":{"type":"Point","coordinates":[-101.32611,35.09389]},"properties":{"plant_code":59246,"name":"Goodnight","county":"Armstrong","utility":"FGE Goodnight I, LLC","balancing_authority":"ERCO","nameplate_mw":265.5,"max_grid_voltage_kv":345,"technologies":["Onshore Wind Turbine"],"note":"Generation capacity + interconnected grid voltage, used as a proxy for nearby transmission density. NOT substation headroom (that data is CEII-restricted, 18 CFR 388.113, and not public) -- treat as an estimate."}},{"type":"Feature","geometry":{"type":"Point","coordinates":[-101.74222,33.92778]},"properties":{"plant_code":59247,"name":"Hale Community Wind Farm","county":"Hale","utility":"Southwestern Public Service Co","balancing_authority":"SWPP","nameplate_mw":478.0,"max_grid_voltage_kv":240,"technologies":["Onshore Wind Turbine"],"note":"Generation capacity + interconnected grid voltage, used as a proxy for nearby transmission density. NOT substation headroom (that data is CEII-restricted, 18 CFR 388.113, and not public) -- treat as an estimate."}},{"type":"Feature","geometry":{"type":"Point","coordinates":[-98.80611,26.38861]},"properties":{"plant_code":59320,"name":"Los Vientos Windpower III","county":"Starr","utility":"Deriva Energy","balancing_authority":"ERCO","nameplate_mw":200.0,"max_grid_voltage_kv":138,"technologies":["Onshore Wind Turbine"],"note":"Generation capacity + interconnected grid voltage, used as a proxy for nearby transmission density. NOT substation headroom (that data is CEII-restricted, 18 CFR 388.113, and not public) -- treat as an estimate."}},{"type":"Feature","geometry":{"type":"Point","coordinates":[-98.81833,26.38056]},"properties":{"plant_code":59321,"name":"Los Vientos Windpower IV","county":"Starr","utility":"Deriva Energy","balancing_authority":"ERCO","nameplate_mw":200.0,"max_grid_voltage_kv":345,"technologies":["Onshore Wind Turbine"],"note":"Generation capacity + interconnected grid voltage, used as a proxy for nearby transmission density. NOT substation headroom (that data is CEII-restricted, 18 CFR 388.113, and not public) -- treat as an estimate."}},{"type":"Feature","geometry":{"type":"Point","coordinates":[-101.74111,32.7]},"properties":{"plant_code":59332,"name":"Mesquite Creek Wind","county":"Dawson","utility":"Deriva Energy","balancing_authority":"ERCO","nameplate_mw":211.2,"max_grid_voltage_kv":345,"technologies":["Onshore Wind Turbine"],"note":"Generation capacity + interconnected grid voltage, used as a proxy for nearby transmission density. NOT substation headroom (that data is CEII-restricted, 18 CFR 388.113, and not public) -- treat as an estimate."}},{"type":"Feature","geometry":{"type":"Point","coordinates":[-95.40028,29.70944]},"properties":{"plant_code":59381,"name":"The Methodist Hospital, Gas Turbine","county":"Harris","utility":"The Methodist Hospital","balancing_authority":"ERCO","nameplate_mw":5.0,"max_grid_voltage_kv":4.16,"technologies":["Natural Gas Fired Combustion Turbine"],"note":"Generation capacity + interconnected grid voltage, used as a proxy for nearby transmission density. NOT substation headroom (that data is CEII-restricted, 18 CFR 388.113, and not public) -- treat as an estimate."}},{"type":"Feature","geometry":{"type":"Point","coordinates":[-101.32361,34.08056]},"properties":{"plant_code":59384,"name":"South Plains Wind Phase I","county":"Floyd","utility":"Evergreen Wind, LLC","balancing_authority":"ERCO","nameplate_mw":200.0,"max_grid_voltage_kv":345,"technologies":["Onshore Wind Turbine"],"note":"Generation capacity + interconnected grid voltage, used as a proxy for nearby transmission density. NOT substation headroom (that data is CEII-restricted, 18 CFR 388.113, and not public) -- treat as an estimate."}},{"type":"Feature","geometry":{"type":"Point","coordinates":[-98.1775,26.45111]},"properties":{"plant_code":59391,"name":"Red Gate Power Plant","county":"Hidalgo","utility":"South Texas Electric Coop, Inc","balancing_authority":"ERCO","nameplate_mw":224.4,"max_grid_voltage_kv":138,"technologies":["Natural Gas Internal Combustion Engine"],"note":"Generation capacity + interconnected grid voltage, used as a proxy for nearby transmission density. NOT substation headroom (that data is CEII-restricted, 18 CFR 388.113, and not public) -- treat as an estimate."}},{"type":"Feature","geometry":{"type":"Point","coordinates":[-106.4275,31.97833]},"properties":{"plant_code":59407,"name":"Newman Solar","county":"El Paso","utility":"Newman Solar LLC","balancing_authority":"EPE","nameplate_mw":10.5,"max_grid_voltage_kv":13.8,"technologies":["Solar Photovoltaic"],"note":"Generation capacity + interconnected grid voltage, used as a proxy for nearby transmission density. NOT substation headroom (that data is CEII-restricted, 18 CFR 388.113, and not public) -- treat as an estimate."}},{"type":"Feature","geometry":{"type":"Point","coordinates":[-101.485,33.73889]},"properties":{"plant_code":59417,"name":"Pleasant Hill Wind Energy Project","county":"Crosby","utility":"Pleasant Hill Wind Energy LLC","balancing_authority":"SWPP","nameplate_mw":20.0,"max_grid_voltage_kv":69,"technologies":["Onshore Wind Turbine"],"note":"Generation capacity + interconnected grid voltage, used as a proxy for nearby transmission density. NOT substation headroom (that data is CEII-restricted, 18 CFR 388.113, and not public) -- treat as an estimate."}},{"type":"Feature","geometry":{"type":"Point","coordinates":[-98.69056,31.8225]},"properties":{"plant_code":59442,"name":"Logans Gap Wind LLC","county":"Comanche","utility":"Pattern Operators LP","balancing_authority":"ERCO","nameplate_mw":200.1,"max_grid_voltage_kv":138,"technologies":["Onshore Wind Turbine"],"note":"Generation capacity + interconnected grid voltage, used as a proxy for nearby transmission density. NOT substation headroom (that data is CEII-restricted, 18 CFR 388.113, and not public) -- treat as an estimate."}},{"type":"Feature","geometry":{"type":"Point","coordinates":[-101.00139,36.24389]},"properties":{"plant_code":59475,"name":"Palo Duro Wind","county":"Ochiltree","utility":"Palo Duro Wind","balancing_authority":"SWPP","nameplate_mw":282.3,"max_grid_voltage_kv":345,"technologies":["Onshore Wind Turbine"],"note":"Generation capacity + interconnected grid voltage, used as a proxy for nearby transmission density. NOT substation headroom (that data is CEII-restricted, 18 CFR 388.113, and not public) -- treat as an estimate."}},{"type":"Feature","geometry":{"type":"Point","coordinates":[-102.25333,34.72]},"properties":{"plant_code":59621,"name":"TX Jumbo Road Wind","county":"Deaf Smith","utility":"TX Jumbo Road Wind, LLC","balancing_authority":"ERCO","nameplate_mw":299.7,"max_grid_voltage_kv":345,"technologies":["Onshore Wind Turbine"],"note":"Generation capacity + interconnected grid voltage, used as a proxy for nearby transmission density. NOT substation headroom (that data is CEII-restricted, 18 CFR 388.113, and not public) -- treat as an estimate."}},{"type":"Feature","geometry":{"type":"Point","coordinates":[-98.66,29.33]},"properties":{"plant_code":59649,"name":"Nelson Gardens Landfill Gas to Energy","county":"Bexar","utility":"Nelson Gardens Energy, LLC","balancing_authority":"ERCO","nameplate_mw":4.4,"max_grid_voltage_kv":13.2,"technologies":["Landfill Gas"],"note":"Generation capacity + interconnected grid voltage, used as a proxy for nearby transmission density. NOT substation headroom (that data is CEII-restricted, 18 CFR 388.113, and not public) -- treat as an estimate."}},{"type":"Feature","geometry":{"type":"Point","coordinates":[-98.91667,27.18]},"properties":{"plant_code":59654,"name":"Sendero","county":"Jim Hogg","utility":"Sendero Wind Energy, LLC","balancing_authority":"ERCO","nameplate_mw":78.0,"max_grid_voltage_kv":138,"technologies":["Onshore Wind Turbine"],"note":"Generation capacity + interconnected grid voltage, used as a proxy for nearby transmission density. NOT substation headroom (that data is CEII-restricted, 18 CFR 388.113, and not public) -- treat as an estimate."}},{"type":"Feature","geometry":{"type":"Point","coordinates":[-97.3776,26.12598]},"properties":{"plant_code":59712,"name":"San Roman Wind I, LLC","county":"Cameron","utility":"Acciona Energy USA Global, LLC","balancing_authority":"ERCO","nameplate_mw":95.3,"max_grid_voltage_kv":138,"technologies":["Onshore Wind Turbine"],"note":"Generation capacity + interconnected grid voltage, used as a proxy for nearby transmission density. NOT substation headroom (that data is CEII-restricted, 18 CFR 388.113, and not public) -- treat as an estimate."}},{"type":"Feature","geometry":{"type":"Point","coordinates":[-99.41117,33.62822]},"properties":{"plant_code":59732,"name":"Green Pastures Wind I","county":"Baylor","utility":"Green Pastures Wind I, LLC","balancing_authority":"ERCO","nameplate_mw":150.0,"max_grid_voltage_kv":345,"technologies":["Onshore Wind Turbine"],"note":"Generation capacity + interconnected grid voltage, used as a proxy for nearby transmission density. NOT substation headroom (that data is CEII-restricted, 18 CFR 388.113, and not public) -- treat as an estimate."}},{"type":"Feature","geometry":{"type":"Point","coordinates":[-99.53294,33.64596]},"properties":{"plant_code":59733,"name":"Green Pastures Wind II","county":"Knox","utility":"Green Pastures Wind II, LLC","balancing_authority":"ERCO","nameplate_mw":150.0,"max_grid_voltage_kv":345,"technologies":["Onshore Wind Turbine"],"note":"Generation capacity + interconnected grid voltage, used as a proxy for nearby transmission density. NOT substation headroom (that data is CEII-restricted, 18 CFR 388.113, and not public) -- treat as an estimate."}},{"type":"Feature","geometry":{"type":"Point","coordinates":[-101.23723,34.43227]},"properties":{"plant_code":59734,"name":"Briscoe Wind Farm","county":"Briscoe","utility":"Briscoe Wind Farm, LLC","balancing_authority":"ERCO","nameplate_mw":150.0,"max_grid_voltage_kv":345,"technologies":["Onshore Wind Turbine"],"note":"Generation capacity + interconnected grid voltage, used as a proxy for nearby transmission density. NOT substation headroom (that data is CEII-restricted, 18 CFR 388.113, and not public) -- treat as an estimate."}},{"type":"Feature","geometry":{"type":"Point","coordinates":[-100.86574,32.29072]},"properties":{"plant_code":59806,"name":"Jayhawk","county":"Mitchell","utility":"Luminant Generation Company LLC","balancing_authority":"ERCO","nameplate_mw":0.0,"max_grid_voltage_kv":345,"technologies":[],"note":"Generation capacity + interconnected grid voltage, used as a proxy for nearby transmission density. NOT substation headroom (that data is CEII-restricted, 18 CFR 388.113, and not public) -- treat as an estimate."}},{"type":"Feature","geometry":{"type":"Point","coordinates":[-97.73461,32.33768]},"properties":{"plant_code":59812,"name":"Wolf Hollow II","county":"Hood","utility":"Constellation Power, Inc","balancing_authority":"ERCO","nameplate_mw":1231.2,"max_grid_voltage_kv":345,"technologies":["Natural Gas Fired Combined Cycle"],"note":"Generation capacity + interconnected grid voltage, used as a proxy for nearby transmission density. NOT substation headroom (that data is CEII-restricted, 18 CFR 388.113, and not public) -- treat as an estimate."}},{"type":"Feature","geometry":{"type":"Point","coordinates":[-96.53778,29.55028]},"properties":{"plant_code":59938,"name":"Sky Global Power One","county":"Colorado","utility":"Sky Global Power One Pledgor, LLC","balancing_authority":"ERCO","nameplate_mw":51.0,"max_grid_voltage_kv":138,"technologies":["Natural Gas Internal Combustion Engine"],"note":"Generation capacity + interconnected grid voltage, used as a proxy for nearby transmission density. NOT substation headroom (that data is CEII-restricted, 18 CFR 388.113, and not public) -- treat as an estimate."}},{"type":"Feature","geometry":{"type":"Point","coordinates":[-101.49341,31.74325]},"properties":{"plant_code":59943,"name":"Rattlesnake Den","county":"Glasscock","utility":"SunEdison LLC","balancing_authority":"ERCO","nameplate_mw":207.2,"max_grid_voltage_kv":345,"technologies":["Onshore Wind Turbine"],"note":"Generation capacity + interconnected grid voltage, used as a proxy for nearby transmission density. NOT substation headroom (that data is CEII-restricted, 18 CFR 388.113, and not public) -- treat as an estimate."}},{"type":"Feature","geometry":{"type":"Point","coordinates":[-102.35173,34.66888]},"properties":{"plant_code":59971,"name":"Easter","county":"Castro","utility":"Enbridge Wind (Easter), LLC","balancing_authority":"ERCO","nameplate_mw":0.0,"max_grid_voltage_kv":230,"technologies":[],"note":"Generation capacity + interconnected grid voltage, used as a proxy for nearby transmission density. NOT substation headroom (that data is CEII-restricted, 18 CFR 388.113, and not public) -- treat as an estimate."}},{"type":"Feature","geometry":{"type":"Point","coordinates":[-101.582,31.72724]},"properties":{"plant_code":59972,"name":"Bearkat","county":"Glasscock","utility":"Bearkat Wind Energy 1, LLC","balancing_authority":"ERCO","nameplate_mw":196.7,"max_grid_voltage_kv":345,"technologies":["Onshore Wind Turbine"],"note":"Generation capacity + interconnected grid voltage, used as a proxy for nearby transmission density. NOT substation headroom (that data is CEII-restricted, 18 CFR 388.113, and not public) -- treat as an estimate."}},{"type":"Feature","geometry":{"type":"Point","coordinates":[-103.30666,30.96021]},"properties":{"plant_code":59994,"name":"RE Roserock","county":"Pecos","utility":"Southern Power Co","balancing_authority":"ERCO","nameplate_mw":160.0,"max_grid_voltage_kv":138,"technologies":["Solar Photovoltaic"],"note":"Generation capacity + interconnected grid voltage, used as a proxy for nearby transmission density. NOT substation headroom (that data is CEII-restricted, 18 CFR 388.113, and not public) -- treat as an estimate."}},{"type":"Feature","geometry":{"type":"Point","coordinates":[-102.55129,30.57552]},"properties":{"plant_code":60044,"name":"Buckthorn Westex","county":"Pecos","utility":"Buckthorn Westex, LLC","balancing_authority":"ERCO","nameplate_mw":154.0,"max_grid_voltage_kv":138,"technologies":["Solar Photovoltaic"],"note":"Generation capacity + interconnected grid voltage, used as a proxy for nearby transmission density. NOT substation headroom (that data is CEII-restricted, 18 CFR 388.113, and not public) -- treat as an estimate."}},{"type":"Feature","geometry":{"type":"Point","coordinates":[-98.57155,26.41169]},"properties":{"plant_code":60059,"name":"Los Vientos V Wind Power","county":"Starr","utility":"Deriva Energy","balancing_authority":"ERCO","nameplate_mw":110.0,"max_grid_voltage_kv":138,"technologies":["Onshore Wind Turbine"],"note":"Generation capacity + interconnected grid voltage, used as a proxy for nearby transmission density. NOT substation headroom (that data is CEII-restricted, 18 CFR 388.113, and not public) -- treat as an estimate."}},{"type":"Feature","geometry":{"type":"Point","coordinates":[-101.38149,34.19696]},"properties":{"plant_code":60087,"name":"South Plains II","county":"Floyd","utility":"Onward Energy","balancing_authority":"ERCO","nameplate_mw":300.0,"max_grid_voltage_kv":345,"technologies":["Onshore Wind Turbine"],"note":"Generation capacity + interconnected grid voltage, used as a proxy for nearby transmission density. NOT substation headroom (that data is CEII-restricted, 18 CFR 388.113, and not public) -- treat as an estimate."}},{"type":"Feature","geometry":{"type":"Point","coordinates":[-99.0,27.32]},"properties":{"plant_code":60104,"name":"Javelina Wind Energy, LLC","county":"Webb","utility":"Javelina Wind Energy, LLC","balancing_authority":"ERCO","nameplate_mw":249.7,"max_grid_voltage_kv":345,"technologies":["Onshore Wind Turbine"],"note":"Generation capacity + interconnected grid voltage, used as a proxy for nearby transmission density. NOT substation headroom (that data is CEII-restricted, 18 CFR 388.113, and not public) -- treat as an estimate."}},{"type":"Feature","geometry":{"type":"Point","coordinates":[-96.0654,29.28942]},"properties":{"plant_code":60122,"name":"Colorado Bend II","county":"Wharton","utility":"Constellation Power, Inc","balancing_authority":"ERCO","nameplate_mw":1230.3,"max_grid_voltage_kv":358,"technologies":["Natural Gas Fired Combined Cycle"],"note":"Generation capacity + interconnected grid voltage, used as a proxy for nearby transmission density. NOT substation headroom (that data is CEII-restricted, 18 CFR 388.113, and not public) -- treat as an estimate."}},{"type":"Feature","geometry":{"type":"Point","coordinates":[-102.272,31.255]},"properties":{"plant_code":60123,"name":"Castle Gap Solar Hybrid","county":"Upton","utility":"Upton County Solar 2 LLC","balancing_authority":"ERCO","nameplate_mw":189.9,"max_grid_voltage_kv":138,"technologies":["Batteries","Solar Photovoltaic"],"note":"Generation capacity + interconnected grid voltage, used as a proxy for nearby transmission density. NOT substation headroom (that data is CEII-restricted, 18 CFR 388.113, and not public) -- treat as an estimate."}},{"type":"Feature","geometry":{"type":"Point","coordinates":[-101.18763,34.06033]},"properties":{"plant_code":60210,"name":"Cotton Plains Wind Farm","county":"Floyd","utility":"Cotton Plains Wind I, LLC","balancing_authority":"ERCO","nameplate_mw":50.4,"max_grid_voltage_kv":345,"technologies":["Onshore Wind Turbine"],"note":"Generation capacity + interconnected grid voltage, used as a proxy for nearby transmission density. NOT substation headroom (that data is CEII-restricted, 18 CFR 388.113, and not public) -- treat as an estimate."}},{"type":"Feature","geometry":{"type":"Point","coordinates":[-100.79431,29.72753]},"properties":{"plant_code":60217,"name":"Rocksprings","county":"Val Verde","utility":"Rocksprings Val Verde Wind, LLC","balancing_authority":"ERCO","nameplate_mw":149.3,"max_grid_voltage_kv":138,"technologies":["Onshore Wind Turbine"],"note":"Generation capacity + interconnected grid voltage, used as a proxy for nearby transmission density. NOT substation headroom (that data is CEII-restricted, 18 CFR 388.113, and not public) -- treat as an estimate."}},{"type":"Feature","geometry":{"type":"Point","coordinates":[-94.98483,29.49233]},"properties":{"plant_code":60264,"name":"Bacliff","county":"Galveston","utility":"PHR Holdings LLC","balancing_authority":"ERCO","nameplate_mw":427.2,"max_grid_voltage_kv":138,"technologies":["Natural Gas Fired Combustion Turbine"],"note":"Generation capacity + interconnected grid voltage, used as a proxy for nearby transmission density. NOT substation headroom (that data is CEII-restricted, 18 CFR 388.113, and not public) -- treat as an estimate."}},{"type":"Feature","geometry":{"type":"Point","coordinates":[-103.03869,34.23607]},"properties":{"plant_code":60269,"name":"Tex-Mex Renewable Energy Project, LLC","county":"Bailey","utility":"Tri Global Energy, LLC","balancing_authority":"ERCO","nameplate_mw":0.0,"max_grid_voltage_kv":null,"technologies":[],"note":"Generation capacity + interconnected grid voltage, used as a proxy for nearby transmission density. NOT substation headroom (that data is CEII-restricted, 18 CFR 388.113, and not public) -- treat as an estimate."}},{"type":"Feature","geometry":{"type":"Point","coordinates":[-102.66524,34.03821]},"properties":{"plant_code":60270,"name":"Blue Cloud Wind Energy LLC","county":"Bailey","utility":"TC Energy","balancing_authority":"SWPP","nameplate_mw":148.4,"max_grid_voltage_kv":230,"technologies":["Onshore Wind Turbine"],"note":"Generation capacity + interconnected grid voltage, used as a proxy for nearby transmission density. NOT substation headroom (that data is CEII-restricted, 18 CFR 388.113, and not public) -- treat as an estimate."}},{"type":"Feature","geometry":{"type":"Point","coordinates":[-101.00849,32.63107]},"properties":{"plant_code":60271,"name":"Canyon Wind Project, LLC","county":"Scurry","utility":"Canyon Wind Project, LLC","balancing_authority":"ERCO","nameplate_mw":308.8,"max_grid_voltage_kv":345,"technologies":["Onshore Wind Turbine"],"note":"Generation capacity + interconnected grid voltage, used as a proxy for nearby transmission density. NOT substation headroom (that data is CEII-restricted, 18 CFR 388.113, and not public) -- treat as an estimate."}},{"type":"Feature","geometry":{"type":"Point","coordinates":[-101.3424,33.8093]},"properties":{"plant_code":60272,"name":"Cone Renewable Energy Project, LLC","county":"Crosby","utility":"Cone Renewable Energy Project, LLC","balancing_authority":"ERCO","nameplate_mw":0.0,"max_grid_voltage_kv":345,"technologies":[],"note":"Generation capacity + interconnected grid voltage, used as a proxy for nearby transmission density. NOT substation headroom (that data is CEII-restricted, 18 CFR 388.113, and not public) -- treat as an estimate."}},{"type":"Feature","geometry":{"type":"Point","coordinates":[-101.43381,33.71367]},"properties":{"plant_code":60273,"name":"Crosby County Wind Farm, LLC","county":"Crosby","utility":"Tri Global Energy, LLC","balancing_authority":"ERCO","nameplate_mw":0.0,"max_grid_voltage_kv":null,"technologies":[],"note":"Generation capacity + interconnected grid voltage, used as a proxy for nearby transmission density. NOT substation headroom (that data is CEII-restricted, 18 CFR 388.113, and not public) -- treat as an estimate."}},{"type":"Feature","geometry":{"type":"Point","coordinates":[-106.21889,31.81306]},"properties":{"plant_code":60300,"name":"Montana Solar Facility","county":"El Paso","utility":"El Paso Electric Co","balancing_authority":"EPE","nameplate_mw":3.0,"max_grid_voltage_kv":13.8,"technologies":["Solar Photovoltaic"],"note":"Generation capacity + interconnected grid voltage, used as a proxy for nearby transmission density. NOT substation headroom (that data is CEII-restricted, 18 CFR 388.113, and not public) -- treat as an estimate."}},{"type":"Feature","geometry":{"type":"Point","coordinates":[-99.11875,34.10294]},"properties":{"plant_code":60338,"name":"Electra Wind Farm","county":"Wilbarger","utility":"Electra Wind, LLC","balancing_authority":"ERCO","nameplate_mw":230.0,"max_grid_voltage_kv":345,"technologies":["Onshore Wind Turbine"],"note":"Generation capacity + interconnected grid voltage, used as a proxy for nearby transmission density. NOT substation headroom (that data is CEII-restricted, 18 CFR 388.113, and not public) -- treat as an estimate."}},{"type":"Feature","geometry":{"type":"Point","coordinates":[-99.54,33.35]},"properties":{"plant_code":60339,"name":"Horse Creek Wind Farm","county":"Haskell","utility":"Horse Creek Wind, LLC","balancing_authority":"ERCO","nameplate_mw":230.0,"max_grid_voltage_kv":345,"technologies":["Onshore Wind Turbine"],"note":"Generation capacity + interconnected grid voltage, used as a proxy for nearby transmission density. NOT substation headroom (that data is CEII-restricted, 18 CFR 388.113, and not public) -- treat as an estimate."}},{"type":"Feature","geometry":{"type":"Point","coordinates":[-97.81,26.49]},"properties":{"plant_code":60362,"name":"Raymond, LLC","county":"Willacy","utility":"Big Sky Wind, LLC","balancing_authority":"ERCO","nameplate_mw":0.0,"max_grid_voltage_kv":345,"technologies":[],"note":"Generation capacity + interconnected grid voltage, used as a proxy for nearby transmission density. NOT substation headroom (that data is CEII-restricted, 18 CFR 388.113, and not public) -- treat as an estimate."}},{"type":"Feature","geometry":{"type":"Point","coordinates":[-101.18763,34.06033]},"properties":{"plant_code":60366,"name":"Old Settler Wind","county":"Floyd","utility":"Old Settler Wind, LLC","balancing_authority":"ERCO","nameplate_mw":151.2,"max_grid_voltage_kv":345,"technologies":["Onshore Wind Turbine"],"note":"Generation capacity + interconnected grid voltage, used as a proxy for nearby transmission density. NOT substation headroom (that data is CEII-restricted, 18 CFR 388.113, and not public) -- treat as an estimate."}},{"type":"Feature","geometry":{"type":"Point","coordinates":[-101.92652,32.71561]},"properties":{"plant_code":60372,"name":"Lamesa Solar","county":"Dawson","utility":"Southern Power Co","balancing_authority":"ERCO","nameplate_mw":102.0,"max_grid_voltage_kv":138,"technologies":["Solar Photovoltaic"],"note":"Generation capacity + interconnected grid voltage, used as a proxy for nearby transmission density. NOT substation headroom (that data is CEII-restricted, 18 CFR 388.113, and not public) -- treat as an estimate."}},{"type":"Feature","geometry":{"type":"Point","coordinates":[-102.4747,34.57531]},"properties":{"plant_code":60414,"name":"Bethel Wind Farm LLC","county":"Castro","utility":"Southern Power Co","balancing_authority":"SWPP","nameplate_mw":276.0,"max_grid_voltage_kv":115,"technologies":["Onshore Wind Turbine"],"note":"Generation capacity + interconnected grid voltage, used as a proxy for nearby transmission density. NOT substation headroom (that data is CEII-restricted, 18 CFR 388.113, and not public) -- treat as an estimate."}},{"type":"Feature","geometry":{"type":"Point","coordinates":[-96.97917,33.2706]},"properties":{"plant_code":60427,"name":"CoServ Community Solar Station","county":"Denton","utility":"CoServ Electric","balancing_authority":"ERCO","nameplate_mw":2.0,"max_grid_voltage_kv":24.9,"technologies":["Solar Photovoltaic"],"note":"Generation capacity + interconnected grid voltage, used as a proxy for nearby transmission density. NOT substation headroom (that data is CEII-restricted, 18 CFR 388.113, and not public) -- treat as an estimate."}},{"type":"Feature","geometry":{"type":"Point","coordinates":[-102.28174,31.00088]},"properties":{"plant_code":60436,"name":"East Pecos Solar","county":"Pecos","utility":"Southern Power Co","balancing_authority":"ERCO","nameplate_mw":118.5,"max_grid_voltage_kv":345,"technologies":["Solar Photovoltaic"],"note":"Generation capacity + interconnected grid voltage, used as a proxy for nearby transmission density. NOT substation headroom (that data is CEII-restricted, 18 CFR 388.113, and not public) -- treat as an estimate."}},{"type":"Feature","geometry":{"type":"Point","coordinates":[-96.54621,28.64807]},"properties":{"plant_code":60459,"name":"Calhoun Port Comfort","county":"Calhoun","utility":"Peaker Power, LLC","balancing_authority":"ERCO","nameplate_mw":121.0,"max_grid_voltage_kv":138,"technologies":["Natural Gas Fired Combustion Turbine"],"note":"Generation capacity + interconnected grid voltage, used as a proxy for nearby transmission density. NOT substation headroom (that data is CEII-restricted, 18 CFR 388.113, and not public) -- treat as an estimate."}},{"type":"Feature","geometry":{"type":"Point","coordinates":[-95.11135,29.88321]},"properties":{"plant_code":60460,"name":"Chamon","county":"Harris","utility":"Peaker Power, LLC","balancing_authority":"ERCO","nameplate_mw":121.0,"max_grid_voltage_kv":138,"technologies":["Natural Gas Fired Combustion Turbine"],"note":"Generation capacity + interconnected grid voltage, used as a proxy for nearby transmission density. NOT substation headroom (that data is CEII-restricted, 18 CFR 388.113, and not public) -- treat as an estimate."}},{"type":"Feature","geometry":{"type":"Point","coordinates":[-95.45152,29.64727]},"properties":{"plant_code":60468,"name":"Friendswood Energy","county":"Harris","utility":"Tejas Power Generation LLC","balancing_authority":"ERCO","nameplate_mw":121.5,"max_grid_voltage_kv":138,"technologies":["Natural Gas Fired Combustion Turbine"],"note":"Generation capacity + interconnected grid voltage, used as a proxy for nearby transmission density. NOT substation headroom (that data is CEII-restricted, 18 CFR 388.113, and not public) -- treat as an estimate."}},{"type":"Feature","geometry":{"type":"Point","coordinates":[-98.26922,29.37797]},"properties":{"plant_code":60472,"name":"CPS 1 Community Solar","county":"Bexar","utility":"City of San Antonio - (TX)","balancing_authority":"ERCO","nameplate_mw":1.0,"max_grid_voltage_kv":13.2,"technologies":["Solar Photovoltaic"],"note":"Generation capacity + interconnected grid voltage, used as a proxy for nearby transmission density. NOT substation headroom (that data is CEII-restricted, 18 CFR 388.113, and not public) -- treat as an estimate."}},{"type":"Feature","geometry":{"type":"Point","coordinates":[-97.37201,33.70385]},"properties":{"plant_code":60502,"name":"Tyler Bluff Wind Project, LLC","county":"Cooke","utility":"Southern Power Co","balancing_authority":"ERCO","nameplate_mw":125.6,"max_grid_voltage_kv":138,"technologies":["Onshore Wind Turbine"],"note":"Generation capacity + interconnected grid voltage, used as a proxy for nearby transmission density. NOT substation headroom (that data is CEII-restricted, 18 CFR 388.113, and not public) -- treat as an estimate."}},{"type":"Feature","geometry":{"type":"Point","coordinates":[-102.29027,31.24181]},"properties":{"plant_code":60581,"name":"Upton County Solar","county":"Upton","utility":"RWE Clean Energy","balancing_authority":"ERCO","nameplate_mw":150.0,"max_grid_voltage_kv":138,"technologies":["Solar Photovoltaic"],"note":"Generation capacity + interconnected grid voltage, used as a proxy for nearby transmission density. NOT substation headroom (that data is CEII-restricted, 18 CFR 388.113, and not public) -- treat as an estimate."}},{"type":"Feature","geometry":{"type":"Point","coordinates":[-97.49652,27.83376]},"properties":{"plant_code":60642,"name":"M&G Resins USA","county":"Nueces","utility":"CC Polymers LLC","balancing_authority":"ERCO","nameplate_mw":0.0,"max_grid_voltage_kv":138,"technologies":[],"note":"Generation capacity + interconnected grid voltage, used as a proxy for nearby transmission density. NOT substation headroom (that data is CEII-restricted, 18 CFR 388.113, and not public) -- treat as an estimate."}},{"type":"Feature","geometry":{"type":"Point","coordinates":[-98.91,27.44]},"properties":{"plant_code":60645,"name":"Javelina Wind Energy II, LLC","county":"Webb","utility":"Javelina Wind Energy II, LLC","balancing_authority":"ERCO","nameplate_mw":200.0,"max_grid_voltage_kv":345,"technologies":["Onshore Wind Turbine"],"note":"Generation capacity + interconnected grid voltage, used as a proxy for nearby transmission density. NOT substation headroom (that data is CEII-restricted, 18 CFR 388.113, and not public) -- treat as an estimate."}},{"type":"Feature","geometry":{"type":"Point","coordinates":[-97.68702,30.58783]},"properties":{"plant_code":60649,"name":"Rabbit Hill Energy Storage Project","county":"Williamson","utility":"Rabbit Hill Energy Storage Project","balancing_authority":"ERCO","nameplate_mw":9.9,"max_grid_voltage_kv":24.9,"technologies":["Batteries"],"note":"Generation capacity + interconnected grid voltage, used as a proxy for nearby transmission density. NOT substation headroom (that data is CEII-restricted, 18 CFR 388.113, and not public) -- treat as an estimate."}},{"type":"Feature","geometry":{"type":"Point","coordinates":[-100.93441,35.18172]},"properties":{"plant_code":60657,"name":"Salt Fork Wind Project, LLC","county":"Donley","utility":"Southern Power Co","balancing_authority":"ERCO","nameplate_mw":174.0,"max_grid_voltage_kv":345,"technologies":["Onshore Wind Turbine"],"note":"Generation capacity + interconnected grid voltage, used as a proxy for nearby transmission density. NOT substation headroom (that data is CEII-restricted, 18 CFR 388.113, and not public) -- treat as an estimate."}},{"type":"Feature","geometry":{"type":"Point","coordinates":[-102.26831,30.98784]},"properties":{"plant_code":60682,"name":"Pearl Solar","county":"Pecos","utility":"BHE Renewables, LLC","balancing_authority":"ERCO","nameplate_mw":50.0,"max_grid_voltage_kv":138,"technologies":["Solar Photovoltaic"],"note":"Generation capacity + interconnected grid voltage, used as a proxy for nearby transmission density. NOT substation headroom (that data is CEII-restricted, 18 CFR 388.113, and not public) -- treat as an estimate."}},{"type":"Feature","geometry":{"type":"Point","coordinates":[-99.399,34.299]},"properties":{"plant_code":60690,"name":"Blue Summit Storage, LLC","county":"Wilbarger","utility":"Blue Summit Storage, LLC","balancing_authority":"ERCO","nameplate_mw":30.0,"max_grid_voltage_kv":138,"technologies":["Batteries"],"note":"Generation capacity + interconnected grid voltage, used as a proxy for nearby transmission density. NOT substation headroom (that data is CEII-restricted, 18 CFR 388.113, and not public) -- treat as an estimate."}},{"type":"Feature","geometry":{"type":"Point","coordinates":[-103.05724,32.62853]},"properties":{"plant_code":60697,"name":"Gaines County","county":"Gaines","utility":"Southwestern Public Service Co","balancing_authority":"SWPP","nameplate_mw":0.0,"max_grid_voltage_kv":230,"technologies":[],"note":"Generation capacity + interconnected grid voltage, used as a proxy for nearby transmission density. NOT substation headroom (that data is CEII-restricted, 18 CFR 388.113, and not public) -- treat as an estimate."}},{"type":"Feature","geometry":{"type":"Point","coordinates":[-99.55136,31.36033]},"properties":{"plant_code":60743,"name":"Rattlesnake Power, LLC","county":"McCulloch","utility":"Rattlesnake Power, LLC","balancing_authority":"ERCO","nameplate_mw":160.0,"max_grid_voltage_kv":345,"technologies":["Onshore Wind Turbine"],"note":"Generation capacity + interconnected grid voltage, used as a proxy for nearby transmission density. NOT substation headroom (that data is CEII-restricted, 18 CFR 388.113, and not public) -- treat as an estimate."}},{"type":"Feature","geometry":{"type":"Point","coordinates":[-97.84511,31.11498]},"properties":{"plant_code":60774,"name":"Phantom Solar","county":"Bell","utility":"Phantom Solar, LLC","balancing_authority":"ERCO","nameplate_mw":15.4,"max_grid_voltage_kv":12.47,"technologies":["Solar Photovoltaic"],"note":"Generation capacity + interconnected grid voltage, used as a proxy for nearby transmission density. NOT substation headroom (that data is CEII-restricted, 18 CFR 388.113, and not public) -- treat as an estimate."}},{"type":"Feature","geometry":{"type":"Point","coordinates":[-100.828,31.87]},"properties":{"plant_code":60789,"name":"Bluebell Solar","county":"Sterling","utility":"Bluebell Solar, LLC","balancing_authority":"ERCO","nameplate_mw":30.0,"max_grid_voltage_kv":34,"technologies":["Solar Photovoltaic"],"note":"Generation capacity + interconnected grid voltage, used as a proxy for nearby transmission density. NOT substation headroom (that data is CEII-restricted, 18 CFR 388.113, and not public) -- treat as an estimate."}},{"type":"Feature","geometry":{"type":"Point","coordinates":[-102.05242,34.76954]},"properties":{"plant_code":60856,"name":"Astra Wind Farm","county":"Randall","utility":"Astra Wind LLC","balancing_authority":"ERCO","nameplate_mw":163.0,"max_grid_voltage_kv":345,"technologies":["Onshore Wind Turbine"],"note":"Generation capacity + interconnected grid voltage, used as a proxy for nearby transmission density. NOT substation headroom (that data is CEII-restricted, 18 CFR 388.113, and not public) -- treat as an estimate."}},{"type":"Feature","geometry":{"type":"Point","coordinates":[-99.62426,33.34537]},"properties":{"plant_code":60901,"name":"Willow Springs Wind Farm","county":"Haskell","utility":"Willow Springs Windfarm, LLC","balancing_authority":"ERCO","nameplate_mw":250.0,"max_grid_voltage_kv":345,"technologies":["Onshore Wind Turbine"],"note":"Generation capacity + interconnected grid voltage, used as a proxy for nearby transmission density. NOT substation headroom (that data is CEII-restricted, 18 CFR 388.113, and not public) -- treat as an estimate."}},{"type":"Feature","geometry":{"type":"Point","coordinates":[-100.97513,32.86377]},"properties":{"plant_code":60902,"name":"Dermott Wind","county":"Scurry","utility":"Dermott Wind, LLC","balancing_authority":"ERCO","nameplate_mw":253.0,"max_grid_voltage_kv":345,"technologies":["Onshore Wind Turbine"],"note":"Generation capacity + interconnected grid voltage, used as a proxy for nearby transmission density. NOT substation headroom (that data is CEII-restricted, 18 CFR 388.113, and not public) -- treat as an estimate."}},{"type":"Feature","geometry":{"type":"Point","coordinates":[-95.05415,29.64679]},"properties":{"plant_code":60910,"name":"NET Power La Porte Station","county":"Harris","utility":"NET Power, LLC","balancing_authority":"ERCO","nameplate_mw":0.0,"max_grid_voltage_kv":138,"technologies":[],"note":"Generation capacity + interconnected grid voltage, used as a proxy for nearby transmission density. NOT substation headroom (that data is CEII-restricted, 18 CFR 388.113, and not public) -- treat as an estimate."}},{"type":"Feature","geometry":{"type":"Point","coordinates":[-95.5275,30.44083]},"properties":{"plant_code":60925,"name":"Montgomery County","county":"Montgomery","utility":"Entergy Texas Inc.","balancing_authority":"MISO","nameplate_mw":1000.0,"max_grid_voltage_kv":230,"technologies":["Natural Gas Fired Combined Cycle"],"note":"Generation capacity + interconnected grid voltage, used as a proxy for nearby transmission density. NOT substation headroom (that data is CEII-restricted, 18 CFR 388.113, and not public) -- treat as an estimate."}},{"type":"Feature","geometry":{"type":"Point","coordinates":[-98.37739,32.37131]},"properties":{"plant_code":60983,"name":"Buckthorn Wind","county":"Erath","utility":"Buckthorn Wind Project, LLC","balancing_authority":"ERCO","nameplate_mw":100.5,"max_grid_voltage_kv":138,"technologies":["Onshore Wind Turbine"],"note":"Generation capacity + interconnected grid voltage, used as a proxy for nearby transmission density. NOT substation headroom (that data is CEII-restricted, 18 CFR 388.113, and not public) -- treat as an estimate."}},{"type":"Feature","geometry":{"type":"Point","coordinates":[-101.31879,31.18138]},"properties":{"plant_code":60987,"name":"Santa Rita Wind Energy","county":"Reagan","utility":"BHE Renewables, LLC","balancing_authority":"ERCO","nameplate_mw":300.0,"max_grid_voltage_kv":345,"technologies":["Onshore Wind Turbine"],"note":"Generation capacity + interconnected grid voltage, used as a proxy for nearby transmission density. NOT substation headroom (that data is CEII-restricted, 18 CFR 388.113, and not public) -- treat as an estimate."}},{"type":"Feature","geometry":{"type":"Point","coordinates":[-103.4747,30.45512]},"properties":{"plant_code":60989,"name":"SolaireHolman Solar Project","county":"Brewster","utility":"SolaireHolman 1, LLC","balancing_authority":"ERCO","nameplate_mw":50.0,"max_grid_voltage_kv":69,"technologies":["Solar Photovoltaic"],"note":"Generation capacity + interconnected grid voltage, used as a proxy for nearby transmission density. NOT substation headroom (that data is CEII-restricted, 18 CFR 388.113, and not public) -- treat as an estimate."}},{"type":"Feature","geometry":{"type":"Point","coordinates":[-100.02814,31.11247]},"properties":{"plant_code":61001,"name":"Cactus Flats Wind Energy Project","county":"Concho","utility":"Southern Power Co","balancing_authority":"ERCO","nameplate_mw":148.4,"max_grid_voltage_kv":138,"technologies":["Onshore Wind Turbine"],"note":"Generation capacity + interconnected grid voltage, used as a proxy for nearby transmission density. NOT substation headroom (that data is CEII-restricted, 18 CFR 388.113, and not public) -- treat as an estimate."}},{"type":"Feature","geometry":{"type":"Point","coordinates":[-99.42127,31.24218]},"properties":{"plant_code":61032,"name":"Heart of Texas Wind Project","county":"McCulloch","utility":"Scout Clean Energy LLC","balancing_authority":"ERCO","nameplate_mw":180.0,"max_grid_voltage_kv":345,"technologies":["Onshore Wind Turbine"],"note":"Generation capacity + interconnected grid voltage, used as a proxy for nearby transmission density. NOT substation headroom (that data is CEII-restricted, 18 CFR 388.113, and not public) -- treat as an estimate."}},{"type":"Feature","geometry":{"type":"Point","coordinates":[-99.76221,29.68103]},"properties":{"plant_code":61205,"name":"Bandera Electric Coop PV","county":"Real","utility":"SoCore Energy LLC","balancing_authority":"ERCO","nameplate_mw":1.5,"max_grid_voltage_kv":24.94,"technologies":["Solar Photovoltaic"],"note":"Generation capacity + interconnected grid voltage, used as a proxy for nearby transmission density. NOT substation headroom (that data is CEII-restricted, 18 CFR 388.113, and not public) -- treat as an estimate."}},{"type":"Feature","geometry":{"type":"Point","coordinates":[-98.60336,31.68451]},"properties":{"plant_code":61212,"name":"Flat Top Wind I","county":"Mills","utility":"BHE Renewables, LLC","balancing_authority":"ERCO","nameplate_mw":200.0,"max_grid_voltage_kv":345,"technologies":["Onshore Wind Turbine"],"note":"Generation capacity + interconnected grid voltage, used as a proxy for nearby transmission density. NOT substation headroom (that data is CEII-restricted, 18 CFR 388.113, and not public) -- treat as an estimate."}},{"type":"Feature","geometry":{"type":"Point","coordinates":[-97.0093,28.7853]},"properties":{"plant_code":61241,"name":"Tres City Power LLC","county":"Victoria","utility":"Tres Power Victoria LLC","balancing_authority":"ERCO","nameplate_mw":100.0,"max_grid_voltage_kv":138,"technologies":["Natural Gas Fired Combustion Turbine"],"note":"Generation capacity + interconnected grid voltage, used as a proxy for nearby transmission density. NOT substation headroom (that data is CEII-restricted, 18 CFR 388.113, and not public) -- treat as an estimate."}},{"type":"Feature","geometry":{"type":"Point","coordinates":[-96.9453,28.69637]},"properties":{"plant_code":61242,"name":"Tres Port Power, LLC","county":"Victoria","utility":"Tres Power Victoria LLC","balancing_authority":"ERCO","nameplate_mw":100.0,"max_grid_voltage_kv":138,"technologies":["Natural Gas Fired Combustion Turbine"],"note":"Generation capacity + interconnected grid voltage, used as a proxy for nearby transmission density. NOT substation headroom (that data is CEII-restricted, 18 CFR 388.113, and not public) -- treat as an estimate."}},{"type":"Feature","geometry":{"type":"Point","coordinates":[-97.05,32.82]},"properties":{"plant_code":61309,"name":"IKEA Grand Prairie Rooftop PV System","county":"Dallas","utility":"IKEA Property Inc","balancing_authority":"ERCO","nameplate_mw":1.2,"max_grid_voltage_kv":0.48,"technologies":["Solar Photovoltaic"],"note":"Generation capacity + interconnected grid voltage, used as a proxy for nearby transmission density. NOT substation headroom (that data is CEII-restricted, 18 CFR 388.113, and not public) -- treat as an estimate."}},{"type":"Feature","geometry":{"type":"Point","coordinates":[-97.81751,28.17018]},"properties":{"plant_code":61343,"name":"Karankawa Wind LLC","county":"San Patricio","utility":"Avangrid Power LLC","balancing_authority":"ERCO","nameplate_mw":307.1,"max_grid_voltage_kv":345,"technologies":["Onshore Wind Turbine"],"note":"Generation capacity + interconnected grid voltage, used as a proxy for nearby transmission density. NOT substation headroom (that data is CEII-restricted, 18 CFR 388.113, and not public) -- treat as an estimate."}},{"type":"Feature","geometry":{"type":"Point","coordinates":[-102.25775,30.97664]},"properties":{"plant_code":61346,"name":"RE Maplewood","county":"Pecos","utility":"Onward Energy","balancing_authority":"ERCO","nameplate_mw":250.0,"max_grid_voltage_kv":345,"technologies":["Solar Photovoltaic"],"note":"Generation capacity + interconnected grid voltage, used as a proxy for nearby transmission density. NOT substation headroom (that data is CEII-restricted, 18 CFR 388.113, and not public) -- treat as an estimate."}},{"type":"Feature","geometry":{"type":"Point","coordinates":[-97.24291,32.63907]},"properties":{"plant_code":61355,"name":"Arlington Outlet Hydroelectric Generator","county":"Tarrant","utility":"Tarrant Regional Water District","balancing_authority":"ERCO","nameplate_mw":0.0,"max_grid_voltage_kv":4.1,"technologies":[],"note":"Generation capacity + interconnected grid voltage, used as a proxy for nearby transmission density. NOT substation headroom (that data is CEII-restricted, 18 CFR 388.113, and not public) -- treat as an estimate."}},{"type":"Feature","geometry":{"type":"Point","coordinates":[-101.47922,32.16757]},"properties":{"plant_code":61362,"name":"NRG Elbow Creek Energy Storage Project","county":"Howard","utility":"NRG Texas Power LLC","balancing_authority":"ERCO","nameplate_mw":0.0,"max_grid_voltage_kv":12.47,"technologies":[],"note":"Generation capacity + interconnected grid voltage, used as a proxy for nearby transmission density. NOT substation headroom (that data is CEII-restricted, 18 CFR 388.113, and not public) -- treat as an estimate."}},{"type":"Feature","geometry":{"type":"Point","coordinates":[-102.22354,30.9955]},"properties":{"plant_code":61368,"name":"Midway Solar - TX","county":"Pecos","utility":"Midway Solar","balancing_authority":"ERCO","nameplate_mw":182.0,"max_grid_voltage_kv":345,"technologies":["Solar Photovoltaic"],"note":"Generation capacity + interconnected grid voltage, used as a proxy for nearby transmission density. NOT substation headroom (that data is CEII-restricted, 18 CFR 388.113, and not public) -- treat as an estimate."}},{"type":"Feature","geometry":{"type":"Point","coordinates":[-97.76846,32.07868]},"properties":{"plant_code":61370,"name":"Walnut Springs Solar","county":"Bosque","utility":"Cypress Creek Renewables","balancing_authority":"ERCO","nameplate_mw":5.0,"max_grid_voltage_kv":22,"technologies":["Solar Photovoltaic"],"note":"Generation capacity + interconnected grid voltage, used as a proxy for nearby transmission density. NOT substation headroom (that data is CEII-restricted, 18 CFR 388.113, and not public) -- treat as an estimate."}},{"type":"Feature","geometry":{"type":"Point","coordinates":[-99.74028,33.91531]},"properties":{"plant_code":61402,"name":"Foard City Wind","county":"Foard","utility":"Foard City Wind, LLC","balancing_authority":"ERCO","nameplate_mw":352.8,"max_grid_voltage_kv":345,"technologies":["Onshore Wind Turbine"],"note":"Generation capacity + interconnected grid voltage, used as a proxy for nearby transmission density. NOT substation headroom (that data is CEII-restricted, 18 CFR 388.113, and not public) -- treat as an estimate."}},{"type":"Feature","geometry":{"type":"Point","coordinates":[-96.69045,33.61444]},"properties":{"plant_code":61409,"name":"Highway 56 Solar","county":"Grayson","utility":"Cypress Creek Renewables","balancing_authority":"ERCO","nameplate_mw":5.3,"max_grid_voltage_kv":12.47,"technologies":["Solar Photovoltaic"],"note":"Generation capacity + interconnected grid voltage, used as a proxy for nearby transmission density. NOT substation headroom (that data is CEII-restricted, 18 CFR 388.113, and not public) -- treat as an estimate."}},{"type":"Feature","geometry":{"type":"Point","coordinates":[-96.86872,33.61653]},"properties":{"plant_code":61410,"name":"Whitesboro Solar","county":"Grayson","utility":"Cypress Creek Renewables","balancing_authority":"ERCO","nameplate_mw":5.0,"max_grid_voltage_kv":12.47,"technologies":["Solar Photovoltaic"],"note":"Generation capacity + interconnected grid voltage, used as a proxy for nearby transmission density. NOT substation headroom (that data is CEII-restricted, 18 CFR 388.113, and not public) -- treat as an estimate."}},{"type":"Feature","geometry":{"type":"Point","coordinates":[-96.86747,33.62485]},"properties":{"plant_code":61411,"name":"Whitesboro Solar II","county":"Grayson","utility":"Cypress Creek Renewables","balancing_authority":"ERCO","nameplate_mw":5.0,"max_grid_voltage_kv":12.47,"technologies":["Solar Photovoltaic"],"note":"Generation capacity + interconnected grid voltage, used as a proxy for nearby transmission density. NOT substation headroom (that data is CEII-restricted, 18 CFR 388.113, and not public) -- treat as an estimate."}},{"type":"Feature","geometry":{"type":"Point","coordinates":[-101.20896,32.87507]},"properties":{"plant_code":61417,"name":"Gopher Creek Wind Farm","county":"Borden","utility":"Fluvanna Wind Energy LLC","balancing_authority":"ERCO","nameplate_mw":158.0,"max_grid_voltage_kv":138,"technologies":["Onshore Wind Turbine"],"note":"Generation capacity + interconnected grid voltage, used as a proxy for nearby transmission density. NOT substation headroom (that data is CEII-restricted, 18 CFR 388.113, and not public) -- treat as an estimate."}},{"type":"Feature","geometry":{"type":"Point","coordinates":[-96.15994,29.74079]},"properties":{"plant_code":61493,"name":"E-Volve Energy Holdings LLC","county":"Austin","utility":"E-Volve Energy Holdings LLC","balancing_authority":"ERCO","nameplate_mw":0.0,"max_grid_voltage_kv":34.5,"technologies":[],"note":"Generation capacity + interconnected grid voltage, used as a proxy for nearby transmission density. NOT substation headroom (that data is CEII-restricted, 18 CFR 388.113, and not public) -- treat as an estimate."}},{"type":"Feature","geometry":{"type":"Point","coordinates":[-96.87721,31.28674]},"properties":{"plant_code":61513,"name":"Marlin Solar","county":"Limestone","utility":"Cypress Creek Renewables","balancing_authority":"ERCO","nameplate_mw":5.3,"max_grid_voltage_kv":12.4,"technologies":["Solar Photovoltaic"],"note":"Generation capacity + interconnected grid voltage, used as a proxy for nearby transmission density. NOT substation headroom (that data is CEII-restricted, 18 CFR 388.113, and not public) -- treat as an estimate."}},{"type":"Feature","geometry":{"type":"Point","coordinates":[-97.14857,33.65607]},"properties":{"plant_code":61514,"name":"North Gainesville Solar","county":"Cooke","utility":"Cypress Creek Renewables","balancing_authority":"ERCO","nameplate_mw":5.2,"max_grid_voltage_kv":12.47,"technologies":["Solar Photovoltaic"],"note":"Generation capacity + interconnected grid voltage, used as a proxy for nearby transmission density. NOT substation headroom (that data is CEII-restricted, 18 CFR 388.113, and not public) -- treat as an estimate."}},{"type":"Feature","geometry":{"type":"Point","coordinates":[-96.37889,33.49819]},"properties":{"plant_code":61524,"name":"Whitewright Solar","county":"Fannin","utility":"Cypress Creek Renewables","balancing_authority":"ERCO","nameplate_mw":10.0,"max_grid_voltage_kv":12,"technologies":["Solar Photovoltaic"],"note":"Generation capacity + interconnected grid voltage, used as a proxy for nearby transmission density. NOT substation headroom (that data is CEII-restricted, 18 CFR 388.113, and not public) -- treat as an estimate."}},{"type":"Feature","geometry":{"type":"Point","coordinates":[-96.23974,33.16114]},"properties":{"plant_code":61532,"name":"Leon Solar","county":"Hunt","utility":"Cypress Creek Renewables","balancing_authority":"ERCO","nameplate_mw":10.0,"max_grid_voltage_kv":24.9,"technologies":["Solar Photovoltaic"],"note":"Generation capacity + interconnected grid voltage, used as a proxy for nearby transmission density. NOT substation headroom (that data is CEII-restricted, 18 CFR 388.113, and not public) -- treat as an estimate."}},{"type":"Feature","geometry":{"type":"Point","coordinates":[-101.78412,34.96601]},"properties":{"plant_code":61589,"name":"UL Advanced Wind Turbine Test Facility","county":"Randall","utility":"West Texas A&M University","balancing_authority":"SWPP","nameplate_mw":3.5,"max_grid_voltage_kv":13.2,"technologies":["Onshore Wind Turbine"],"note":"Generation capacity + interconnected grid voltage, used as a proxy for nearby transmission density. NOT substation headroom (that data is CEII-restricted, 18 CFR 388.113, and not public) -- treat as an estimate."}},{"type":"Feature","geometry":{"type":"Point","coordinates":[-96.6284,33.61748]},"properties":{"plant_code":61624,"name":"West Moore Solar","county":"Grayson","utility":"Cypress Creek Renewables","balancing_authority":"ERCO","nameplate_mw":0.0,"max_grid_voltage_kv":12.47,"technologies":[],"note":"Generation capacity + interconnected grid voltage, used as a proxy for nearby transmission density. NOT substation headroom (that data is CEII-restricted, 18 CFR 388.113, and not public) -- treat as an estimate."}},{"type":"Feature","geometry":{"type":"Point","coordinates":[-96.6284,33.61748]},"properties":{"plant_code":61625,"name":"West Moore Solar II","county":"Grayson","utility":"Cypress Creek Renewables","balancing_authority":"ERCO","nameplate_mw":5.0,"max_grid_voltage_kv":12.47,"technologies":["Solar Photovoltaic"],"note":"Generation capacity + interconnected grid voltage, used as a proxy for nearby transmission density. NOT substation headroom (that data is CEII-restricted, 18 CFR 388.113, and not public) -- treat as an estimate."}},{"type":"Feature","geometry":{"type":"Point","coordinates":[-97.20969,33.21487]},"properties":{"plant_code":61643,"name":"Denton Energy Center","county":"Denton","utility":"City of Denton - (TX)","balancing_authority":"ERCO","nameplate_mw":225.6,"max_grid_voltage_kv":138,"technologies":["Natural Gas Internal Combustion Engine"],"note":"Generation capacity + interconnected grid voltage, used as a proxy for nearby transmission density. NOT substation headroom (that data is CEII-restricted, 18 CFR 388.113, and not public) -- treat as an estimate."}},{"type":"Feature","geometry":{"type":"Point","coordinates":[-102.9619,33.5296]},"properties":{"plant_code":61674,"name":"Wildcat Ranch Wind Project","county":"Cochran","utility":"Wildcat Ranch Wind Project, LLC","balancing_authority":"SWPP","nameplate_mw":150.0,"max_grid_voltage_kv":115,"technologies":["Onshore Wind Turbine"],"note":"Generation capacity + interconnected grid voltage, used as a proxy for nearby transmission density. NOT substation headroom (that data is CEII-restricted, 18 CFR 388.113, and not public) -- treat as an estimate."}},{"type":"Feature","geometry":{"type":"Point","coordinates":[-101.88522,32.71333]},"properties":{"plant_code":61697,"name":"Lamesa II","county":"Dawson","utility":"Lamesa Solar II, L.L.C.","balancing_authority":"ERCO","nameplate_mw":50.0,"max_grid_voltage_kv":138,"technologies":["Solar Photovoltaic"],"note":"Generation capacity + interconnected grid voltage, used as a proxy for nearby transmission density. NOT substation headroom (that data is CEII-restricted, 18 CFR 388.113, and not public) -- treat as an estimate."}},{"type":"Feature","geometry":{"type":"Point","coordinates":[-97.68486,30.26588]},"properties":{"plant_code":61700,"name":"PowerFin Kingsbery","county":"Travis","utility":"PowerFin ASL 1, LLC","balancing_authority":"ERCO","nameplate_mw":2.6,"max_grid_voltage_kv":12.47,"technologies":["Solar Photovoltaic"],"note":"Generation capacity + interconnected grid voltage, used as a proxy for nearby transmission density. NOT substation headroom (that data is CEII-restricted, 18 CFR 388.113, and not public) -- treat as an estimate."}},{"type":"Feature","geometry":{"type":"Point","coordinates":[-97.68614,30.26603]},"properties":{"plant_code":61741,"name":"Kingsberry Energy Storage System","county":"Travis","utility":"Austin Energy","balancing_authority":"ERCO","nameplate_mw":1.5,"max_grid_voltage_kv":12.47,"technologies":["Batteries"],"note":"Generation capacity + interconnected grid voltage, used as a proxy for nearby transmission density. NOT substation headroom (that data is CEII-restricted, 18 CFR 388.113, and not public) -- treat as an estimate."}},{"type":"Feature","geometry":{"type":"Point","coordinates":[-97.70881,30.21995]},"properties":{"plant_code":61742,"name":"System Control Center","county":"Travis","utility":"Austin Energy","balancing_authority":"ERCO","nameplate_mw":5.0,"max_grid_voltage_kv":12.7,"technologies":["Flywheels"],"note":"Generation capacity + interconnected grid voltage, used as a proxy for nearby transmission density. NOT substation headroom (that data is CEII-restricted, 18 CFR 388.113, and not public) -- treat as an estimate."}},{"type":"Feature","geometry":{"type":"Point","coordinates":[-97.49639,26.28889]},"properties":{"plant_code":61773,"name":"Palmas Wind, LLC","county":"Cameron","utility":"Acciona Energy USA Global, LLC","balancing_authority":"ERCO","nameplate_mw":144.9,"max_grid_voltage_kv":138,"technologies":["Onshore Wind Turbine"],"note":"Generation capacity + interconnected grid voltage, used as a proxy for nearby transmission density. NOT substation headroom (that data is CEII-restricted, 18 CFR 388.113, and not public) -- treat as an estimate."}},{"type":"Feature","geometry":{"type":"Point","coordinates":[-97.3002,27.95498]},"properties":{"plant_code":61776,"name":"Midway Wind, LLC","county":"San Patricio","utility":"Midway Wind, LLC","balancing_authority":"ERCO","nameplate_mw":162.9,"max_grid_voltage_kv":138,"technologies":["Onshore Wind Turbine"],"note":"Generation capacity + interconnected grid voltage, used as a proxy for nearby transmission density. NOT substation headroom (that data is CEII-restricted, 18 CFR 388.113, and not public) -- treat as an estimate."}},{"type":"Feature","geometry":{"type":"Point","coordinates":[-100.62311,31.04856]},"properties":{"plant_code":61782,"name":"Live Oak Wind Project","county":"Schleicher","utility":"Engie North America","balancing_authority":"ERCO","nameplate_mw":199.5,"max_grid_voltage_kv":345,"technologies":["Onshore Wind Turbine"],"note":"Generation capacity + interconnected grid voltage, used as a proxy for nearby transmission density. NOT substation headroom (that data is CEII-restricted, 18 CFR 388.113, and not public) -- treat as an estimate."}},{"type":"Feature","geometry":{"type":"Point","coordinates":[-95.39071,33.63291]},"properties":{"plant_code":61810,"name":"Chisum","county":"Lamar","utility":"Cypress Creek Renewables","balancing_authority":"ERCO","nameplate_mw":10.0,"max_grid_voltage_kv":22,"technologies":["Solar Photovoltaic"],"note":"Generation capacity + interconnected grid voltage, used as a proxy for nearby transmission density. NOT substation headroom (that data is CEII-restricted, 18 CFR 388.113, and not public) -- treat as an estimate."}},{"type":"Feature","geometry":{"type":"Point","coordinates":[-99.0387,26.649]},"properties":{"plant_code":61865,"name":"Rio Bravo Windpower, LLC","county":"Starr","utility":"Rio Bravo Windpower, LLC","balancing_authority":"ERCO","nameplate_mw":237.6,"max_grid_voltage_kv":345,"technologies":["Onshore Wind Turbine"],"note":"Generation capacity + interconnected grid voltage, used as a proxy for nearby transmission density. NOT substation headroom (that data is CEII-restricted, 18 CFR 388.113, and not public) -- treat as an estimate."}},{"type":"Feature","geometry":{"type":"Point","coordinates":[-96.07689,29.63132]},"properties":{"plant_code":61867,"name":"Bovine","county":"Austin","utility":"Cypress Creek Renewables","balancing_authority":"ERCO","nameplate_mw":10.0,"max_grid_voltage_kv":34.5,"technologies":["Solar Photovoltaic"],"note":"Generation capacity + interconnected grid voltage, used as a proxy for nearby transmission density. NOT substation headroom (that data is CEII-restricted, 18 CFR 388.113, and not public) -- treat as an estimate."}},{"type":"Feature","geometry":{"type":"Point","coordinates":[-95.96955,29.53748]},"properties":{"plant_code":61868,"name":"Bronson","county":"Fort Bend","utility":"Cypress Creek Renewables","balancing_authority":"ERCO","nameplate_mw":10.0,"max_grid_voltage_kv":34.5,"technologies":["Solar Photovoltaic"],"note":"Generation capacity + interconnected grid voltage, used as a proxy for nearby transmission density. NOT substation headroom (that data is CEII-restricted, 18 CFR 388.113, and not public) -- treat as an estimate."}},{"type":"Feature","geometry":{"type":"Point","coordinates":[-96.17262,33.16617]},"properties":{"plant_code":61871,"name":"Sterling Solar (TX)","county":"Hunt","utility":"Cypress Creek Renewables","balancing_authority":"ERCO","nameplate_mw":10.0,"max_grid_voltage_kv":24.9,"technologies":["Solar Photovoltaic"],"note":"Generation capacity + interconnected grid voltage, used as a proxy for nearby transmission density. NOT substation headroom (that data is CEII-restricted, 18 CFR 388.113, and not public) -- treat as an estimate."}},{"type":"Feature","geometry":{"type":"Point","coordinates":[-99.53726,30.87223]},"properties":{"plant_code":61872,"name":"Lampwick","county":"Menard","utility":"Sol Systems","balancing_authority":"ERCO","nameplate_mw":7.5,"max_grid_voltage_kv":12.47,"technologies":["Solar Photovoltaic"],"note":"Generation capacity + interconnected grid voltage, used as a proxy for nearby transmission density. NOT substation headroom (that data is CEII-restricted, 18 CFR 388.113, and not public) -- treat as an estimate."}},{"type":"Feature","geometry":{"type":"Point","coordinates":[-97.65375,31.93384]},"properties":{"plant_code":61873,"name":"Yellow Jacket","county":"Bosque","utility":"Cypress Creek Renewables","balancing_authority":"ERCO","nameplate_mw":5.0,"max_grid_voltage_kv":22,"technologies":["Solar Photovoltaic"],"note":"Generation capacity + interconnected grid voltage, used as a proxy for nearby transmission density. NOT substation headroom (that data is CEII-restricted, 18 CFR 388.113, and not public) -- treat as an estimate."}},{"type":"Feature","geometry":{"type":"Point","coordinates":[-97.26074,31.29115]},"properties":{"plant_code":61874,"name":"Eddy II","county":"McLennan","utility":"Cypress Creek Renewables","balancing_authority":"ERCO","nameplate_mw":10.0,"max_grid_voltage_kv":24.9,"technologies":["Solar Photovoltaic"],"note":"Generation capacity + interconnected grid voltage, used as a proxy for nearby transmission density. NOT substation headroom (that data is CEII-restricted, 18 CFR 388.113, and not public) -- treat as an estimate."}},{"type":"Feature","geometry":{"type":"Point","coordinates":[-96.02338,29.20536]},"properties":{"plant_code":61875,"name":"Cascade Solar (TX)","county":"Wharton","utility":"Cypress Creek Renewables","balancing_authority":"ERCO","nameplate_mw":10.0,"max_grid_voltage_kv":12.47,"technologies":["Solar Photovoltaic"],"note":"Generation capacity + interconnected grid voltage, used as a proxy for nearby transmission density. NOT substation headroom (that data is CEII-restricted, 18 CFR 388.113, and not public) -- treat as an estimate."}},{"type":"Feature","geometry":{"type":"Point","coordinates":[-106.37286,31.82999]},"properties":{"plant_code":61887,"name":"Fort Bliss (DEA EPIC)","county":"El Paso","utility":"Ameresco Federal Solutions","balancing_authority":"EPE","nameplate_mw":2.0,"max_grid_voltage_kv":13.8,"technologies":["Solar Photovoltaic"],"note":"Generation capacity + interconnected grid voltage, used as a proxy for nearby transmission density. NOT substation headroom (that data is CEII-restricted, 18 CFR 388.113, and not public) -- treat as an estimate."}},{"type":"Feature","geometry":{"type":"Point","coordinates":[-96.84113,33.08422]},"properties":{"plant_code":61895,"name":"Toyota HQ Plan","county":"Collin","utility":"MN8 Energy LLC","balancing_authority":"ERCO","nameplate_mw":7.7,"max_grid_voltage_kv":25,"technologies":["Solar Photovoltaic"],"note":"Generation capacity + interconnected grid voltage, used as a proxy for nearby transmission density. NOT substation headroom (that data is CEII-restricted, 18 CFR 388.113, and not public) -- treat as an estimate."}},{"type":"Feature","geometry":{"type":"Point","coordinates":[-102.8683,31.84342]},"properties":{"plant_code":61906,"name":"Phoebe Solar","county":"Winkler","utility":"Phoebe Energy Project, LLC","balancing_authority":"ERCO","nameplate_mw":250.0,"max_grid_voltage_kv":138,"technologies":["Solar Photovoltaic"],"note":"Generation capacity + interconnected grid voltage, used as a proxy for nearby transmission density. NOT substation headroom (that data is CEII-restricted, 18 CFR 388.113, and not public) -- treat as an estimate."}},{"type":"Feature","geometry":{"type":"Point","coordinates":[-99.79661,31.43593]},"properties":{"plant_code":61920,"name":"Galloway 1 Solar Farm","county":"Concho","utility":"225DD 8me LLC","balancing_authority":"ERCO","nameplate_mw":250.0,"max_grid_voltage_kv":230,"technologies":["Solar Photovoltaic"],"note":"Generation capacity + interconnected grid voltage, used as a proxy for nearby transmission density. NOT substation headroom (that data is CEII-restricted, 18 CFR 388.113, and not public) -- treat as an estimate."}},{"type":"Feature","geometry":{"type":"Point","coordinates":[-101.67919,33.1509]},"properties":{"plant_code":61921,"name":"Tahoka Wind","county":"Lynn","utility":"Tahoka Wind, LLC","balancing_authority":"ERCO","nameplate_mw":300.0,"max_grid_voltage_kv":345,"technologies":["Onshore Wind Turbine"],"note":"Generation capacity + interconnected grid voltage, used as a proxy for nearby transmission density. NOT substation headroom (that data is CEII-restricted, 18 CFR 388.113, and not public) -- treat as an estimate."}},{"type":"Feature","geometry":{"type":"Point","coordinates":[-100.16237,32.10413]},"properties":{"plant_code":61962,"name":"Holstein 1 Solar Farm","county":"Nolan","utility":"Holstein Solar Farm 1, LLC","balancing_authority":"ERCO","nameplate_mw":200.0,"max_grid_voltage_kv":345,"technologies":["Solar Photovoltaic"],"note":"Generation capacity + interconnected grid voltage, used as a proxy for nearby transmission density. NOT substation headroom (that data is CEII-restricted, 18 CFR 388.113, and not public) -- treat as an estimate."}},{"type":"Feature","geometry":{"type":"Point","coordinates":[-96.94612,28.69848]},"properties":{"plant_code":61966,"name":"Victoria Port II","county":"Victoria","utility":"Victoria Port Power II","balancing_authority":"ERCO","nameplate_mw":100.0,"max_grid_voltage_kv":138,"technologies":["Natural Gas Fired Combustion Turbine"],"note":"Generation capacity + interconnected grid voltage, used as a proxy for nearby transmission density. NOT substation headroom (that data is CEII-restricted, 18 CFR 388.113, and not public) -- treat as an estimate."}},{"type":"Feature","geometry":{"type":"Point","coordinates":[-100.1138,31.53477]},"properties":{"plant_code":61967,"name":"Norton Solar Farm","county":"Runnels","utility":"TAI Norton Solar LLC","balancing_authority":"ERCO","nameplate_mw":125.0,"max_grid_voltage_kv":138,"technologies":["Solar Photovoltaic"],"note":"Generation capacity + interconnected grid voltage, used as a proxy for nearby transmission density. NOT substation headroom (that data is CEII-restricted, 18 CFR 388.113, and not public) -- treat as an estimate."}},{"type":"Feature","geometry":{"type":"Point","coordinates":[-98.7945,27.61441]},"properties":{"plant_code":61969,"name":"Torrecillas Wind Energy, LLC","county":"Webb","utility":"Torrecillas Wind Energy, LLC","balancing_authority":"ERCO","nameplate_mw":300.0,"max_grid_voltage_kv":345,"technologies":["Onshore Wind Turbine"],"note":"Generation capacity + interconnected grid voltage, used as a proxy for nearby transmission density. NOT substation headroom (that data is CEII-restricted, 18 CFR 388.113, and not public) -- treat as an estimate."}},{"type":"Feature","geometry":{"type":"Point","coordinates":[-99.47799,34.22588]},"properties":{"plant_code":61970,"name":"Blue Summit II Wind","county":"Wilbarger","utility":"Blue Summit II Wind, LLC","balancing_authority":"ERCO","nameplate_mw":99.4,"max_grid_voltage_kv":345,"technologies":["Onshore Wind Turbine"],"note":"Generation capacity + interconnected grid voltage, used as a proxy for nearby transmission density. NOT substation headroom (that data is CEII-restricted, 18 CFR 388.113, and not public) -- treat as an estimate."}},{"type":"Feature","geometry":{"type":"Point","coordinates":[-101.11079,31.20799]},"properties":{"plant_code":62038,"name":"Santa Rita East","county":"Irion","utility":"Invenergy Services LLC","balancing_authority":"ERCO","nameplate_mw":302.4,"max_grid_voltage_kv":345,"technologies":["Onshore Wind Turbine"],"note":"Generation capacity + interconnected grid voltage, used as a proxy for nearby transmission density. NOT substation headroom (that data is CEII-restricted, 18 CFR 388.113, and not public) -- treat as an estimate."}},{"type":"Feature","geometry":{"type":"Point","coordinates":[-100.6,31.517]},"properties":{"plant_code":62141,"name":"Rambler","county":"Tom Green","utility":"Deriva Energy","balancing_authority":"ERCO","nameplate_mw":200.0,"max_grid_voltage_kv":345,"technologies":["Solar Photovoltaic"],"note":"Generation capacity + interconnected grid voltage, used as a proxy for nearby transmission density. NOT substation headroom (that data is CEII-restricted, 18 CFR 388.113, and not public) -- treat as an estimate."}},{"type":"Feature","geometry":{"type":"Point","coordinates":[-100.56428,32.96736]},"properties":{"plant_code":62142,"name":"Amadeus Wind Farm","county":"Fisher","utility":"Amadeus Wind LLC","balancing_authority":"ERCO","nameplate_mw":250.0,"max_grid_voltage_kv":345,"technologies":["Onshore Wind Turbine"],"note":"Generation capacity + interconnected grid voltage, used as a proxy for nearby transmission density. NOT substation headroom (that data is CEII-restricted, 18 CFR 388.113, and not public) -- treat as an estimate."}},{"type":"Feature","geometry":{"type":"Point","coordinates":[-98.25,29.48]},"properties":{"plant_code":62152,"name":"IKEA Live Oak Rooftop PV System","county":"Bexar","utility":"IKEA Property Inc","balancing_authority":"ERCO","nameplate_mw":1.7,"max_grid_voltage_kv":0.48,"technologies":["Solar Photovoltaic"],"note":"Generation capacity + interconnected grid voltage, used as a proxy for nearby transmission density. NOT substation headroom (that data is CEII-restricted, 18 CFR 388.113, and not public) -- treat as an estimate."}},{"type":"Feature","geometry":{"type":"Point","coordinates":[-99.38839,27.03028]},"properties":{"plant_code":62207,"name":"Reloj del Sol Wind Farm","county":"Zapata","utility":"Reloj del Sol Wind Farm LLC","balancing_authority":"ERCO","nameplate_mw":209.4,"max_grid_voltage_kv":345,"technologies":["Onshore Wind Turbine"],"note":"Generation capacity + interconnected grid voltage, used as a proxy for nearby transmission density. NOT substation headroom (that data is CEII-restricted, 18 CFR 388.113, and not public) -- treat as an estimate."}},{"type":"Feature","geometry":{"type":"Point","coordinates":[-99.1921,33.57824]},"properties":{"plant_code":62227,"name":"Seymour Hills Wind Project, LLC","county":"Baylor","utility":"Engie North America","balancing_authority":"ERCO","nameplate_mw":30.2,"max_grid_voltage_kv":69,"technologies":["Onshore Wind Turbine"],"note":"Generation capacity + interconnected grid voltage, used as a proxy for nearby transmission density. NOT substation headroom (that data is CEII-restricted, 18 CFR 388.113, and not public) -- treat as an estimate."}},{"type":"Feature","geometry":{"type":"Point","coordinates":[-100.09963,34.38053]},"properties":{"plant_code":62249,"name":"Misae Solar","county":"Childress","utility":"Misae Lessee LLC","balancing_authority":"ERCO","nameplate_mw":240.0,"max_grid_voltage_kv":345,"technologies":["Solar Photovoltaic"],"note":"Generation capacity + interconnected grid voltage, used as a proxy for nearby transmission density. NOT substation headroom (that data is CEII-restricted, 18 CFR 388.113, and not public) -- treat as an estimate."}},{"type":"Feature","geometry":{"type":"Point","coordinates":[-98.74552,26.52369]},"properties":{"plant_code":62258,"name":"Mesteno","county":"Starr","utility":"Deriva Energy","balancing_authority":"ERCO","nameplate_mw":201.6,"max_grid_voltage_kv":345,"technologies":["Onshore Wind Turbine"],"note":"Generation capacity + interconnected grid voltage, used as a proxy for nearby transmission density. NOT substation headroom (that data is CEII-restricted, 18 CFR 388.113, and not public) -- treat as an estimate."}},{"type":"Feature","geometry":{"type":"Point","coordinates":[-101.45302,30.59491]},"properties":{"plant_code":62259,"name":"Ranchero Wind Farm LLC","county":"Crockett","utility":"Ranchero Wind Farm LLC","balancing_authority":"ERCO","nameplate_mw":300.0,"max_grid_voltage_kv":345,"technologies":["Onshore Wind Turbine"],"note":"Generation capacity + interconnected grid voltage, used as a proxy for nearby transmission density. NOT substation headroom (that data is CEII-restricted, 18 CFR 388.113, and not public) -- treat as an estimate."}},{"type":"Feature","geometry":{"type":"Point","coordinates":[-99.26468,34.07225]},"properties":{"plant_code":62356,"name":"Lockett Windfarm","county":"Wilbarger","utility":"Lockett Windfarm, LLC","balancing_authority":"ERCO","nameplate_mw":183.8,"max_grid_voltage_kv":345,"technologies":["Onshore Wind Turbine"],"note":"Generation capacity + interconnected grid voltage, used as a proxy for nearby transmission density. NOT substation headroom (that data is CEII-restricted, 18 CFR 388.113, and not public) -- treat as an estimate."}},{"type":"Feature","geometry":{"type":"Point","coordinates":[-99.58229,33.60931]},"properties":{"plant_code":62411,"name":"Griffin Trail Wind","county":"Knox","utility":"Griffin Trail Wind, LLC","balancing_authority":"ERCO","nameplate_mw":225.6,"max_grid_voltage_kv":345,"technologies":["Onshore Wind Turbine"],"note":"Generation capacity + interconnected grid voltage, used as a proxy for nearby transmission density. NOT substation headroom (that data is CEII-restricted, 18 CFR 388.113, and not public) -- treat as an estimate."}},{"type":"Feature","geometry":{"type":"Point","coordinates":[-103.7289,31.4308]},"properties":{"plant_code":62415,"name":"West of the Pecos Solar","county":"Reeves","utility":"RWE Clean Energy","balancing_authority":"ERCO","nameplate_mw":100.0,"max_grid_voltage_kv":138,"technologies":["Solar Photovoltaic"],"note":"Generation capacity + interconnected grid voltage, used as a proxy for nearby transmission density. NOT substation headroom (that data is CEII-restricted, 18 CFR 388.113, and not public) -- treat as an estimate."}},{"type":"Feature","geometry":{"type":"Point","coordinates":[-97.44495,28.19778]},"properties":{"plant_code":62416,"name":"Cranell Wind Farm LLC","county":"Refugio","utility":"RWE Clean Energy","balancing_authority":"ERCO","nameplate_mw":220.0,"max_grid_voltage_kv":345,"technologies":["Onshore Wind Turbine"],"note":"Generation capacity + interconnected grid voltage, used as a proxy for nearby transmission density. NOT substation headroom (that data is CEII-restricted, 18 CFR 388.113, and not public) -- treat as an estimate."}},{"type":"Feature","geometry":{"type":"Point","coordinates":[-95.8631,28.8433]},"properties":{"plant_code":62417,"name":"Peyton Creek Wind Farm LLC","county":"Matagorda","utility":"RWE Clean Energy","balancing_authority":"ERCO","nameplate_mw":151.2,"max_grid_voltage_kv":345,"technologies":["Onshore Wind Turbine"],"note":"Generation capacity + interconnected grid voltage, used as a proxy for nearby transmission density. NOT substation headroom (that data is CEII-restricted, 18 CFR 388.113, and not public) -- treat as an estimate."}},{"type":"Feature","geometry":{"type":"Point","coordinates":[-102.67281,32.46005]},"properties":{"plant_code":62448,"name":"Lapetus","county":"Andrews","utility":"Deriva Energy","balancing_authority":"ERCO","nameplate_mw":100.0,"max_grid_voltage_kv":138,"technologies":["Solar Photovoltaic"],"note":"Generation capacity + interconnected grid voltage, used as a proxy for nearby transmission density. NOT substation headroom (that data is CEII-restricted, 18 CFR 388.113, and not public) -- treat as an estimate."}},{"type":"Feature","geometry":{"type":"Point","coordinates":[-103.12587,31.16524]},"properties":{"plant_code":62483,"name":"Taygete Energy Project LLC","county":"Pecos","utility":"Taygete Energy Project LLC","balancing_authority":"ERCO","nameplate_mw":255.0,"max_grid_voltage_kv":138,"technologies":["Solar Photovoltaic"],"note":"Generation capacity + interconnected grid voltage, used as a proxy for nearby transmission density. NOT substation headroom (that data is CEII-restricted, 18 CFR 388.113, and not public) -- treat as an estimate."}},{"type":"Feature","geometry":{"type":"Point","coordinates":[-95.95496,32.47416]},"properties":{"plant_code":62501,"name":"Old Jackson Solar LLC","county":"Van Zandt","utility":"Pattern Operators LP","balancing_authority":"ERCO","nameplate_mw":0.0,"max_grid_voltage_kv":138,"technologies":[],"note":"Generation capacity + interconnected grid voltage, used as a proxy for nearby transmission density. NOT substation headroom (that data is CEII-restricted, 18 CFR 388.113, and not public) -- treat as an estimate."}},{"type":"Feature","geometry":{"type":"Point","coordinates":[-96.14649,33.50038]},"properties":{"plant_code":62505,"name":"G.S.E. One LLC","county":"Fannin","utility":"GSEone","balancing_authority":"ERCO","nameplate_mw":83.0,"max_grid_voltage_kv":138,"technologies":["Solar Photovoltaic"],"note":"Generation capacity + interconnected grid voltage, used as a proxy for nearby transmission density. NOT substation headroom (that data is CEII-restricted, 18 CFR 388.113, and not public) -- treat as an estimate."}},{"type":"Feature","geometry":{"type":"Point","coordinates":[-95.62205,33.10031]},"properties":{"plant_code":62522,"name":"Solemio LLC","county":"Hopkins","utility":"Pattern Operators LP","balancing_authority":"ERCO","nameplate_mw":0.0,"max_grid_voltage_kv":138,"technologies":[],"note":"Generation capacity + interconnected grid voltage, used as a proxy for nearby transmission density. NOT substation headroom (that data is CEII-restricted, 18 CFR 388.113, and not public) -- treat as an estimate."}},{"type":"Feature","geometry":{"type":"Point","coordinates":[-95.11148,29.88193]},"properties":{"plant_code":62548,"name":"SJRR (LIG)","county":"Harris","utility":"SJRR Power LLC","balancing_authority":"ERCO","nameplate_mw":100.0,"max_grid_voltage_kv":138,"technologies":["Natural Gas Fired Combustion Turbine"],"note":"Generation capacity + interconnected grid voltage, used as a proxy for nearby transmission density. NOT substation headroom (that data is CEII-restricted, 18 CFR 388.113, and not public) -- treat as an estimate."}},{"type":"Feature","geometry":{"type":"Point","coordinates":[-102.19222,31.21944]},"properties":{"plant_code":62561,"name":"Roadrunner, LLC Hybrid","county":"Upton","utility":"Roadrunner Solar, LLC","balancing_authority":"ERCO","nameplate_mw":463.3,"max_grid_voltage_kv":345,"technologies":["Batteries","Solar Photovoltaic"],"note":"Generation capacity + interconnected grid voltage, used as a proxy for nearby transmission density. NOT substation headroom (that data is CEII-restricted, 18 CFR 388.113, and not public) -- treat as an estimate."}},{"type":"Feature","geometry":{"type":"Point","coordinates":[-101.88115,31.17165]},"properties":{"plant_code":62562,"name":"High Lonesome Wind Power, LLC Hybrid","county":"Upton","utility":"High Lonesome Wind Power, LLC","balancing_authority":"ERCO","nameplate_mw":562.8,"max_grid_voltage_kv":345,"technologies":["Batteries","Onshore Wind Turbine"],"note":"Generation capacity + interconnected grid voltage, used as a proxy for nearby transmission density. NOT substation headroom (that data is CEII-restricted, 18 CFR 388.113, and not public) -- treat as an estimate."}},{"type":"Feature","geometry":{"type":"Point","coordinates":[-99.56344,34.17049]},"properties":{"plant_code":62566,"name":"Blue Summit III Wind","county":"Hardeman","utility":"Blue Summit III Wind, LLC","balancing_authority":"ERCO","nameplate_mw":200.2,"max_grid_voltage_kv":345,"technologies":["Onshore Wind Turbine"],"note":"Generation capacity + interconnected grid voltage, used as a proxy for nearby transmission density. NOT substation headroom (that data is CEII-restricted, 18 CFR 388.113, and not public) -- treat as an estimate."}},{"type":"Feature","geometry":{"type":"Point","coordinates":[-100.32031,32.25598]},"properties":{"plant_code":62587,"name":"Mesquite Star","county":"Nolan","utility":"Mesquite Star Special LLC","balancing_authority":"ERCO","nameplate_mw":418.9,"max_grid_voltage_kv":345,"technologies":["Onshore Wind Turbine"],"note":"Generation capacity + interconnected grid voltage, used as a proxy for nearby transmission density. NOT substation headroom (that data is CEII-restricted, 18 CFR 388.113, and not public) -- treat as an estimate."}},{"type":"Feature","geometry":{"type":"Point","coordinates":[-98.61765,29.43445]},"properties":{"plant_code":62609,"name":"Commerce ESS","county":"Bexar","utility":"City of San Antonio - (TX)","balancing_authority":"ERCO","nameplate_mw":10.0,"max_grid_voltage_kv":34,"technologies":["Batteries"],"note":"Generation capacity + interconnected grid voltage, used as a proxy for nearby transmission density. NOT substation headroom (that data is CEII-restricted, 18 CFR 388.113, and not public) -- treat as an estimate."}},{"type":"Feature","geometry":{"type":"Point","coordinates":[-98.61765,29.43445]},"properties":{"plant_code":62610,"name":"Commerce Solar","county":"Bexar","utility":"City of San Antonio - (TX)","balancing_authority":"ERCO","nameplate_mw":5.0,"max_grid_voltage_kv":34,"technologies":["Solar Photovoltaic"],"note":"Generation capacity + interconnected grid voltage, used as a proxy for nearby transmission density. NOT substation headroom (that data is CEII-restricted, 18 CFR 388.113, and not public) -- treat as an estimate."}},{"type":"Feature","geometry":{"type":"Point","coordinates":[-98.44827,26.49286]},"properties":{"plant_code":62618,"name":"Hidalgo Wind Farm II","county":"Hidalgo","utility":"Hidalgo Wind Farm II LLC","balancing_authority":"ERCO","nameplate_mw":50.4,"max_grid_voltage_kv":345,"technologies":["Onshore Wind Turbine"],"note":"Generation capacity + interconnected grid voltage, used as a proxy for nearby transmission density. NOT substation headroom (that data is CEII-restricted, 18 CFR 388.113, and not public) -- treat as an estimate."}},{"type":"Feature","geometry":{"type":"Point","coordinates":[-101.65722,33.3035]},"properties":{"plant_code":62620,"name":"Sage Draw Wind","county":"Lynn","utility":"Sage Draw Wind, LLC","balancing_authority":"ERCO","nameplate_mw":338.4,"max_grid_voltage_kv":345,"technologies":["Onshore Wind Turbine"],"note":"Generation capacity + interconnected grid voltage, used as a proxy for nearby transmission density. NOT substation headroom (that data is CEII-restricted, 18 CFR 388.113, and not public) -- treat as an estimate."}},{"type":"Feature","geometry":{"type":"Point","coordinates":[-102.949,32.386]},"properties":{"plant_code":62630,"name":"Jumbo Hill Wind Project","county":"Andrews","utility":"Engie North America","balancing_authority":"ERCO","nameplate_mw":160.7,"max_grid_voltage_kv":138,"technologies":["Onshore Wind Turbine"],"note":"Generation capacity + interconnected grid voltage, used as a proxy for nearby transmission density. NOT substation headroom (that data is CEII-restricted, 18 CFR 388.113, and not public) -- treat as an estimate."}},{"type":"Feature","geometry":{"type":"Point","coordinates":[-102.05688,33.59145]},"properties":{"plant_code":62642,"name":"GE-Lubbock","county":"Lubbock","utility":"GE Wind Energy LLC","balancing_authority":"SWPP","nameplate_mw":8.7,"max_grid_voltage_kv":690,"technologies":["Onshore Wind Turbine"],"note":"Generation capacity + interconnected grid voltage, used as a proxy for nearby transmission density. NOT substation headroom (that data is CEII-restricted, 18 CFR 388.113, and not public) -- treat as an estimate."}},{"type":"Feature","geometry":{"type":"Point","coordinates":[-97.32958,33.54915]},"properties":{"plant_code":62715,"name":"Wildcat Creek Wind Farm LLC","county":"Cooke","utility":"Wildcat Creek Wind Farm LLC","balancing_authority":"ERCO","nameplate_mw":175.3,"max_grid_voltage_kv":345,"technologies":["Onshore Wind Turbine"],"note":"Generation capacity + interconnected grid voltage, used as a proxy for nearby transmission density. NOT substation headroom (that data is CEII-restricted, 18 CFR 388.113, and not public) -- treat as an estimate."}},{"type":"Feature","geometry":{"type":"Point","coordinates":[-95.65111,29.14917]},"properties":{"plant_code":62753,"name":"Prospect Storage","county":"Brazoria","utility":"GlidePath Power Operations LLC","balancing_authority":"ERCO","nameplate_mw":9.9,"max_grid_voltage_kv":12.47,"technologies":["Batteries"],"note":"Generation capacity + interconnected grid voltage, used as a proxy for nearby transmission density. NOT substation headroom (that data is CEII-restricted, 18 CFR 388.113, and not public) -- treat as an estimate."}},{"type":"Feature","geometry":{"type":"Point","coordinates":[-102.8404,32.28787]},"properties":{"plant_code":62755,"name":"Prospero Solar","county":"Andrews","utility":"Prospero Energy Project, LLC (Longroad)","balancing_authority":"ERCO","nameplate_mw":300.0,"max_grid_voltage_kv":345,"technologies":["Solar Photovoltaic"],"note":"Generation capacity + interconnected grid voltage, used as a proxy for nearby transmission density. NOT substation headroom (that data is CEII-restricted, 18 CFR 388.113, and not public) -- treat as an estimate."}},{"type":"Feature","geometry":{"type":"Point","coordinates":[-95.0893,29.56237]},"properties":{"plant_code":62762,"name":"NASA Johnson Space Center CHP","county":"Harris","utility":"Energy Systems Group LLC","balancing_authority":"ERCO","nameplate_mw":11.2,"max_grid_voltage_kv":12.47,"technologies":["Natural Gas Fired Combustion Turbine"],"note":"Generation capacity + interconnected grid voltage, used as a proxy for nearby transmission density. NOT substation headroom (that data is CEII-restricted, 18 CFR 388.113, and not public) -- treat as an estimate."}},{"type":"Feature","geometry":{"type":"Point","coordinates":[-99.72639,33.73218]},"properties":{"plant_code":62765,"name":"El Campo Wind","county":"Knox","utility":"El Campo Wind, LLC (Longroad)","balancing_authority":"ERCO","nameplate_mw":242.8,"max_grid_voltage_kv":345,"technologies":["Onshore Wind Turbine"],"note":"Generation capacity + interconnected grid voltage, used as a proxy for nearby transmission density. NOT substation headroom (that data is CEII-restricted, 18 CFR 388.113, and not public) -- treat as an estimate."}},{"type":"Feature","geometry":{"type":"Point","coordinates":[-96.08247,33.40449]},"properties":{"plant_code":62772,"name":"Coniglio Solar","county":"Fannin","utility":"BT Coniglio Solar LLC","balancing_authority":"ERCO","nameplate_mw":123.6,"max_grid_voltage_kv":138,"technologies":["Solar Photovoltaic"],"note":"Generation capacity + interconnected grid voltage, used as a proxy for nearby transmission density. NOT substation headroom (that data is CEII-restricted, 18 CFR 388.113, and not public) -- treat as an estimate."}},{"type":"Feature","geometry":{"type":"Point","coordinates":[-97.1798,33.5493]},"properties":{"plant_code":62773,"name":"BT Cooke Solar, LLC","county":"Cooke","utility":"Adapture Renewables, Inc.","balancing_authority":"ERCO","nameplate_mw":59.0,"max_grid_voltage_kv":138,"technologies":["Solar Photovoltaic"],"note":"Generation capacity + interconnected grid voltage, used as a proxy for nearby transmission density. NOT substation headroom (that data is CEII-restricted, 18 CFR 388.113, and not public) -- treat as an estimate."}},{"type":"Feature","geometry":{"type":"Point","coordinates":[-95.7156,32.4744]},"properties":{"plant_code":62774,"name":"Kellam Solar","county":"Van Zandt","utility":"Kellam Solar, LLC","balancing_authority":"ERCO","nameplate_mw":59.0,"max_grid_voltage_kv":138,"technologies":["Solar Photovoltaic"],"note":"Generation capacity + interconnected grid voltage, used as a proxy for nearby transmission density. NOT substation headroom (that data is CEII-restricted, 18 CFR 388.113, and not public) -- treat as an estimate."}},{"type":"Feature","geometry":{"type":"Point","coordinates":[-97.52267,28.2078]},"properties":{"plant_code":62783,"name":"Blackjack Creek Wind Farm","county":"Bee","utility":"RWE Clean Energy","balancing_authority":"ERCO","nameplate_mw":239.6,"max_grid_voltage_kv":345,"technologies":["Onshore Wind Turbine"],"note":"Generation capacity + interconnected grid voltage, used as a proxy for nearby transmission density. NOT substation headroom (that data is CEII-restricted, 18 CFR 388.113, and not public) -- treat as an estimate."}},{"type":"Feature","geometry":{"type":"Point","coordinates":[-102.48821,31.031]},"properties":{"plant_code":62804,"name":"Greasewood Solar","county":"Pecos","utility":"Concho Bluff LLC","balancing_authority":"ERCO","nameplate_mw":255.0,"max_grid_voltage_kv":345,"technologies":["Solar Photovoltaic"],"note":"Generation capacity + interconnected grid voltage, used as a proxy for nearby transmission density. NOT substation headroom (that data is CEII-restricted, 18 CFR 388.113, and not public) -- treat as an estimate."}},{"type":"Feature","geometry":{"type":"Point","coordinates":[-99.2916,32.28938]},"properties":{"plant_code":62809,"name":"BMP Wind (TX)","county":"Callahan","utility":"BMP Wind LLC","balancing_authority":"ERCO","nameplate_mw":340.0,"max_grid_voltage_kv":345,"technologies":["Onshore Wind Turbine"],"note":"Generation capacity + interconnected grid voltage, used as a proxy for nearby transmission density. NOT substation headroom (that data is CEII-restricted, 18 CFR 388.113, and not public) -- treat as an estimate."}},{"type":"Feature","geometry":{"type":"Point","coordinates":[-100.49191,32.19937]},"properties":{"plant_code":62836,"name":"Maryneal Windpower","county":"Nolan","utility":"Deriva Energy","balancing_authority":"ERCO","nameplate_mw":182.4,"max_grid_voltage_kv":345,"technologies":["Onshore Wind Turbine"],"note":"Generation capacity + interconnected grid voltage, used as a proxy for nearby transmission density. NOT substation headroom (that data is CEII-restricted, 18 CFR 388.113, and not public) -- treat as an estimate."}},{"type":"Feature","geometry":{"type":"Point","coordinates":[-101.62179,32.74138]},"properties":{"plant_code":62845,"name":"ENGIE Long Draw Solar LLC","county":"Borden","utility":"Engie North America","balancing_authority":"ERCO","nameplate_mw":225.0,"max_grid_voltage_kv":345,"technologies":["Solar Photovoltaic"],"note":"Generation capacity + interconnected grid voltage, used as a proxy for nearby transmission density. NOT substation headroom (that data is CEII-restricted, 18 CFR 388.113, and not public) -- treat as an estimate."}},{"type":"Feature","geometry":{"type":"Point","coordinates":[-100.81333,31.61122]},"properties":{"plant_code":62846,"name":"Water Valley Wind Energy","county":"Tom Green","utility":"Tri Global Energy, LLC","balancing_authority":"ERCO","nameplate_mw":0.0,"max_grid_voltage_kv":138,"technologies":[],"note":"Generation capacity + interconnected grid voltage, used as a proxy for nearby transmission density. NOT substation headroom (that data is CEII-restricted, 18 CFR 388.113, and not public) -- treat as an estimate."}},{"type":"Feature","geometry":{"type":"Point","coordinates":[-99.84396,31.26255]},"properties":{"plant_code":62853,"name":"Maverick Creek Wind","county":"Concho","utility":"Algonquin Power Co","balancing_authority":"ERCO","nameplate_mw":491.6,"max_grid_voltage_kv":345,"technologies":["Onshore Wind Turbine"],"note":"Generation capacity + interconnected grid voltage, used as a proxy for nearby transmission density. NOT substation headroom (that data is CEII-restricted, 18 CFR 388.113, and not public) -- treat as an estimate."}},{"type":"Feature","geometry":{"type":"Point","coordinates":[-97.99304,26.37665]},"properties":{"plant_code":62855,"name":"West Raymond Wind Farm LLC","county":"Willacy","utility":"RWE Clean Energy","balancing_authority":"ERCO","nameplate_mw":239.8,"max_grid_voltage_kv":345,"technologies":["Onshore Wind Turbine"],"note":"Generation capacity + interconnected grid voltage, used as a proxy for nearby transmission density. NOT substation headroom (that data is CEII-restricted, 18 CFR 388.113, and not public) -- treat as an estimate."}},{"type":"Feature","geometry":{"type":"Point","coordinates":[-97.78044,26.36415]},"properties":{"plant_code":62909,"name":"Raymond Wind Farm, LLC","county":"Willacy","utility":"RWE Clean Energy","balancing_authority":"ERCO","nameplate_mw":200.2,"max_grid_voltage_kv":345,"technologies":["Onshore Wind Turbine"],"note":"Generation capacity + interconnected grid voltage, used as a proxy for nearby transmission density. NOT substation headroom (that data is CEII-restricted, 18 CFR 388.113, and not public) -- treat as an estimate."}},{"type":"Feature","geometry":{"type":"Point","coordinates":[-102.69743,31.69236]},"properties":{"plant_code":62932,"name":"Oberon IB","county":"Ector","utility":"Oberon Solar IB","balancing_authority":"ERCO","nameplate_mw":30.0,"max_grid_voltage_kv":138,"technologies":["Solar Photovoltaic"],"note":"Generation capacity + interconnected grid voltage, used as a proxy for nearby transmission density. NOT substation headroom (that data is CEII-restricted, 18 CFR 388.113, and not public) -- treat as an estimate."}},{"type":"Feature","geometry":{"type":"Point","coordinates":[-102.70121,31.70326]},"properties":{"plant_code":62933,"name":"Oberon IA","county":"Ector","utility":"Oberon Solar IA","balancing_authority":"ERCO","nameplate_mw":150.0,"max_grid_voltage_kv":138,"technologies":["Solar Photovoltaic"],"note":"Generation capacity + interconnected grid voltage, used as a proxy for nearby transmission density. NOT substation headroom (that data is CEII-restricted, 18 CFR 388.113, and not public) -- treat as an estimate."}},{"type":"Feature","geometry":{"type":"Point","coordinates":[-95.74639,29.35843]},"properties":{"plant_code":62945,"name":"Fighting Jays Solar Project","county":"Fort Bend","utility":"AP Solar 2, LLC","balancing_authority":"ERCO","nameplate_mw":227.5,"max_grid_voltage_kv":345,"technologies":["Solar Photovoltaic"],"note":"Generation capacity + interconnected grid voltage, used as a proxy for nearby transmission density. NOT substation headroom (that data is CEII-restricted, 18 CFR 388.113, and not public) -- treat as an estimate."}},{"type":"Feature","geometry":{"type":"Point","coordinates":[-97.14122,31.47411]},"properties":{"plant_code":62953,"name":"Griffin Solar","county":"McLennan","utility":"Sol Systems","balancing_authority":"ERCO","nameplate_mw":5.0,"max_grid_voltage_kv":12.47,"technologies":["Solar Photovoltaic"],"note":"Generation capacity + interconnected grid voltage, used as a proxy for nearby transmission density. NOT substation headroom (that data is CEII-restricted, 18 CFR 388.113, and not public) -- treat as an estimate."}},{"type":"Feature","geometry":{"type":"Point","coordinates":[-98.83496,27.42155]},"properties":{"plant_code":63027,"name":"Mars Solar","county":"Webb","utility":"Sol Systems","balancing_authority":"ERCO","nameplate_mw":10.0,"max_grid_voltage_kv":12.47,"technologies":["Solar Photovoltaic"],"note":"Generation capacity + interconnected grid voltage, used as a proxy for nearby transmission density. NOT substation headroom (that data is CEII-restricted, 18 CFR 388.113, and not public) -- treat as an estimate."}},{"type":"Feature","geometry":{"type":"Point","coordinates":[-102.31552,35.20016]},"properties":{"plant_code":63030,"name":"Canadian Breaks, LLC","county":"Deaf Smith","utility":"Canadian Breaks LLC","balancing_authority":"ERCO","nameplate_mw":210.1,"max_grid_voltage_kv":345,"technologies":["Onshore Wind Turbine"],"note":"Generation capacity + interconnected grid voltage, used as a proxy for nearby transmission density. NOT substation headroom (that data is CEII-restricted, 18 CFR 388.113, and not public) -- treat as an estimate."}},{"type":"Feature","geometry":{"type":"Point","coordinates":[-96.90407,31.54987]},"properties":{"plant_code":63100,"name":"Prairie Hill Wind Project","county":"Limestone","utility":"Engie North America","balancing_authority":"ERCO","nameplate_mw":300.0,"max_grid_voltage_kv":345,"technologies":["Onshore Wind Turbine"],"note":"Generation capacity + interconnected grid voltage, used as a proxy for nearby transmission density. NOT substation headroom (that data is CEII-restricted, 18 CFR 388.113, and not public) -- treat as an estimate."}},{"type":"Feature","geometry":{"type":"Point","coordinates":[-99.05745,26.69842]},"properties":{"plant_code":63101,"name":"Las Lomas Wind Project","county":"Zapata","utility":"Engie North America","balancing_authority":"ERCO","nameplate_mw":201.6,"max_grid_voltage_kv":138,"technologies":["Onshore Wind Turbine"],"note":"Generation capacity + interconnected grid voltage, used as a proxy for nearby transmission density. NOT substation headroom (that data is CEII-restricted, 18 CFR 388.113, and not public) -- treat as an estimate."}},{"type":"Feature","geometry":{"type":"Point","coordinates":[-97.35,32.05]},"properties":{"plant_code":63180,"name":"TPE Whitney Solar, LLC","county":"Bosque","utility":"Cardinal Renewables","balancing_authority":"ERCO","nameplate_mw":9.9,"max_grid_voltage_kv":24.5,"technologies":["Solar Photovoltaic"],"note":"Generation capacity + interconnected grid voltage, used as a proxy for nearby transmission density. NOT substation headroom (that data is CEII-restricted, 18 CFR 388.113, and not public) -- treat as an estimate."}},{"type":"Feature","geometry":{"type":"Point","coordinates":[-102.9677,32.34739]},"properties":{"plant_code":63193,"name":"Alira","county":"Andrews","utility":"Luminant Generation Company LLC","balancing_authority":"ERCO","nameplate_mw":0.0,"max_grid_voltage_kv":138,"technologies":[],"note":"Generation capacity + interconnected grid voltage, used as a proxy for nearby transmission density. NOT substation headroom (that data is CEII-restricted, 18 CFR 388.113, and not public) -- treat as an estimate."}},{"type":"Feature","geometry":{"type":"Point","coordinates":[-95.16356,33.28442]},"properties":{"plant_code":63194,"name":"Delilah Solar Energy LLC","county":"Red River","utility":"Invenergy Services LLC","balancing_authority":"ERCO","nameplate_mw":300.0,"max_grid_voltage_kv":345,"technologies":["Solar Photovoltaic"],"note":"Generation capacity + interconnected grid voltage, used as a proxy for nearby transmission density. NOT substation headroom (that data is CEII-restricted, 18 CFR 388.113, and not public) -- treat as an estimate."}},{"type":"Feature","geometry":{"type":"Point","coordinates":[-101.737,32.952]},"properties":{"plant_code":63202,"name":"TREX US Red Holly","county":"Lynn","utility":"TREX US Red Holly LLC","balancing_authority":"ERCO","nameplate_mw":0.0,"max_grid_voltage_kv":345,"technologies":[],"note":"Generation capacity + interconnected grid voltage, used as a proxy for nearby transmission density. NOT substation headroom (that data is CEII-restricted, 18 CFR 388.113, and not public) -- treat as an estimate."}},{"type":"Feature","geometry":{"type":"Point","coordinates":[-100.69729,31.79261]},"properties":{"plant_code":63209,"name":"Aviator Wind","county":"Coke","utility":"Aviator Wind, LLC","balancing_authority":"ERCO","nameplate_mw":525.0,"max_grid_voltage_kv":345,"technologies":["Onshore Wind Turbine"],"note":"Generation capacity + interconnected grid voltage, used as a proxy for nearby transmission density. NOT substation headroom (that data is CEII-restricted, 18 CFR 388.113, and not public) -- treat as an estimate."}},{"type":"Feature","geometry":{"type":"Point","coordinates":[-95.19343,33.25102]},"properties":{"plant_code":63211,"name":"Samson Solar Energy","county":"Franklin","utility":"Invenergy Services LLC","balancing_authority":"ERCO","nameplate_mw":250.0,"max_grid_voltage_kv":345,"technologies":["Solar Photovoltaic"],"note":"Generation capacity + interconnected grid voltage, used as a proxy for nearby transmission density. NOT substation headroom (that data is CEII-restricted, 18 CFR 388.113, and not public) -- treat as an estimate."}},{"type":"Feature","geometry":{"type":"Point","coordinates":[-95.37086,33.4678]},"properties":{"plant_code":63222,"name":"Impact Solar 1","county":"Lamar","utility":"Lightsource Renewable Energy Asset Management, LLC","balancing_authority":"ERCO","nameplate_mw":198.5,"max_grid_voltage_kv":345,"technologies":["Solar Photovoltaic"],"note":"Generation capacity + interconnected grid voltage, used as a proxy for nearby transmission density. NOT substation headroom (that data is CEII-restricted, 18 CFR 388.113, and not public) -- treat as an estimate."}},{"type":"Feature","geometry":{"type":"Point","coordinates":[-97.88956,28.43099]},"properties":{"plant_code":63223,"name":"Brightside","county":"Bee","utility":"Luminant Generation Company LLC","balancing_authority":"ERCO","nameplate_mw":50.7,"max_grid_voltage_kv":138,"technologies":["Solar Photovoltaic"],"note":"Generation capacity + interconnected grid voltage, used as a proxy for nearby transmission density. NOT substation headroom (that data is CEII-restricted, 18 CFR 388.113, and not public) -- treat as an estimate."}},{"type":"Feature","geometry":{"type":"Point","coordinates":[-102.35964,31.09331]},"properties":{"plant_code":63233,"name":"Emerald Grove","county":"Pecos","utility":"Luminant Generation Company LLC","balancing_authority":"ERCO","nameplate_mw":108.0,"max_grid_voltage_kv":138,"technologies":["Solar Photovoltaic"],"note":"Generation capacity + interconnected grid voltage, used as a proxy for nearby transmission density. NOT substation headroom (that data is CEII-restricted, 18 CFR 388.113, and not public) -- treat as an estimate."}},{"type":"Feature","geometry":{"type":"Point","coordinates":[-96.09723,33.18]},"properties":{"plant_code":63234,"name":"Hallmark","county":"Hunt","utility":"Luminant Generation Company LLC","balancing_authority":"ERCO","nameplate_mw":0.0,"max_grid_voltage_kv":69,"technologies":[],"note":"Generation capacity + interconnected grid voltage, used as a proxy for nearby transmission density. NOT substation headroom (that data is CEII-restricted, 18 CFR 388.113, and not public) -- treat as an estimate."}},{"type":"Feature","geometry":{"type":"Point","coordinates":[-102.52833,32.11639]},"properties":{"plant_code":63255,"name":"2W Permian Solar Project Hybrid","county":"Andrews","utility":"2W Permian Solar, LLC","balancing_authority":"ERCO","nameplate_mw":460.0,"max_grid_voltage_kv":345,"technologies":["Batteries","Solar Photovoltaic"],"note":"Generation capacity + interconnected grid voltage, used as a proxy for nearby transmission density. NOT substation headroom (that data is CEII-restricted, 18 CFR 388.113, and not public) -- treat as an estimate."}},{"type":"Feature","geometry":{"type":"Point","coordinates":[-95.65814,29.2423]},"properties":{"plant_code":63273,"name":"Wagyu","county":"Brazoria","utility":"Cubico USA, LLC","balancing_authority":"ERCO","nameplate_mw":120.0,"max_grid_voltage_kv":138,"technologies":["Solar Photovoltaic"],"note":"Generation capacity + interconnected grid voltage, used as a proxy for nearby transmission density. NOT substation headroom (that data is CEII-restricted, 18 CFR 388.113, and not public) -- treat as an estimate."}},{"type":"Feature","geometry":{"type":"Point","coordinates":[-104.45814,31.70038]},"properties":{"plant_code":63320,"name":"Titan Solar Project","county":"Culberson","utility":"SE Titan, LLC","balancing_authority":"ERCO","nameplate_mw":260.0,"max_grid_voltage_kv":141,"technologies":["Solar Photovoltaic"],"note":"Generation capacity + interconnected grid voltage, used as a proxy for nearby transmission density. NOT substation headroom (that data is CEII-restricted, 18 CFR 388.113, and not public) -- treat as an estimate."}},{"type":"Feature","geometry":{"type":"Point","coordinates":[-101.39102,32.77289]},"properties":{"plant_code":63328,"name":"Juno Solar Project","county":"Borden","utility":"SE Juno, LLC","balancing_authority":"ERCO","nameplate_mw":305.6,"max_grid_voltage_kv":138,"technologies":["Solar Photovoltaic"],"note":"Generation capacity + interconnected grid voltage, used as a proxy for nearby transmission density. NOT substation headroom (that data is CEII-restricted, 18 CFR 388.113, and not public) -- treat as an estimate."}},{"type":"Feature","geometry":{"type":"Point","coordinates":[-104.44229,31.71998]},"properties":{"plant_code":63329,"name":"Aragorn Solar Project","county":"Culberson","utility":"SE Aragorn, LLC","balancing_authority":"ERCO","nameplate_mw":187.2,"max_grid_voltage_kv":138,"technologies":["Solar Photovoltaic"],"note":"Generation capacity + interconnected grid voltage, used as a proxy for nearby transmission density. NOT substation headroom (that data is CEII-restricted, 18 CFR 388.113, and not public) -- treat as an estimate."}},{"type":"Feature","geometry":{"type":"Point","coordinates":[-95.45169,29.64536]},"properties":{"plant_code":63335,"name":"HO Clarke Generating","county":"Harris","utility":"City of San Antonio - (TX)","balancing_authority":"ERCO","nameplate_mw":484.0,"max_grid_voltage_kv":138,"technologies":["Natural Gas Fired Combustion Turbine"],"note":"Generation capacity + interconnected grid voltage, used as a proxy for nearby transmission density. NOT substation headroom (that data is CEII-restricted, 18 CFR 388.113, and not public) -- treat as an estimate."}},{"type":"Feature","geometry":{"type":"Point","coordinates":[-101.67516,31.75404]},"properties":{"plant_code":63342,"name":"McCrae Wind Energy II","county":"Glasscock","utility":"McCrae Wind Energy II, LLC","balancing_authority":"ERCO","nameplate_mw":0.0,"max_grid_voltage_kv":345,"technologies":[],"note":"Generation capacity + interconnected grid voltage, used as a proxy for nearby transmission density. NOT substation headroom (that data is CEII-restricted, 18 CFR 388.113, and not public) -- treat as an estimate."}},{"type":"Feature","geometry":{"type":"Point","coordinates":[-99.90297,31.44624]},"properties":{"plant_code":63343,"name":"Galloway 2 Solar Farm","county":"Concho","utility":"224WB 8me LLC","balancing_authority":"ERCO","nameplate_mw":110.0,"max_grid_voltage_kv":345,"technologies":["Solar Photovoltaic"],"note":"Generation capacity + interconnected grid voltage, used as a proxy for nearby transmission density. NOT substation headroom (that data is CEII-restricted, 18 CFR 388.113, and not public) -- treat as an estimate."}},{"type":"Feature","geometry":{"type":"Point","coordinates":[-100.825,31.888]},"properties":{"plant_code":63351,"name":"Bluebell Solar II","county":"Sterling","utility":"Bluebell Solar II, LLC","balancing_authority":"ERCO","nameplate_mw":115.0,"max_grid_voltage_kv":345,"technologies":["Solar Photovoltaic"],"note":"Generation capacity + interconnected grid voltage, used as a proxy for nearby transmission density. NOT substation headroom (that data is CEII-restricted, 18 CFR 388.113, and not public) -- treat as an estimate."}},{"type":"Feature","geometry":{"type":"Point","coordinates":[-102.6337,32.0015]},"properties":{"plant_code":63388,"name":"Oxy Renewable Energy - Goldsmith","county":"Ector","utility":"Oxy Renewable Energy LLC","balancing_authority":"ERCO","nameplate_mw":16.8,"max_grid_voltage_kv":138,"technologies":["Solar Photovoltaic"],"note":"Generation capacity + interconnected grid voltage, used as a proxy for nearby transmission density. NOT substation headroom (that data is CEII-restricted, 18 CFR 388.113, and not public) -- treat as an estimate."}},{"type":"Feature","geometry":{"type":"Point","coordinates":[-102.31165,31.25436]},"properties":{"plant_code":63519,"name":"Crane Solar Project","county":"Crane","utility":"Crane Solar Project, LLC","balancing_authority":"ERCO","nameplate_mw":150.0,"max_grid_voltage_kv":138,"technologies":["Solar Photovoltaic"],"note":"Generation capacity + interconnected grid voltage, used as a proxy for nearby transmission density. NOT substation headroom (that data is CEII-restricted, 18 CFR 388.113, and not public) -- treat as an estimate."}},{"type":"Feature","geometry":{"type":"Point","coordinates":[-97.51184,26.24989]},"properties":{"plant_code":63624,"name":"La Chalupa, LLC","county":"Cameron","utility":"Acciona Energy USA Global, LLC","balancing_authority":"ERCO","nameplate_mw":198.5,"max_grid_voltage_kv":138,"technologies":["Onshore Wind Turbine"],"note":"Generation capacity + interconnected grid voltage, used as a proxy for nearby transmission density. NOT substation headroom (that data is CEII-restricted, 18 CFR 388.113, and not public) -- treat as an estimate."}},{"type":"Feature","geometry":{"type":"Point","coordinates":[-100.86646,32.84879]},"properties":{"plant_code":63655,"name":"Coyote Wind LLC","county":"Scurry","utility":"EDF Renewable Asset Holdings, Inc.","balancing_authority":"ERCO","nameplate_mw":242.5,"max_grid_voltage_kv":345,"technologies":["Onshore Wind Turbine"],"note":"Generation capacity + interconnected grid voltage, used as a proxy for nearby transmission density. NOT substation headroom (that data is CEII-restricted, 18 CFR 388.113, and not public) -- treat as an estimate."}},{"type":"Feature","geometry":{"type":"Point","coordinates":[-94.97667,29.42639]},"properties":{"plant_code":63688,"name":"Topaz Generating","county":"Galveston","utility":"City of San Antonio - (TX)","balancing_authority":"ERCO","nameplate_mw":605.0,"max_grid_voltage_kv":138,"technologies":["Natural Gas Fired Combustion Turbine"],"note":"Generation capacity + interconnected grid voltage, used as a proxy for nearby transmission density. NOT substation headroom (that data is CEII-restricted, 18 CFR 388.113, and not public) -- treat as an estimate."}},{"type":"Feature","geometry":{"type":"Point","coordinates":[-97.38611,32.90444]},"properties":{"plant_code":63737,"name":"Chisholm Grid Energy Storage System","county":"Tarrant","utility":"Chisholm Grid, LLC","balancing_authority":"ERCO","nameplate_mw":100.0,"max_grid_voltage_kv":138,"technologies":["Batteries"],"note":"Generation capacity + interconnected grid voltage, used as a proxy for nearby transmission density. NOT substation headroom (that data is CEII-restricted, 18 CFR 388.113, and not public) -- treat as an estimate."}},{"type":"Feature","geometry":{"type":"Point","coordinates":[-97.93762,28.62196]},"properties":{"plant_code":63738,"name":"Helena Wind","county":"Bee","utility":"Helena Wind, LLC","balancing_authority":"ERCO","nameplate_mw":268.2,"max_grid_voltage_kv":345,"technologies":["Onshore Wind Turbine"],"note":"Generation capacity + interconnected grid voltage, used as a proxy for nearby transmission density. NOT substation headroom (that data is CEII-restricted, 18 CFR 388.113, and not public) -- treat as an estimate."}},{"type":"Feature","geometry":{"type":"Point","coordinates":[-97.54534,26.36484]},"properties":{"plant_code":63739,"name":"Las Majadas Wind Farm","county":"Willacy","utility":"Las Majadas Wind Farm, LLC","balancing_authority":"ERCO","nameplate_mw":272.6,"max_grid_voltage_kv":345,"technologies":["Onshore Wind Turbine"],"note":"Generation capacity + interconnected grid voltage, used as a proxy for nearby transmission density. NOT substation headroom (that data is CEII-restricted, 18 CFR 388.113, and not public) -- treat as an estimate."}},{"type":"Feature","geometry":{"type":"Point","coordinates":[-98.32979,26.16985]},"properties":{"plant_code":63757,"name":"Madero Grid","county":"Hidalgo","utility":"Madero Grid, LLC","balancing_authority":"ERCO","nameplate_mw":100.0,"max_grid_voltage_kv":138,"technologies":["Batteries"],"note":"Generation capacity + interconnected grid voltage, used as a proxy for nearby transmission density. NOT substation headroom (that data is CEII-restricted, 18 CFR 388.113, and not public) -- treat as an estimate."}},{"type":"Feature","geometry":{"type":"Point","coordinates":[-96.70612,32.23256]},"properties":{"plant_code":63764,"name":"Elm Branch Solar 1","county":"Ellis","utility":"Lightsource Renewable Energy Asset Management, LLC","balancing_authority":"ERCO","nameplate_mw":134.7,"max_grid_voltage_kv":345,"technologies":["Solar Photovoltaic"],"note":"Generation capacity + interconnected grid voltage, used as a proxy for nearby transmission density. NOT substation headroom (that data is CEII-restricted, 18 CFR 388.113, and not public) -- treat as an estimate."}},{"type":"Feature","geometry":{"type":"Point","coordinates":[-96.58514,32.06748]},"properties":{"plant_code":63769,"name":"Briar Creek Solar 1","county":"Navarro","utility":"Lightsource Renewable Energy Asset Management, LLC","balancing_authority":"ERCO","nameplate_mw":127.0,"max_grid_voltage_kv":345,"technologies":["Solar Photovoltaic"],"note":"Generation capacity + interconnected grid voltage, used as a proxy for nearby transmission density. NOT substation headroom (that data is CEII-restricted, 18 CFR 388.113, and not public) -- treat as an estimate."}},{"type":"Feature","geometry":{"type":"Point","coordinates":[-97.05433,32.46719]},"properties":{"plant_code":63797,"name":"Ellis Solar LLC","county":"Ellis","utility":"174 Power Global Corp.","balancing_authority":"ERCO","nameplate_mw":80.0,"max_grid_voltage_kv":5,"technologies":["Solar Photovoltaic"],"note":"Generation capacity + interconnected grid voltage, used as a proxy for nearby transmission density. NOT substation headroom (that data is CEII-restricted, 18 CFR 388.113, and not public) -- treat as an estimate."}},{"type":"Feature","geometry":{"type":"Point","coordinates":[-98.00139,28.65528]},"properties":{"plant_code":63840,"name":"Sparta Solar","county":"Bee","utility":"Sparta Solar, LLC","balancing_authority":"ERCO","nameplate_mw":250.0,"max_grid_voltage_kv":345,"technologies":["Solar Photovoltaic"],"note":"Generation capacity + interconnected grid voltage, used as a proxy for nearby transmission density. NOT substation headroom (that data is CEII-restricted, 18 CFR 388.113, and not public) -- treat as an estimate."}},{"type":"Feature","geometry":{"type":"Point","coordinates":[-97.61246,26.27796]},"properties":{"plant_code":63879,"name":"TX18 Cottage Meadow Storage","county":"Cameron","utility":"Key Capture Energy","balancing_authority":"ERCO","nameplate_mw":0.0,"max_grid_voltage_kv":138,"technologies":[],"note":"Generation capacity + interconnected grid voltage, used as a proxy for nearby transmission density. NOT substation headroom (that data is CEII-restricted, 18 CFR 388.113, and not public) -- treat as an estimate."}},{"type":"Feature","geometry":{"type":"Point","coordinates":[-95.4295,29.35371]},"properties":{"plant_code":63880,"name":"TX17 Nickel Prairie Storage","county":"Brazoria","utility":"Key Capture Energy","balancing_authority":"ERCO","nameplate_mw":0.0,"max_grid_voltage_kv":138,"technologies":[],"note":"Generation capacity + interconnected grid voltage, used as a proxy for nearby transmission density. NOT substation headroom (that data is CEII-restricted, 18 CFR 388.113, and not public) -- treat as an estimate."}},{"type":"Feature","geometry":{"type":"Point","coordinates":[-95.349,33.458]},"properties":{"plant_code":63882,"name":"Samson Solar Energy II LLC","county":"Lamar","utility":"Invenergy Services LLC","balancing_authority":"ERCO","nameplate_mw":200.0,"max_grid_voltage_kv":345,"technologies":["Solar Photovoltaic"],"note":"Generation capacity + interconnected grid voltage, used as a proxy for nearby transmission density. NOT substation headroom (that data is CEII-restricted, 18 CFR 388.113, and not public) -- treat as an estimate."}},{"type":"Feature","geometry":{"type":"Point","coordinates":[-95.35745,33.4265]},"properties":{"plant_code":63883,"name":"Samson Solar Energy III LLC","county":"Lamar","utility":"Invenergy Services LLC","balancing_authority":"ERCO","nameplate_mw":250.0,"max_grid_voltage_kv":345,"technologies":["Solar Photovoltaic"],"note":"Generation capacity + interconnected grid voltage, used as a proxy for nearby transmission density. NOT substation headroom (that data is CEII-restricted, 18 CFR 388.113, and not public) -- treat as an estimate."}},{"type":"Feature","geometry":{"type":"Point","coordinates":[-95.26925,33.48155]},"properties":{"plant_code":63884,"name":"Delilah Solar Energy II LLC","county":"Red River","utility":"Invenergy Services LLC","balancing_authority":"ERCO","nameplate_mw":310.0,"max_grid_voltage_kv":345,"technologies":["Solar Photovoltaic"],"note":"Generation capacity + interconnected grid voltage, used as a proxy for nearby transmission density. NOT substation headroom (that data is CEII-restricted, 18 CFR 388.113, and not public) -- treat as an estimate."}},{"type":"Feature","geometry":{"type":"Point","coordinates":[-96.42898,32.53327]},"properties":{"plant_code":63892,"name":"Lily Solar Hybrid","county":"Kaufman","utility":"Lily Solar, LLC","balancing_authority":"ERCO","nameplate_mw":201.9,"max_grid_voltage_kv":138,"technologies":["Batteries","Solar Photovoltaic"],"note":"Generation capacity + interconnected grid voltage, used as a proxy for nearby transmission density. NOT substation headroom (that data is CEII-restricted, 18 CFR 388.113, and not public) -- treat as an estimate."}},{"type":"Feature","geometry":{"type":"Point","coordinates":[-99.61463,33.0216]},"properties":{"plant_code":63905,"name":"Azure Sky Solar","county":"Haskell","utility":"Azure Sky Solar Project, LLC","balancing_authority":"ERCO","nameplate_mw":316.2,"max_grid_voltage_kv":345,"technologies":["Batteries","Solar Photovoltaic"],"note":"Generation capacity + interconnected grid voltage, used as a proxy for nearby transmission density. NOT substation headroom (that data is CEII-restricted, 18 CFR 388.113, and not public) -- treat as an estimate."}},{"type":"Feature","geometry":{"type":"Point","coordinates":[-95.98036,29.56031]},"properties":{"plant_code":63985,"name":"Fort Bend Solar LLC","county":"Fort Bend","utility":"Acciona Energy USA Global, LLC","balancing_authority":"ERCO","nameplate_mw":240.0,"max_grid_voltage_kv":138,"technologies":["Solar Photovoltaic"],"note":"Generation capacity + interconnected grid voltage, used as a proxy for nearby transmission density. NOT substation headroom (that data is CEII-restricted, 18 CFR 388.113, and not public) -- treat as an estimate."}},{"type":"Feature","geometry":{"type":"Point","coordinates":[-99.91749,32.81104]},"properties":{"plant_code":64026,"name":"ANSON Solar Center, LLC","county":"Jones","utility":"Engie North America","balancing_authority":"ERCO","nameplate_mw":200.0,"max_grid_voltage_kv":345,"technologies":["Solar Photovoltaic"],"note":"Generation capacity + interconnected grid voltage, used as a proxy for nearby transmission density. NOT substation headroom (that data is CEII-restricted, 18 CFR 388.113, and not public) -- treat as an estimate."}},{"type":"Feature","geometry":{"type":"Point","coordinates":[-103.128,31.186]},"properties":{"plant_code":64075,"name":"Taygete II Energy Project","county":"Pecos","utility":"West Texas Solar Project II LLC","balancing_authority":"ERCO","nameplate_mw":203.8,"max_grid_voltage_kv":138,"technologies":["Solar Photovoltaic"],"note":"Generation capacity + interconnected grid voltage, used as a proxy for nearby transmission density. NOT substation headroom (that data is CEII-restricted, 18 CFR 388.113, and not public) -- treat as an estimate."}},{"type":"Feature","geometry":{"type":"Point","coordinates":[-97.69694,28.87164]},"properties":{"plant_code":64079,"name":"CatanSolar","county":"Karnes","utility":"Adapture Renewables, Inc.","balancing_authority":"ERCO","nameplate_mw":10.0,"max_grid_voltage_kv":12.47,"technologies":["Solar Photovoltaic"],"note":"Generation capacity + interconnected grid voltage, used as a proxy for nearby transmission density. NOT substation headroom (that data is CEII-restricted, 18 CFR 388.113, and not public) -- treat as an estimate."}},{"type":"Feature","geometry":{"type":"Point","coordinates":[-98.325,26.16694]},"properties":{"plant_code":64089,"name":"Ignacio Grid Energy Storage System","county":"Hidalgo","utility":"Ignacio Grid, LLC","balancing_authority":"ERCO","nameplate_mw":100.0,"max_grid_voltage_kv":138,"technologies":["Batteries"],"note":"Generation capacity + interconnected grid voltage, used as a proxy for nearby transmission density. NOT substation headroom (that data is CEII-restricted, 18 CFR 388.113, and not public) -- treat as an estimate."}},{"type":"Feature","geometry":{"type":"Point","coordinates":[-95.9568,32.2515]},"properties":{"plant_code":64131,"name":"Forest Grove - Dodd","county":"Henderson","utility":"Vistra Zero LLC","balancing_authority":"ERCO","nameplate_mw":0.0,"max_grid_voltage_kv":138,"technologies":[],"note":"Generation capacity + interconnected grid voltage, used as a proxy for nearby transmission density. NOT substation headroom (that data is CEII-restricted, 18 CFR 388.113, and not public) -- treat as an estimate."}},{"type":"Feature","geometry":{"type":"Point","coordinates":[-94.73632,32.21226]},"properties":{"plant_code":64132,"name":"Oak Hill - Dry Creek","county":"Rusk","utility":"Vistra Zero LLC","balancing_authority":"ERCO","nameplate_mw":0.0,"max_grid_voltage_kv":138,"technologies":[],"note":"Generation capacity + interconnected grid voltage, used as a proxy for nearby transmission density. NOT substation headroom (that data is CEII-restricted, 18 CFR 388.113, and not public) -- treat as an estimate."}},{"type":"Feature","geometry":{"type":"Point","coordinates":[-95.82544,29.33355]},"properties":{"plant_code":64133,"name":"Old 300 Solar Center, LLC","county":"Fort Bend","utility":"Old 300 Solar Center, LLC","balancing_authority":"ERCO","nameplate_mw":430.0,"max_grid_voltage_kv":345,"technologies":["Solar Photovoltaic"],"note":"Generation capacity + interconnected grid voltage, used as a proxy for nearby transmission density. NOT substation headroom (that data is CEII-restricted, 18 CFR 388.113, and not public) -- treat as an estimate."}},{"type":"Feature","geometry":{"type":"Point","coordinates":[-99.06509,33.85245]},"properties":{"plant_code":64149,"name":"Western Trail Wind, LLC","county":"Wilbarger","utility":"Orsted Onshore North America","balancing_authority":"ERCO","nameplate_mw":366.6,"max_grid_voltage_kv":345,"technologies":["Onshore Wind Turbine"],"note":"Generation capacity + interconnected grid voltage, used as a proxy for nearby transmission density. NOT substation headroom (that data is CEII-restricted, 18 CFR 388.113, and not public) -- treat as an estimate."}},{"type":"Feature","geometry":{"type":"Point","coordinates":[-99.26601,33.16914]},"properties":{"plant_code":64164,"name":"Azure Sky Wind Project, LLC Hybrid","county":"Throckmorton","utility":"Azure Sky Wind Project, LLC","balancing_authority":"ERCO","nameplate_mw":470.2,"max_grid_voltage_kv":345,"technologies":["Batteries","Onshore Wind Turbine"],"note":"Generation capacity + interconnected grid voltage, used as a proxy for nearby transmission density. NOT substation headroom (that data is CEII-restricted, 18 CFR 388.113, and not public) -- treat as an estimate."}},{"type":"Feature","geometry":{"type":"Point","coordinates":[-98.49491,31.5481]},"properties":{"plant_code":64165,"name":"Priddy Wind Project","county":"Mills","utility":"Engie North America","balancing_authority":"ERCO","nameplate_mw":302.4,"max_grid_voltage_kv":345,"technologies":["Onshore Wind Turbine"],"note":"Generation capacity + interconnected grid voltage, used as a proxy for nearby transmission density. NOT substation headroom (that data is CEII-restricted, 18 CFR 388.113, and not public) -- treat as an estimate."}},{"type":"Feature","geometry":{"type":"Point","coordinates":[-97.27054,29.89405]},"properties":{"plant_code":64202,"name":"Big Star Solar, LLC (Hybrid)","county":"Bastrop","utility":"RWE Clean Energy","balancing_authority":"ERCO","nameplate_mw":200.0,"max_grid_voltage_kv":345,"technologies":["Solar Photovoltaic"],"note":"Generation capacity + interconnected grid voltage, used as a proxy for nearby transmission density. NOT substation headroom (that data is CEII-restricted, 18 CFR 388.113, and not public) -- treat as an estimate."}},{"type":"Feature","geometry":{"type":"Point","coordinates":[-99.17861,28.8832]},"properties":{"plant_code":64204,"name":"Elara Solar","county":"Frio","utility":"Elara Energy Holdings, LLC","balancing_authority":"ERCO","nameplate_mw":132.4,"max_grid_voltage_kv":138,"technologies":["Solar Photovoltaic"],"note":"Generation capacity + interconnected grid voltage, used as a proxy for nearby transmission density. NOT substation headroom (that data is CEII-restricted, 18 CFR 388.113, and not public) -- treat as an estimate."}},{"type":"Feature","geometry":{"type":"Point","coordinates":[-98.23332,26.88913]},"properties":{"plant_code":64227,"name":"Alexis Solar, LLC","county":"Brooks","utility":"Sol Systems","balancing_authority":"ERCO","nameplate_mw":10.0,"max_grid_voltage_kv":12.47,"technologies":["Solar Photovoltaic"],"note":"Generation capacity + interconnected grid voltage, used as a proxy for nearby transmission density. NOT substation headroom (that data is CEII-restricted, 18 CFR 388.113, and not public) -- treat as an estimate."}},{"type":"Feature","geometry":{"type":"Point","coordinates":[-101.59661,34.4067]},"properties":{"plant_code":64233,"name":"Hecate Energy Frye Solar LLC","county":"Swisher","utility":"Repsol Renewables NA","balancing_authority":"ERCO","nameplate_mw":500.0,"max_grid_voltage_kv":345,"technologies":["Solar Photovoltaic"],"note":"Generation capacity + interconnected grid voltage, used as a proxy for nearby transmission density. NOT substation headroom (that data is CEII-restricted, 18 CFR 388.113, and not public) -- treat as an estimate."}},{"type":"Feature","geometry":{"type":"Point","coordinates":[-100.21637,32.46854]},"properties":{"plant_code":64234,"name":"Hecate Energy Harley Hand Solar LLC","county":"Nolan","utility":"Hecate Energy Harley Hand Solar LLC","balancing_authority":"ERCO","nameplate_mw":0.0,"max_grid_voltage_kv":345,"technologies":[],"note":"Generation capacity + interconnected grid voltage, used as a proxy for nearby transmission density. NOT substation headroom (that data is CEII-restricted, 18 CFR 388.113, and not public) -- treat as an estimate."}},{"type":"Feature","geometry":{"type":"Point","coordinates":[-97.07408,29.80698]},"properties":{"plant_code":64239,"name":"7V Solar Ranch","county":"Fayette","utility":"7V Solar Ranch, LLC","balancing_authority":"ERCO","nameplate_mw":240.0,"max_grid_voltage_kv":138,"technologies":["Solar Photovoltaic"],"note":"Generation capacity + interconnected grid voltage, used as a proxy for nearby transmission density. NOT substation headroom (that data is CEII-restricted, 18 CFR 388.113, and not public) -- treat as an estimate."}},{"type":"Feature","geometry":{"type":"Point","coordinates":[-99.61237,29.29184]},"properties":{"plant_code":64258,"name":"AP Sunray LLC","county":"Uvalde","utility":"AP Sunray LLC","balancing_authority":"ERCO","nameplate_mw":203.5,"max_grid_voltage_kv":138,"technologies":["Solar Photovoltaic"],"note":"Generation capacity + interconnected grid voltage, used as a proxy for nearby transmission density. NOT substation headroom (that data is CEII-restricted, 18 CFR 388.113, and not public) -- treat as an estimate."}},{"type":"Feature","geometry":{"type":"Point","coordinates":[-97.08277,31.34672]},"properties":{"plant_code":64259,"name":"BPL Crown Solar LLC","county":"Falls","utility":"BPL Crown Solar LLC","balancing_authority":"ERCO","nameplate_mw":100.0,"max_grid_voltage_kv":138,"technologies":["Solar Photovoltaic"],"note":"Generation capacity + interconnected grid voltage, used as a proxy for nearby transmission density. NOT substation headroom (that data is CEII-restricted, 18 CFR 388.113, and not public) -- treat as an estimate."}},{"type":"Feature","geometry":{"type":"Point","coordinates":[-97.08277,31.34672]},"properties":{"plant_code":64260,"name":"BPL Sol Solar LLC","county":"Falls","utility":"BPL Sol Solar LLC","balancing_authority":"ERCO","nameplate_mw":100.0,"max_grid_voltage_kv":138,"technologies":["Solar Photovoltaic"],"note":"Generation capacity + interconnected grid voltage, used as a proxy for nearby transmission density. NOT substation headroom (that data is CEII-restricted, 18 CFR 388.113, and not public) -- treat as an estimate."}},{"type":"Feature","geometry":{"type":"Point","coordinates":[-95.24937,29.43324]},"properties":{"plant_code":64293,"name":"Alvin","county":"Brazoria","utility":"Engie North America","balancing_authority":"ERCO","nameplate_mw":9.9,"max_grid_voltage_kv":12.5,"technologies":["Batteries"],"note":"Generation capacity + interconnected grid voltage, used as a proxy for nearby transmission density. NOT substation headroom (that data is CEII-restricted, 18 CFR 388.113, and not public) -- treat as an estimate."}},{"type":"Feature","geometry":{"type":"Point","coordinates":[-102.39841,31.87131]},"properties":{"plant_code":64294,"name":"Odessa","county":"Ector","utility":"Engie North America","balancing_authority":"ERCO","nameplate_mw":9.9,"max_grid_voltage_kv":12.5,"technologies":["Batteries"],"note":"Generation capacity + interconnected grid voltage, used as a proxy for nearby transmission density. NOT substation headroom (that data is CEII-restricted, 18 CFR 388.113, and not public) -- treat as an estimate."}},{"type":"Feature","geometry":{"type":"Point","coordinates":[-95.44065,29.16707]},"properties":{"plant_code":64295,"name":"Angleton","county":"Brazoria","utility":"Engie North America","balancing_authority":"ERCO","nameplate_mw":9.9,"max_grid_voltage_kv":12.5,"technologies":["Batteries"],"note":"Generation capacity + interconnected grid voltage, used as a proxy for nearby transmission density. NOT substation headroom (that data is CEII-restricted, 18 CFR 388.113, and not public) -- treat as an estimate."}},{"type":"Feature","geometry":{"type":"Point","coordinates":[-95.57759,29.06264]},"properties":{"plant_code":64296,"name":"Brazoria","county":"Brazoria","utility":"Engie North America","balancing_authority":"ERCO","nameplate_mw":9.9,"max_grid_voltage_kv":12.5,"technologies":["Batteries"],"note":"Generation capacity + interconnected grid voltage, used as a proxy for nearby transmission density. NOT substation headroom (that data is CEII-restricted, 18 CFR 388.113, and not public) -- treat as an estimate."}},{"type":"Feature","geometry":{"type":"Point","coordinates":[-94.94987,29.38959]},"properties":{"plant_code":64297,"name":"Heights","county":"Galveston","utility":"Engie North America","balancing_authority":"ERCO","nameplate_mw":9.9,"max_grid_voltage_kv":12.5,"technologies":["Batteries"],"note":"Generation capacity + interconnected grid voltage, used as a proxy for nearby transmission density. NOT substation headroom (that data is CEII-restricted, 18 CFR 388.113, and not public) -- treat as an estimate."}},{"type":"Feature","geometry":{"type":"Point","coordinates":[-95.13395,29.48833]},"properties":{"plant_code":64298,"name":"Magnolia TX","county":"Galveston","utility":"Engie North America","balancing_authority":"ERCO","nameplate_mw":9.9,"max_grid_voltage_kv":12.5,"technologies":["Batteries"],"note":"Generation capacity + interconnected grid voltage, used as a proxy for nearby transmission density. NOT substation headroom (that data is CEII-restricted, 18 CFR 388.113, and not public) -- treat as an estimate."}},{"type":"Feature","geometry":{"type":"Point","coordinates":[-99.23178,30.73775]},"properties":{"plant_code":64312,"name":"Bat Cave","county":"Mason","utility":"Engie North America","balancing_authority":"ERCO","nameplate_mw":100.0,"max_grid_voltage_kv":138,"technologies":["Batteries"],"note":"Generation capacity + interconnected grid voltage, used as a proxy for nearby transmission density. NOT substation headroom (that data is CEII-restricted, 18 CFR 388.113, and not public) -- treat as an estimate."}},{"type":"Feature","geometry":{"type":"Point","coordinates":[-95.05699,29.46126]},"properties":{"plant_code":64314,"name":"Dickinson","county":"Galveston","utility":"Engie North America","balancing_authority":"ERCO","nameplate_mw":9.9,"max_grid_voltage_kv":12.5,"technologies":["Batteries"],"note":"Generation capacity + interconnected grid voltage, used as a proxy for nearby transmission density. NOT substation headroom (that data is CEII-restricted, 18 CFR 388.113, and not public) -- treat as an estimate."}},{"type":"Feature","geometry":{"type":"Point","coordinates":[-97.07487,28.81648]},"properties":{"plant_code":64315,"name":"Loop 463","county":"Victoria","utility":"Engie North America","balancing_authority":"ERCO","nameplate_mw":9.9,"max_grid_voltage_kv":12.5,"technologies":["Batteries"],"note":"Generation capacity + interconnected grid voltage, used as a proxy for nearby transmission density. NOT substation headroom (that data is CEII-restricted, 18 CFR 388.113, and not public) -- treat as an estimate."}},{"type":"Feature","geometry":{"type":"Point","coordinates":[-99.10942,26.68761]},"properties":{"plant_code":64316,"name":"Lopeno","county":"Zapata","utility":"Engie North America","balancing_authority":"ERCO","nameplate_mw":9.9,"max_grid_voltage_kv":25,"technologies":["Batteries"],"note":"Generation capacity + interconnected grid voltage, used as a proxy for nearby transmission density. NOT substation headroom (that data is CEII-restricted, 18 CFR 388.113, and not public) -- treat as an estimate."}},{"type":"Feature","geometry":{"type":"Point","coordinates":[-97.87571,30.74895]},"properties":{"plant_code":64317,"name":"North Fork TX","county":"Williamson","utility":"Engie North America","balancing_authority":"ERCO","nameplate_mw":100.0,"max_grid_voltage_kv":138,"technologies":["Batteries"],"note":"Generation capacity + interconnected grid voltage, used as a proxy for nearby transmission density. NOT substation headroom (that data is CEII-restricted, 18 CFR 388.113, and not public) -- treat as an estimate."}},{"type":"Feature","geometry":{"type":"Point","coordinates":[-100.46371,28.67893]},"properties":{"plant_code":64318,"name":"Pueblo BA","county":"Maverick","utility":"Engie North America","balancing_authority":"ERCO","nameplate_mw":19.8,"max_grid_voltage_kv":12.5,"technologies":["Batteries"],"note":"Generation capacity + interconnected grid voltage, used as a proxy for nearby transmission density. NOT substation headroom (that data is CEII-restricted, 18 CFR 388.113, and not public) -- treat as an estimate."}},{"type":"Feature","geometry":{"type":"Point","coordinates":[-98.73595,29.61789]},"properties":{"plant_code":64319,"name":"Ranchtown","county":"Bexar","utility":"Engie North America","balancing_authority":"ERCO","nameplate_mw":9.9,"max_grid_voltage_kv":34.5,"technologies":["Batteries"],"note":"Generation capacity + interconnected grid voltage, used as a proxy for nearby transmission density. NOT substation headroom (that data is CEII-restricted, 18 CFR 388.113, and not public) -- treat as an estimate."}},{"type":"Feature","geometry":{"type":"Point","coordinates":[-95.68724,29.05561]},"properties":{"plant_code":64321,"name":"Sweeny","county":"Brazoria","utility":"Engie North America","balancing_authority":"ERCO","nameplate_mw":9.9,"max_grid_voltage_kv":12.5,"technologies":["Batteries"],"note":"Generation capacity + interconnected grid voltage, used as a proxy for nearby transmission density. NOT substation headroom (that data is CEII-restricted, 18 CFR 388.113, and not public) -- treat as an estimate."}},{"type":"Feature","geometry":{"type":"Point","coordinates":[-99.23371,26.93267]},"properties":{"plant_code":64322,"name":"Zapata","county":"Zapata","utility":"Engie North America","balancing_authority":"ERCO","nameplate_mw":19.8,"max_grid_voltage_kv":12.5,"technologies":["Batteries"],"note":"Generation capacity + interconnected grid voltage, used as a proxy for nearby transmission density. NOT substation headroom (that data is CEII-restricted, 18 CFR 388.113, and not public) -- treat as an estimate."}},{"type":"Feature","geometry":{"type":"Point","coordinates":[-102.84481,32.27581]},"properties":{"plant_code":64325,"name":"Prospero Solar II","county":"Andrews","utility":"Prospero Solar II, LLC (Longroad)","balancing_authority":"ERCO","nameplate_mw":250.0,"max_grid_voltage_kv":345,"technologies":["Solar Photovoltaic"],"note":"Generation capacity + interconnected grid voltage, used as a proxy for nearby transmission density. NOT substation headroom (that data is CEII-restricted, 18 CFR 388.113, and not public) -- treat as an estimate."}},{"type":"Feature","geometry":{"type":"Point","coordinates":[-95.42519,33.39167]},"properties":{"plant_code":64347,"name":"Mockingbird Solar Center","county":"Lamar","utility":"Mockingbird Solar Center, LLC","balancing_authority":"ERCO","nameplate_mw":471.0,"max_grid_voltage_kv":345,"technologies":["Solar Photovoltaic"],"note":"Generation capacity + interconnected grid voltage, used as a proxy for nearby transmission density. NOT substation headroom (that data is CEII-restricted, 18 CFR 388.113, and not public) -- treat as an estimate."}},{"type":"Feature","geometry":{"type":"Point","coordinates":[-96.2027,32.00014]},"properties":{"plant_code":64349,"name":"Armadillo Solar Center","county":"Navarro","utility":"AES Clean Energy","balancing_authority":"ERCO","nameplate_mw":0.0,"max_grid_voltage_kv":138,"technologies":[],"note":"Generation capacity + interconnected grid voltage, used as a proxy for nearby transmission density. NOT substation headroom (that data is CEII-restricted, 18 CFR 388.113, and not public) -- treat as an estimate."}},{"type":"Feature","geometry":{"type":"Point","coordinates":[-95.62028,29.48028]},"properties":{"plant_code":64383,"name":"Braes Bayou Plant","county":"Fort Bend","utility":"ProEnergy Services","balancing_authority":"ERCO","nameplate_mw":484.0,"max_grid_voltage_kv":345,"technologies":["Natural Gas Fired Combustion Turbine"],"note":"Generation capacity + interconnected grid voltage, used as a proxy for nearby transmission density. NOT substation headroom (that data is CEII-restricted, 18 CFR 388.113, and not public) -- treat as an estimate."}},{"type":"Feature","geometry":{"type":"Point","coordinates":[-97.9772,29.58914]},"properties":{"plant_code":64389,"name":"Niagara Bottling - Seguin","county":"Guadalupe","utility":"SkyHigh 2 Solar","balancing_authority":"ERCO","nameplate_mw":4.9,"max_grid_voltage_kv":0.48,"technologies":["Solar Photovoltaic"],"note":"Generation capacity + interconnected grid voltage, used as a proxy for nearby transmission density. NOT substation headroom (that data is CEII-restricted, 18 CFR 388.113, and not public) -- treat as an estimate."}},{"type":"Feature","geometry":{"type":"Point","coordinates":[-103.36067,31.19791]},"properties":{"plant_code":64423,"name":"TX7 Flat Top","county":"Reeves","utility":"Key Capture Energy","balancing_authority":"ERCO","nameplate_mw":9.9,"max_grid_voltage_kv":25,"technologies":["Batteries"],"note":"Generation capacity + interconnected grid voltage, used as a proxy for nearby transmission density. NOT substation headroom (that data is CEII-restricted, 18 CFR 388.113, and not public) -- treat as an estimate."}},{"type":"Feature","geometry":{"type":"Point","coordinates":[-103.33645,31.35658]},"properties":{"plant_code":64424,"name":"TX8 Worsham","county":"Pecos","utility":"Key Capture Energy","balancing_authority":"ERCO","nameplate_mw":9.9,"max_grid_voltage_kv":12.47,"technologies":["Batteries"],"note":"Generation capacity + interconnected grid voltage, used as a proxy for nearby transmission density. NOT substation headroom (that data is CEII-restricted, 18 CFR 388.113, and not public) -- treat as an estimate."}},{"type":"Feature","geometry":{"type":"Point","coordinates":[-96.68376,28.58673]},"properties":{"plant_code":64425,"name":"TX2 Port Lavaca","county":"Calhoun","utility":"Key Capture Energy","balancing_authority":"ERCO","nameplate_mw":9.9,"max_grid_voltage_kv":12.47,"technologies":["Batteries"],"note":"Generation capacity + interconnected grid voltage, used as a proxy for nearby transmission density. NOT substation headroom (that data is CEII-restricted, 18 CFR 388.113, and not public) -- treat as an estimate."}},{"type":"Feature","geometry":{"type":"Point","coordinates":[-95.663,29.191]},"properties":{"plant_code":64447,"name":"Brazoria West","county":"Brazoria","utility":"Brazoria West Solar Project, LLC","balancing_authority":"ERCO","nameplate_mw":200.0,"max_grid_voltage_kv":138,"technologies":["Solar Photovoltaic"],"note":"Generation capacity + interconnected grid voltage, used as a proxy for nearby transmission density. NOT substation headroom (that data is CEII-restricted, 18 CFR 388.113, and not public) -- treat as an estimate."}},{"type":"Feature","geometry":{"type":"Point","coordinates":[-95.44506,29.16801]},"properties":{"plant_code":64528,"name":"Gambit Energy Storage - Angleton Storage","county":"Brazoria","utility":"Gambit Energy Storage LLC","balancing_authority":"ERCO","nameplate_mw":100.0,"max_grid_voltage_kv":138,"technologies":["Batteries"],"note":"Generation capacity + interconnected grid voltage, used as a proxy for nearby transmission density. NOT substation headroom (that data is CEII-restricted, 18 CFR 388.113, and not public) -- treat as an estimate."}},{"type":"Feature","geometry":{"type":"Point","coordinates":[-99.25833,27.63468]},"properties":{"plant_code":64538,"name":"Corazon Energy LLC","county":"Webb","utility":"Corazon Energy LLC","balancing_authority":"ERCO","nameplate_mw":200.0,"max_grid_voltage_kv":345,"technologies":["Solar Photovoltaic"],"note":"Generation capacity + interconnected grid voltage, used as a proxy for nearby transmission density. NOT substation headroom (that data is CEII-restricted, 18 CFR 388.113, and not public) -- treat as an estimate."}},{"type":"Feature","geometry":{"type":"Point","coordinates":[-100.32304,31.53416]},"properties":{"plant_code":64539,"name":"Brushy Creek Solar LLC","county":"Tom Green","utility":"Brushy Creek Solar LLC","balancing_authority":"ERCO","nameplate_mw":0.0,"max_grid_voltage_kv":345,"technologies":[],"note":"Generation capacity + interconnected grid voltage, used as a proxy for nearby transmission density. NOT substation headroom (that data is CEII-restricted, 18 CFR 388.113, and not public) -- treat as an estimate."}},{"type":"Feature","geometry":{"type":"Point","coordinates":[-100.5994,31.24886]},"properties":{"plant_code":64540,"name":"Knickerbocker Solar LLC","county":"Tom Green","utility":"Knickerbocker Solar LLC","balancing_authority":"ERCO","nameplate_mw":0.0,"max_grid_voltage_kv":345,"technologies":[],"note":"Generation capacity + interconnected grid voltage, used as a proxy for nearby transmission density. NOT substation headroom (that data is CEII-restricted, 18 CFR 388.113, and not public) -- treat as an estimate."}},{"type":"Feature","geometry":{"type":"Point","coordinates":[-99.1642,32.30852]},"properties":{"plant_code":64544,"name":"Ranchland Wind Project II","county":"Callahan","utility":"Ranchland Wind Project II, LLC","balancing_authority":"ERCO","nameplate_mw":148.0,"max_grid_voltage_kv":345,"technologies":["Onshore Wind Turbine"],"note":"Generation capacity + interconnected grid voltage, used as a proxy for nearby transmission density. NOT substation headroom (that data is CEII-restricted, 18 CFR 388.113, and not public) -- treat as an estimate."}},{"type":"Feature","geometry":{"type":"Point","coordinates":[-99.1642,32.30852]},"properties":{"plant_code":64545,"name":"Ranchland Wind Storage","county":"Callahan","utility":"Ranchland Wind Storage, LLC","balancing_authority":"ERCO","nameplate_mw":73.0,"max_grid_voltage_kv":345,"technologies":["Batteries"],"note":"Generation capacity + interconnected grid voltage, used as a proxy for nearby transmission density. NOT substation headroom (that data is CEII-restricted, 18 CFR 388.113, and not public) -- treat as an estimate."}},{"type":"Feature","geometry":{"type":"Point","coordinates":[-99.1645,32.30852]},"properties":{"plant_code":64551,"name":"Ranchland Wind Project I","county":"Callahan","utility":"Ranchland Wind Project I, LLC","balancing_authority":"ERCO","nameplate_mw":114.9,"max_grid_voltage_kv":345,"technologies":["Onshore Wind Turbine"],"note":"Generation capacity + interconnected grid voltage, used as a proxy for nearby transmission density. NOT substation headroom (that data is CEII-restricted, 18 CFR 388.113, and not public) -- treat as an estimate."}},{"type":"Feature","geometry":{"type":"Point","coordinates":[-97.74398,27.99271]},"properties":{"plant_code":64591,"name":"El Algodon Alto Wind Farm, LLC","county":"San Patricio","utility":"RWE Clean Energy","balancing_authority":"ERCO","nameplate_mw":200.2,"max_grid_voltage_kv":345,"technologies":["Onshore Wind Turbine"],"note":"Generation capacity + interconnected grid voltage, used as a proxy for nearby transmission density. NOT substation headroom (that data is CEII-restricted, 18 CFR 388.113, and not public) -- treat as an estimate."}},{"type":"Feature","geometry":{"type":"Point","coordinates":[-99.66552,33.74632]},"properties":{"plant_code":64639,"name":"TG East","county":"Knox","utility":"TG East Wind Project LLC","balancing_authority":"ERCO","nameplate_mw":336.0,"max_grid_voltage_kv":345,"technologies":["Onshore Wind Turbine"],"note":"Generation capacity + interconnected grid voltage, used as a proxy for nearby transmission density. NOT substation headroom (that data is CEII-restricted, 18 CFR 388.113, and not public) -- treat as an estimate."}},{"type":"Feature","geometry":{"type":"Point","coordinates":[-101.53222,36.3075]},"properties":{"plant_code":64665,"name":"Great Prairie Wind","county":"Hansford","utility":"Great Prairie Wind LLC","balancing_authority":"SWPP","nameplate_mw":1027.0,"max_grid_voltage_kv":345,"technologies":["Onshore Wind Turbine"],"note":"Generation capacity + interconnected grid voltage, used as a proxy for nearby transmission density. NOT substation headroom (that data is CEII-restricted, 18 CFR 388.113, and not public) -- treat as an estimate."}},{"type":"Feature","geometry":{"type":"Point","coordinates":[-96.06983,30.70533]},"properties":{"plant_code":64672,"name":"Blue Jay Solar I, LLC","county":"Grimes","utility":"Blue Jay Solar I, LLC","balancing_authority":"ERCO","nameplate_mw":51.6,"max_grid_voltage_kv":138,"technologies":["Batteries"],"note":"Generation capacity + interconnected grid voltage, used as a proxy for nearby transmission density. NOT substation headroom (that data is CEII-restricted, 18 CFR 388.113, and not public) -- treat as an estimate."}},{"type":"Feature","geometry":{"type":"Point","coordinates":[-101.263,30.91]},"properties":{"plant_code":64710,"name":"White Mesa Wind","county":"Crockett","utility":"White Mesa Wind, LLC","balancing_authority":"ERCO","nameplate_mw":500.6,"max_grid_voltage_kv":345,"technologies":["Onshore Wind Turbine"],"note":"Generation capacity + interconnected grid voltage, used as a proxy for nearby transmission density. NOT substation headroom (that data is CEII-restricted, 18 CFR 388.113, and not public) -- treat as an estimate."}},{"type":"Feature","geometry":{"type":"Point","coordinates":[-94.97446,29.77627]},"properties":{"plant_code":64769,"name":"WAL194","county":"Harris","utility":"Walmart Stores Texas, LLC","balancing_authority":"ERCO","nameplate_mw":1.2,"max_grid_voltage_kv":0.48,"technologies":["Natural Gas Internal Combustion Engine"],"note":"Generation capacity + interconnected grid voltage, used as a proxy for nearby transmission density. NOT substation headroom (that data is CEII-restricted, 18 CFR 388.113, and not public) -- treat as an estimate."}},{"type":"Feature","geometry":{"type":"Point","coordinates":[-96.80071,33.10035]},"properties":{"plant_code":64770,"name":"WAL202","county":"Collin","utility":"Walmart Stores Texas, LLC","balancing_authority":"ERCO","nameplate_mw":1.3,"max_grid_voltage_kv":0.48,"technologies":["Petroleum Liquids"],"note":"Generation capacity + interconnected grid voltage, used as a proxy for nearby transmission density. NOT substation headroom (that data is CEII-restricted, 18 CFR 388.113, and not public) -- treat as an estimate."}},{"type":"Feature","geometry":{"type":"Point","coordinates":[-97.08199,32.92205]},"properties":{"plant_code":64771,"name":"WAL266","county":"Tarrant","utility":"Walmart Stores Texas, LLC","balancing_authority":"ERCO","nameplate_mw":1.2,"max_grid_voltage_kv":0.48,"technologies":["Natural Gas Internal Combustion Engine"],"note":"Generation capacity + interconnected grid voltage, used as a proxy for nearby transmission density. NOT substation headroom (that data is CEII-restricted, 18 CFR 388.113, and not public) -- treat as an estimate."}},{"type":"Feature","geometry":{"type":"Point","coordinates":[-97.13005,32.57616]},"properties":{"plant_code":64772,"name":"WAL284","county":"Tarrant","utility":"Walmart Stores Texas, LLC","balancing_authority":"ERCO","nameplate_mw":1.2,"max_grid_voltage_kv":0.48,"technologies":["Natural Gas Internal Combustion Engine"],"note":"Generation capacity + interconnected grid voltage, used as a proxy for nearby transmission density. NOT substation headroom (that data is CEII-restricted, 18 CFR 388.113, and not public) -- treat as an estimate."}},{"type":"Feature","geometry":{"type":"Point","coordinates":[-97.72928,31.08972]},"properties":{"plant_code":64773,"name":"WAL407","county":"Bell","utility":"Walmart Stores Texas, LLC","balancing_authority":"ERCO","nameplate_mw":1.2,"max_grid_voltage_kv":0.48,"technologies":["Natural Gas Internal Combustion Engine"],"note":"Generation capacity + interconnected grid voltage, used as a proxy for nearby transmission density. NOT substation headroom (that data is CEII-restricted, 18 CFR 388.113, and not public) -- treat as an estimate."}},{"type":"Feature","geometry":{"type":"Point","coordinates":[-98.49901,33.85705]},"properties":{"plant_code":64774,"name":"WAL414","county":"Wichita","utility":"Walmart Stores Texas, LLC","balancing_authority":"ERCO","nameplate_mw":1.2,"max_grid_voltage_kv":0.48,"technologies":["Natural Gas Internal Combustion Engine"],"note":"Generation capacity + interconnected grid voltage, used as a proxy for nearby transmission density. NOT substation headroom (that data is CEII-restricted, 18 CFR 388.113, and not public) -- treat as an estimate."}},{"type":"Feature","geometry":{"type":"Point","coordinates":[-100.90107,29.39582]},"properties":{"plant_code":64775,"name":"WAL447","county":"Val Verde","utility":"Walmart Stores Texas, LLC","balancing_authority":"ERCO","nameplate_mw":1.2,"max_grid_voltage_kv":0.48,"technologies":["Natural Gas Internal Combustion Engine"],"note":"Generation capacity + interconnected grid voltage, used as a proxy for nearby transmission density. NOT substation headroom (that data is CEII-restricted, 18 CFR 388.113, and not public) -- treat as an estimate."}},{"type":"Feature","geometry":{"type":"Point","coordinates":[-98.24505,26.24394]},"properties":{"plant_code":64776,"name":"WAL452","county":"Hidalgo","utility":"Walmart Stores Texas, LLC","balancing_authority":"ERCO","nameplate_mw":1.2,"max_grid_voltage_kv":0.48,"technologies":["Natural Gas Internal Combustion Engine"],"note":"Generation capacity + interconnected grid voltage, used as a proxy for nearby transmission density. NOT substation headroom (that data is CEII-restricted, 18 CFR 388.113, and not public) -- treat as an estimate."}},{"type":"Feature","geometry":{"type":"Point","coordinates":[-97.51945,25.97606]},"properties":{"plant_code":64777,"name":"WAL456","county":"Cameron","utility":"Walmart Stores Texas, LLC","balancing_authority":"ERCO","nameplate_mw":1.2,"max_grid_voltage_kv":0.48,"technologies":["Natural Gas Internal Combustion Engine"],"note":"Generation capacity + interconnected grid voltage, used as a proxy for nearby transmission density. NOT substation headroom (that data is CEII-restricted, 18 CFR 388.113, and not public) -- treat as an estimate."}},{"type":"Feature","geometry":{"type":"Point","coordinates":[-100.48272,28.70203]},"properties":{"plant_code":64778,"name":"WAL461","county":"Maverick","utility":"Walmart Stores Texas, LLC","balancing_authority":"ERCO","nameplate_mw":1.2,"max_grid_voltage_kv":0.48,"technologies":["Natural Gas Internal Combustion Engine"],"note":"Generation capacity + interconnected grid voltage, used as a proxy for nearby transmission density. NOT substation headroom (that data is CEII-restricted, 18 CFR 388.113, and not public) -- treat as an estimate."}},{"type":"Feature","geometry":{"type":"Point","coordinates":[-95.23078,29.42176]},"properties":{"plant_code":64791,"name":"WAL462","county":"Brazoria","utility":"Walmart Stores Texas, LLC","balancing_authority":"ERCO","nameplate_mw":1.3,"max_grid_voltage_kv":0.48,"technologies":["Natural Gas Internal Combustion Engine"],"note":"Generation capacity + interconnected grid voltage, used as a proxy for nearby transmission density. NOT substation headroom (that data is CEII-restricted, 18 CFR 388.113, and not public) -- treat as an estimate."}},{"type":"Feature","geometry":{"type":"Point","coordinates":[-94.83294,29.26514]},"properties":{"plant_code":64792,"name":"WAL504","county":"Galveston","utility":"Walmart Stores Texas, LLC","balancing_authority":"ERCO","nameplate_mw":1.2,"max_grid_voltage_kv":0.48,"technologies":["Natural Gas Internal Combustion Engine"],"note":"Generation capacity + interconnected grid voltage, used as a proxy for nearby transmission density. NOT substation headroom (that data is CEII-restricted, 18 CFR 388.113, and not public) -- treat as an estimate."}},{"type":"Feature","geometry":{"type":"Point","coordinates":[-95.06497,29.89446]},"properties":{"plant_code":64793,"name":"WAL522","county":"Harris","utility":"Walmart Stores Texas, LLC","balancing_authority":"ERCO","nameplate_mw":1.2,"max_grid_voltage_kv":0.48,"technologies":["Natural Gas Internal Combustion Engine"],"note":"Generation capacity + interconnected grid voltage, used as a proxy for nearby transmission density. NOT substation headroom (that data is CEII-restricted, 18 CFR 388.113, and not public) -- treat as an estimate."}},{"type":"Feature","geometry":{"type":"Point","coordinates":[-95.00045,29.37231]},"properties":{"plant_code":64794,"name":"WAL529","county":"Galveston","utility":"Walmart Stores Texas, LLC","balancing_authority":"ERCO","nameplate_mw":1.3,"max_grid_voltage_kv":0.48,"technologies":["Natural Gas Internal Combustion Engine"],"note":"Generation capacity + interconnected grid voltage, used as a proxy for nearby transmission density. NOT substation headroom (that data is CEII-restricted, 18 CFR 388.113, and not public) -- treat as an estimate."}},{"type":"Feature","geometry":{"type":"Point","coordinates":[-99.69801,32.48078]},"properties":{"plant_code":64795,"name":"WAL536","county":"Jones","utility":"Walmart Stores Texas, LLC","balancing_authority":"ERCO","nameplate_mw":1.2,"max_grid_voltage_kv":0.48,"technologies":["Natural Gas Internal Combustion Engine"],"note":"Generation capacity + interconnected grid voltage, used as a proxy for nearby transmission density. NOT substation headroom (that data is CEII-restricted, 18 CFR 388.113, and not public) -- treat as an estimate."}},{"type":"Feature","geometry":{"type":"Point","coordinates":[-102.33251,31.8957]},"properties":{"plant_code":64796,"name":"WAL537","county":"Ector","utility":"Walmart Stores Texas, LLC","balancing_authority":"ERCO","nameplate_mw":1.2,"max_grid_voltage_kv":0.48,"technologies":["Natural Gas Internal Combustion Engine"],"note":"Generation capacity + interconnected grid voltage, used as a proxy for nearby transmission density. NOT substation headroom (that data is CEII-restricted, 18 CFR 388.113, and not public) -- treat as an estimate."}},{"type":"Feature","geometry":{"type":"Point","coordinates":[-95.76127,29.55811]},"properties":{"plant_code":64797,"name":"WAL546","county":"Fort Bend","utility":"Walmart Stores Texas, LLC","balancing_authority":"ERCO","nameplate_mw":1.2,"max_grid_voltage_kv":0.48,"technologies":["Natural Gas Internal Combustion Engine"],"note":"Generation capacity + interconnected grid voltage, used as a proxy for nearby transmission density. NOT substation headroom (that data is CEII-restricted, 18 CFR 388.113, and not public) -- treat as an estimate."}},{"type":"Feature","geometry":{"type":"Point","coordinates":[-96.40376,32.10105]},"properties":{"plant_code":64798,"name":"WAL565","county":"Navarro","utility":"Walmart Stores Texas, LLC","balancing_authority":"ERCO","nameplate_mw":1.2,"max_grid_voltage_kv":0.48,"technologies":["Natural Gas Internal Combustion Engine"],"note":"Generation capacity + interconnected grid voltage, used as a proxy for nearby transmission density. NOT substation headroom (that data is CEII-restricted, 18 CFR 388.113, and not public) -- treat as an estimate."}},{"type":"Feature","geometry":{"type":"Point","coordinates":[-95.45769,30.12423]},"properties":{"plant_code":64799,"name":"WAL602","county":"Montgomery","utility":"Walmart Stores Texas, LLC","balancing_authority":"ERCO","nameplate_mw":1.2,"max_grid_voltage_kv":0.48,"technologies":["Natural Gas Internal Combustion Engine"],"note":"Generation capacity + interconnected grid voltage, used as a proxy for nearby transmission density. NOT substation headroom (that data is CEII-restricted, 18 CFR 388.113, and not public) -- treat as an estimate."}},{"type":"Feature","geometry":{"type":"Point","coordinates":[-95.17647,29.99562]},"properties":{"plant_code":64800,"name":"WAL744","county":"Harris","utility":"Walmart Stores Texas, LLC","balancing_authority":"ERCO","nameplate_mw":1.2,"max_grid_voltage_kv":0.48,"technologies":["Natural Gas Internal Combustion Engine"],"note":"Generation capacity + interconnected grid voltage, used as a proxy for nearby transmission density. NOT substation headroom (that data is CEII-restricted, 18 CFR 388.113, and not public) -- treat as an estimate."}},{"type":"Feature","geometry":{"type":"Point","coordinates":[-95.16142,29.64662]},"properties":{"plant_code":64801,"name":"WAL752","county":"Harris","utility":"Walmart Stores Texas, LLC","balancing_authority":"ERCO","nameplate_mw":1.2,"max_grid_voltage_kv":0.48,"technologies":["Natural Gas Internal Combustion Engine"],"note":"Generation capacity + interconnected grid voltage, used as a proxy for nearby transmission density. NOT substation headroom (that data is CEII-restricted, 18 CFR 388.113, and not public) -- treat as an estimate."}},{"type":"Feature","geometry":{"type":"Point","coordinates":[-95.72223,29.78912]},"properties":{"plant_code":64802,"name":"WAL768","county":"Harris","utility":"Walmart Stores Texas, LLC","balancing_authority":"ERCO","nameplate_mw":1.2,"max_grid_voltage_kv":0.48,"technologies":["Natural Gas Internal Combustion Engine"],"note":"Generation capacity + interconnected grid voltage, used as a proxy for nearby transmission density. NOT substation headroom (that data is CEII-restricted, 18 CFR 388.113, and not public) -- treat as an estimate."}},{"type":"Feature","geometry":{"type":"Point","coordinates":[-95.64622,29.72109]},"properties":{"plant_code":64803,"name":"WAL772","county":"Harris","utility":"Walmart Stores Texas, LLC","balancing_authority":"ERCO","nameplate_mw":1.2,"max_grid_voltage_kv":0.48,"technologies":["Natural Gas Internal Combustion Engine"],"note":"Generation capacity + interconnected grid voltage, used as a proxy for nearby transmission density. NOT substation headroom (that data is CEII-restricted, 18 CFR 388.113, and not public) -- treat as an estimate."}},{"type":"Feature","geometry":{"type":"Point","coordinates":[-98.04319,27.76927]},"properties":{"plant_code":64804,"name":"WAL791","county":"Jim Wells","utility":"Walmart Stores Texas, LLC","balancing_authority":"ERCO","nameplate_mw":1.2,"max_grid_voltage_kv":0.48,"technologies":["Natural Gas Internal Combustion Engine"],"note":"Generation capacity + interconnected grid voltage, used as a proxy for nearby transmission density. NOT substation headroom (that data is CEII-restricted, 18 CFR 388.113, and not public) -- treat as an estimate."}},{"type":"Feature","geometry":{"type":"Point","coordinates":[-95.42945,30.06478]},"properties":{"plant_code":64805,"name":"WAL849","county":"Harris","utility":"Walmart Stores Texas, LLC","balancing_authority":"ERCO","nameplate_mw":1.2,"max_grid_voltage_kv":0.48,"technologies":["Natural Gas Internal Combustion Engine"],"note":"Generation capacity + interconnected grid voltage, used as a proxy for nearby transmission density. NOT substation headroom (that data is CEII-restricted, 18 CFR 388.113, and not public) -- treat as an estimate."}},{"type":"Feature","geometry":{"type":"Point","coordinates":[-95.2839,29.57317]},"properties":{"plant_code":64806,"name":"WAL872","county":"Brazoria","utility":"Walmart Stores Texas, LLC","balancing_authority":"ERCO","nameplate_mw":1.2,"max_grid_voltage_kv":0.48,"technologies":["Natural Gas Internal Combustion Engine"],"note":"Generation capacity + interconnected grid voltage, used as a proxy for nearby transmission density. NOT substation headroom (that data is CEII-restricted, 18 CFR 388.113, and not public) -- treat as an estimate."}},{"type":"Feature","geometry":{"type":"Point","coordinates":[-97.03623,32.67353]},"properties":{"plant_code":64807,"name":"WAL896","county":"Dallas","utility":"Walmart Stores Texas, LLC","balancing_authority":"ERCO","nameplate_mw":1.2,"max_grid_voltage_kv":0.48,"technologies":["Natural Gas Internal Combustion Engine"],"note":"Generation capacity + interconnected grid voltage, used as a proxy for nearby transmission density. NOT substation headroom (that data is CEII-restricted, 18 CFR 388.113, and not public) -- treat as an estimate."}},{"type":"Feature","geometry":{"type":"Point","coordinates":[-102.90716,30.89647]},"properties":{"plant_code":64808,"name":"WAL897","county":"Pecos","utility":"Walmart Stores Texas, LLC","balancing_authority":"ERCO","nameplate_mw":1.3,"max_grid_voltage_kv":1.25,"technologies":["Natural Gas Internal Combustion Engine"],"note":"Generation capacity + interconnected grid voltage, used as a proxy for nearby transmission density. NOT substation headroom (that data is CEII-restricted, 18 CFR 388.113, and not public) -- treat as an estimate."}},{"type":"Feature","geometry":{"type":"Point","coordinates":[-97.43384,32.75504]},"properties":{"plant_code":64809,"name":"WAL940","county":"Tarrant","utility":"Walmart Stores Texas, LLC","balancing_authority":"ERCO","nameplate_mw":1.2,"max_grid_voltage_kv":0.48,"technologies":["Natural Gas Internal Combustion Engine"],"note":"Generation capacity + interconnected grid voltage, used as a proxy for nearby transmission density. NOT substation headroom (that data is CEII-restricted, 18 CFR 388.113, and not public) -- treat as an estimate."}},{"type":"Feature","geometry":{"type":"Point","coordinates":[-96.61213,33.67316]},"properties":{"plant_code":64810,"name":"WAL947","county":"Grayson","utility":"Walmart Stores Texas, LLC","balancing_authority":"ERCO","nameplate_mw":1.2,"max_grid_voltage_kv":0.48,"technologies":["Natural Gas Internal Combustion Engine"],"note":"Generation capacity + interconnected grid voltage, used as a proxy for nearby transmission density. NOT substation headroom (that data is CEII-restricted, 18 CFR 388.113, and not public) -- treat as an estimate."}},{"type":"Feature","geometry":{"type":"Point","coordinates":[-102.32169,31.23924]},"properties":{"plant_code":64811,"name":"Upton County BESS","county":"Upton","utility":"VESI Upton County BESS, LLC","balancing_authority":"ERCO","nameplate_mw":24.8,"max_grid_voltage_kv":138,"technologies":["Batteries"],"note":"Generation capacity + interconnected grid voltage, used as a proxy for nearby transmission density. NOT substation headroom (that data is CEII-restricted, 18 CFR 388.113, and not public) -- treat as an estimate."}},{"type":"Feature","geometry":{"type":"Point","coordinates":[-97.42474,32.81185]},"properties":{"plant_code":64812,"name":"WAL972","county":"Tarrant","utility":"Walmart Stores Texas, LLC","balancing_authority":"ERCO","nameplate_mw":1.2,"max_grid_voltage_kv":0.48,"technologies":["Natural Gas Internal Combustion Engine"],"note":"Generation capacity + interconnected grid voltage, used as a proxy for nearby transmission density. NOT substation headroom (that data is CEII-restricted, 18 CFR 388.113, and not public) -- treat as an estimate."}},{"type":"Feature","geometry":{"type":"Point","coordinates":[-95.65148,29.87762]},"properties":{"plant_code":64813,"name":"WAL1040","county":"Harris","utility":"Walmart Stores Texas, LLC","balancing_authority":"ERCO","nameplate_mw":1.2,"max_grid_voltage_kv":0.48,"technologies":["Natural Gas Internal Combustion Engine"],"note":"Generation capacity + interconnected grid voltage, used as a proxy for nearby transmission density. NOT substation headroom (that data is CEII-restricted, 18 CFR 388.113, and not public) -- treat as an estimate."}},{"type":"Feature","geometry":{"type":"Point","coordinates":[-95.15913,29.55197]},"properties":{"plant_code":64814,"name":"WAL1062","county":"Harris","utility":"Walmart Stores Texas, LLC","balancing_authority":"ERCO","nameplate_mw":1.2,"max_grid_voltage_kv":0.48,"technologies":["Natural Gas Internal Combustion Engine"],"note":"Generation capacity + interconnected grid voltage, used as a proxy for nearby transmission density. NOT substation headroom (that data is CEII-restricted, 18 CFR 388.113, and not public) -- treat as an estimate."}},{"type":"Feature","geometry":{"type":"Point","coordinates":[-95.4862,29.99816]},"properties":{"plant_code":64815,"name":"WAL1103","county":"Harris","utility":"Walmart Stores Texas, LLC","balancing_authority":"ERCO","nameplate_mw":1.2,"max_grid_voltage_kv":0.48,"technologies":["Natural Gas Internal Combustion Engine"],"note":"Generation capacity + interconnected grid voltage, used as a proxy for nearby transmission density. NOT substation headroom (that data is CEII-restricted, 18 CFR 388.113, and not public) -- treat as an estimate."}},{"type":"Feature","geometry":{"type":"Point","coordinates":[-97.45776,31.08081]},"properties":{"plant_code":64816,"name":"WAL1232","county":"Bell","utility":"Walmart Stores Texas, LLC","balancing_authority":"ERCO","nameplate_mw":1.2,"max_grid_voltage_kv":0.48,"technologies":["Natural Gas Internal Combustion Engine"],"note":"Generation capacity + interconnected grid voltage, used as a proxy for nearby transmission density. NOT substation headroom (that data is CEII-restricted, 18 CFR 388.113, and not public) -- treat as an estimate."}},{"type":"Feature","geometry":{"type":"Point","coordinates":[-98.25087,29.22036]},"properties":{"plant_code":64821,"name":"FELPS 1 - Calaveras","county":"Wilson","utility":"DG Central 1, LLC","balancing_authority":"ERCO","nameplate_mw":1.0,"max_grid_voltage_kv":14.4,"technologies":["Solar Photovoltaic"],"note":"Generation capacity + interconnected grid voltage, used as a proxy for nearby transmission density. NOT substation headroom (that data is CEII-restricted, 18 CFR 388.113, and not public) -- treat as an estimate."}},{"type":"Feature","geometry":{"type":"Point","coordinates":[-98.25167,29.22094]},"properties":{"plant_code":64823,"name":"FELPS 2 - Calaveras","county":"Wilson","utility":"DG Central 1, LLC","balancing_authority":"ERCO","nameplate_mw":1.0,"max_grid_voltage_kv":14.4,"technologies":["Solar Photovoltaic"],"note":"Generation capacity + interconnected grid voltage, used as a proxy for nearby transmission density. NOT substation headroom (that data is CEII-restricted, 18 CFR 388.113, and not public) -- treat as an estimate."}},{"type":"Feature","geometry":{"type":"Point","coordinates":[-98.1063,29.12922]},"properties":{"plant_code":64824,"name":"FELPS 3 - Floresville South","county":"Wilson","utility":"DG Central 1, LLC","balancing_authority":"ERCO","nameplate_mw":1.0,"max_grid_voltage_kv":14.4,"technologies":["Solar Photovoltaic"],"note":"Generation capacity + interconnected grid voltage, used as a proxy for nearby transmission density. NOT substation headroom (that data is CEII-restricted, 18 CFR 388.113, and not public) -- treat as an estimate."}},{"type":"Feature","geometry":{"type":"Point","coordinates":[-98.10704,29.12867]},"properties":{"plant_code":64825,"name":"FELPS 4 - Floresville South","county":"Wilson","utility":"DG Central 1, LLC","balancing_authority":"ERCO","nameplate_mw":1.0,"max_grid_voltage_kv":14.4,"technologies":["Solar Photovoltaic"],"note":"Generation capacity + interconnected grid voltage, used as a proxy for nearby transmission density. NOT substation headroom (that data is CEII-restricted, 18 CFR 388.113, and not public) -- treat as an estimate."}},{"type":"Feature","geometry":{"type":"Point","coordinates":[-98.10734,29.12815]},"properties":{"plant_code":64826,"name":"FELPS 5- Floresville South","county":"Wilson","utility":"DG Central 1, LLC","balancing_authority":"ERCO","nameplate_mw":1.0,"max_grid_voltage_kv":14.4,"technologies":["Solar Photovoltaic"],"note":"Generation capacity + interconnected grid voltage, used as a proxy for nearby transmission density. NOT substation headroom (that data is CEII-restricted, 18 CFR 388.113, and not public) -- treat as an estimate."}},{"type":"Feature","geometry":{"type":"Point","coordinates":[-98.19335,29.13398]},"properties":{"plant_code":64827,"name":"FELPS 6- Floresville West","county":"Wilson","utility":"DG Central 1, LLC","balancing_authority":"ERCO","nameplate_mw":1.0,"max_grid_voltage_kv":14.4,"technologies":["Solar Photovoltaic"],"note":"Generation capacity + interconnected grid voltage, used as a proxy for nearby transmission density. NOT substation headroom (that data is CEII-restricted, 18 CFR 388.113, and not public) -- treat as an estimate."}},{"type":"Feature","geometry":{"type":"Point","coordinates":[-98.19275,29.13361]},"properties":{"plant_code":64828,"name":"FELPS 7- Floresville West","county":"Wilson","utility":"DG Central 1, LLC","balancing_authority":"ERCO","nameplate_mw":1.0,"max_grid_voltage_kv":14.4,"technologies":["Solar Photovoltaic"],"note":"Generation capacity + interconnected grid voltage, used as a proxy for nearby transmission density. NOT substation headroom (that data is CEII-restricted, 18 CFR 388.113, and not public) -- treat as an estimate."}},{"type":"Feature","geometry":{"type":"Point","coordinates":[-100.91789,32.69102]},"properties":{"plant_code":64829,"name":"WAL1272","county":"Scurry","utility":"Walmart Stores Texas, LLC","balancing_authority":"ERCO","nameplate_mw":1.2,"max_grid_voltage_kv":0.48,"technologies":["Natural Gas Internal Combustion Engine"],"note":"Generation capacity + interconnected grid voltage, used as a proxy for nearby transmission density. NOT substation headroom (that data is CEII-restricted, 18 CFR 388.113, and not public) -- treat as an estimate."}},{"type":"Feature","geometry":{"type":"Point","coordinates":[-99.1872,31.5481]},"properties":{"plant_code":64859,"name":"IP Radian, LLC","county":"Brown","utility":"Intersect USA, LLC","balancing_authority":"ERCO","nameplate_mw":320.0,"max_grid_voltage_kv":345,"technologies":["Solar Photovoltaic"],"note":"Generation capacity + interconnected grid voltage, used as a proxy for nearby transmission density. NOT substation headroom (that data is CEII-restricted, 18 CFR 388.113, and not public) -- treat as an estimate."}},{"type":"Feature","geometry":{"type":"Point","coordinates":[-97.16926,32.76448]},"properties":{"plant_code":64883,"name":"WAL1455","county":"Tarrant","utility":"Walmart Stores Texas, LLC","balancing_authority":"ERCO","nameplate_mw":1.2,"max_grid_voltage_kv":0.48,"technologies":["Natural Gas Internal Combustion Engine"],"note":"Generation capacity + interconnected grid voltage, used as a proxy for nearby transmission density. NOT substation headroom (that data is CEII-restricted, 18 CFR 388.113, and not public) -- treat as an estimate."}},{"type":"Feature","geometry":{"type":"Point","coordinates":[-97.13183,32.66873]},"properties":{"plant_code":64884,"name":"WAL1801","county":"Tarrant","utility":"Walmart Stores Texas, LLC","balancing_authority":"ERCO","nameplate_mw":1.2,"max_grid_voltage_kv":0.48,"technologies":["Natural Gas Internal Combustion Engine"],"note":"Generation capacity + interconnected grid voltage, used as a proxy for nearby transmission density. NOT substation headroom (that data is CEII-restricted, 18 CFR 388.113, and not public) -- treat as an estimate."}},{"type":"Feature","geometry":{"type":"Point","coordinates":[-95.50908,29.8538]},"properties":{"plant_code":64885,"name":"WAL2257","county":"Harris","utility":"Walmart Stores Texas, LLC","balancing_authority":"ERCO","nameplate_mw":1.2,"max_grid_voltage_kv":0.48,"technologies":["Natural Gas Internal Combustion Engine"],"note":"Generation capacity + interconnected grid voltage, used as a proxy for nearby transmission density. NOT substation headroom (that data is CEII-restricted, 18 CFR 388.113, and not public) -- treat as an estimate."}},{"type":"Feature","geometry":{"type":"Point","coordinates":[-94.90046,29.81755]},"properties":{"plant_code":64886,"name":"WAL2439","county":"Chambers","utility":"Walmart Stores Texas, LLC","balancing_authority":"ERCO","nameplate_mw":1.2,"max_grid_voltage_kv":0.48,"technologies":["Natural Gas Internal Combustion Engine"],"note":"Generation capacity + interconnected grid voltage, used as a proxy for nearby transmission density. NOT substation headroom (that data is CEII-restricted, 18 CFR 388.113, and not public) -- treat as an estimate."}},{"type":"Feature","geometry":{"type":"Point","coordinates":[-96.68954,32.79383]},"properties":{"plant_code":64887,"name":"WAL2667","county":"Dallas","utility":"Walmart Stores Texas, LLC","balancing_authority":"ERCO","nameplate_mw":1.2,"max_grid_voltage_kv":0.48,"technologies":["Natural Gas Internal Combustion Engine"],"note":"Generation capacity + interconnected grid voltage, used as a proxy for nearby transmission density. NOT substation headroom (that data is CEII-restricted, 18 CFR 388.113, and not public) -- treat as an estimate."}},{"type":"Feature","geometry":{"type":"Point","coordinates":[-95.21041,29.69342]},"properties":{"plant_code":64888,"name":"WAL2724","county":"Harris","utility":"Walmart Stores Texas, LLC","balancing_authority":"ERCO","nameplate_mw":1.2,"max_grid_voltage_kv":0.48,"technologies":["Natural Gas Internal Combustion Engine"],"note":"Generation capacity + interconnected grid voltage, used as a proxy for nearby transmission density. NOT substation headroom (that data is CEII-restricted, 18 CFR 388.113, and not public) -- treat as an estimate."}},{"type":"Feature","geometry":{"type":"Point","coordinates":[-96.7986,33.09709]},"properties":{"plant_code":64889,"name":"WAL2883","county":"Collin","utility":"Walmart Stores Texas, LLC","balancing_authority":"ERCO","nameplate_mw":1.2,"max_grid_voltage_kv":0.48,"technologies":["Natural Gas Internal Combustion Engine"],"note":"Generation capacity + interconnected grid voltage, used as a proxy for nearby transmission density. NOT substation headroom (that data is CEII-restricted, 18 CFR 388.113, and not public) -- treat as an estimate."}},{"type":"Feature","geometry":{"type":"Point","coordinates":[-97.28653,32.89517]},"properties":{"plant_code":64890,"name":"WAL2980","county":"Tarrant","utility":"Walmart Stores Texas, LLC","balancing_authority":"ERCO","nameplate_mw":1.2,"max_grid_voltage_kv":0.48,"technologies":["Natural Gas Internal Combustion Engine"],"note":"Generation capacity + interconnected grid voltage, used as a proxy for nearby transmission density. NOT substation headroom (that data is CEII-restricted, 18 CFR 388.113, and not public) -- treat as an estimate."}},{"type":"Feature","geometry":{"type":"Point","coordinates":[-95.64464,29.61358]},"properties":{"plant_code":64891,"name":"WAL2993","county":"Fort Bend","utility":"Walmart Stores Texas, LLC","balancing_authority":"ERCO","nameplate_mw":1.2,"max_grid_voltage_kv":0.48,"technologies":["Natural Gas Internal Combustion Engine"],"note":"Generation capacity + interconnected grid voltage, used as a proxy for nearby transmission density. NOT substation headroom (that data is CEII-restricted, 18 CFR 388.113, and not public) -- treat as an estimate."}},{"type":"Feature","geometry":{"type":"Point","coordinates":[-98.20754,32.26246]},"properties":{"plant_code":64892,"name":"TPE Erath Solar, LLC","county":"Erath","utility":"Navisun LLC","balancing_authority":"ERCO","nameplate_mw":9.9,"max_grid_voltage_kv":24.9,"technologies":["Solar Photovoltaic"],"note":"Generation capacity + interconnected grid voltage, used as a proxy for nearby transmission density. NOT substation headroom (that data is CEII-restricted, 18 CFR 388.113, and not public) -- treat as an estimate."}},{"type":"Feature","geometry":{"type":"Point","coordinates":[-96.59803,32.84221]},"properties":{"plant_code":64893,"name":"WAL3224","county":"Dallas","utility":"Walmart Stores Texas, LLC","balancing_authority":"ERCO","nameplate_mw":1.2,"max_grid_voltage_kv":0.48,"technologies":["Natural Gas Internal Combustion Engine"],"note":"Generation capacity + interconnected grid voltage, used as a proxy for nearby transmission density. NOT substation headroom (that data is CEII-restricted, 18 CFR 388.113, and not public) -- treat as an estimate."}},{"type":"Feature","geometry":{"type":"Point","coordinates":[-95.80407,29.78398]},"properties":{"plant_code":64895,"name":"WAL3226","county":"Fort Bend","utility":"Walmart Stores Texas, LLC","balancing_authority":"ERCO","nameplate_mw":1.2,"max_grid_voltage_kv":0.48,"technologies":["Natural Gas Internal Combustion Engine"],"note":"Generation capacity + interconnected grid voltage, used as a proxy for nearby transmission density. NOT substation headroom (that data is CEII-restricted, 18 CFR 388.113, and not public) -- treat as an estimate."}},{"type":"Feature","geometry":{"type":"Point","coordinates":[-97.20925,32.66674]},"properties":{"plant_code":64896,"name":"WAL3284","county":"Tarrant","utility":"Walmart Stores Texas, LLC","balancing_authority":"ERCO","nameplate_mw":1.2,"max_grid_voltage_kv":0.48,"technologies":["Natural Gas Internal Combustion Engine"],"note":"Generation capacity + interconnected grid voltage, used as a proxy for nearby transmission density. NOT substation headroom (that data is CEII-restricted, 18 CFR 388.113, and not public) -- treat as an estimate."}},{"type":"Feature","geometry":{"type":"Point","coordinates":[-96.94691,32.59732]},"properties":{"plant_code":64897,"name":"WAL3285","county":"Dallas","utility":"Walmart Stores Texas, LLC","balancing_authority":"ERCO","nameplate_mw":1.2,"max_grid_voltage_kv":0.48,"technologies":["Natural Gas Internal Combustion Engine"],"note":"Generation capacity + interconnected grid voltage, used as a proxy for nearby transmission density. NOT substation headroom (that data is CEII-restricted, 18 CFR 388.113, and not public) -- treat as an estimate."}},{"type":"Feature","geometry":{"type":"Point","coordinates":[-95.60263,29.92057]},"properties":{"plant_code":64898,"name":"WAL3297","county":"Harris","utility":"Walmart Stores Texas, LLC","balancing_authority":"ERCO","nameplate_mw":1.2,"max_grid_voltage_kv":480,"technologies":["Natural Gas Internal Combustion Engine"],"note":"Generation capacity + interconnected grid voltage, used as a proxy for nearby transmission density. NOT substation headroom (that data is CEII-restricted, 18 CFR 388.113, and not public) -- treat as an estimate."}},{"type":"Feature","geometry":{"type":"Point","coordinates":[-95.01882,29.53517]},"properties":{"plant_code":64899,"name":"WAL3298","county":"Galveston","utility":"Walmart Stores Texas, LLC","balancing_authority":"ERCO","nameplate_mw":1.2,"max_grid_voltage_kv":0.48,"technologies":["Natural Gas Internal Combustion Engine"],"note":"Generation capacity + interconnected grid voltage, used as a proxy for nearby transmission density. NOT substation headroom (that data is CEII-restricted, 18 CFR 388.113, and not public) -- treat as an estimate."}},{"type":"Feature","geometry":{"type":"Point","coordinates":[-95.5614,29.67937]},"properties":{"plant_code":64900,"name":"WAL3302","county":"Harris","utility":"Walmart Stores Texas, LLC","balancing_authority":"ERCO","nameplate_mw":1.2,"max_grid_voltage_kv":0.48,"technologies":["Natural Gas Internal Combustion Engine"],"note":"Generation capacity + interconnected grid voltage, used as a proxy for nearby transmission density. NOT substation headroom (that data is CEII-restricted, 18 CFR 388.113, and not public) -- treat as an estimate."}},{"type":"Feature","geometry":{"type":"Point","coordinates":[-98.31586,26.26074]},"properties":{"plant_code":64901,"name":"WAL3320","county":"Hidalgo","utility":"Walmart Stores Texas, LLC","balancing_authority":"ERCO","nameplate_mw":1.2,"max_grid_voltage_kv":0.48,"technologies":["Natural Gas Internal Combustion Engine"],"note":"Generation capacity + interconnected grid voltage, used as a proxy for nearby transmission density. NOT substation headroom (that data is CEII-restricted, 18 CFR 388.113, and not public) -- treat as an estimate."}},{"type":"Feature","geometry":{"type":"Point","coordinates":[-95.58949,30.19028]},"properties":{"plant_code":64902,"name":"WAL3390","county":"Montgomery","utility":"Walmart Stores Texas, LLC","balancing_authority":"ERCO","nameplate_mw":1.2,"max_grid_voltage_kv":0.48,"technologies":["Natural Gas Internal Combustion Engine"],"note":"Generation capacity + interconnected grid voltage, used as a proxy for nearby transmission density. NOT substation headroom (that data is CEII-restricted, 18 CFR 388.113, and not public) -- treat as an estimate."}},{"type":"Feature","geometry":{"type":"Point","coordinates":[-103.36177,31.19728]},"properties":{"plant_code":64915,"name":"Flower Valley I","county":"Reeves","utility":"Flower Valley","balancing_authority":"ERCO","nameplate_mw":9.9,"max_grid_voltage_kv":25,"technologies":["Batteries"],"note":"Generation capacity + interconnected grid voltage, used as a proxy for nearby transmission density. NOT substation headroom (that data is CEII-restricted, 18 CFR 388.113, and not public) -- treat as an estimate."}},{"type":"Feature","geometry":{"type":"Point","coordinates":[-103.09624,31.45115]},"properties":{"plant_code":64916,"name":"Swoose I","county":"Ward","utility":"Swoose","balancing_authority":"ERCO","nameplate_mw":9.9,"max_grid_voltage_kv":25,"technologies":["Batteries"],"note":"Generation capacity + interconnected grid voltage, used as a proxy for nearby transmission density. NOT substation headroom (that data is CEII-restricted, 18 CFR 388.113, and not public) -- treat as an estimate."}},{"type":"Feature","geometry":{"type":"Point","coordinates":[-103.06786,30.75956]},"properties":{"plant_code":64917,"name":"Triple Butte I","county":"Pecos","utility":"Triple Butte","balancing_authority":"ERCO","nameplate_mw":7.5,"max_grid_voltage_kv":12.5,"technologies":["Batteries"],"note":"Generation capacity + interconnected grid voltage, used as a proxy for nearby transmission density. NOT substation headroom (that data is CEII-restricted, 18 CFR 388.113, and not public) -- treat as an estimate."}},{"type":"Feature","geometry":{"type":"Point","coordinates":[-96.81664,32.95905]},"properties":{"plant_code":64922,"name":"WAL3406","county":"Dallas","utility":"Walmart Stores Texas, LLC","balancing_authority":"ERCO","nameplate_mw":1.2,"max_grid_voltage_kv":0.48,"technologies":["Natural Gas Internal Combustion Engine"],"note":"Generation capacity + interconnected grid voltage, used as a proxy for nearby transmission density. NOT substation headroom (that data is CEII-restricted, 18 CFR 388.113, and not public) -- treat as an estimate."}},{"type":"Feature","geometry":{"type":"Point","coordinates":[-95.23743,29.63043]},"properties":{"plant_code":64923,"name":"WAL3425","county":"Harris","utility":"Walmart Stores Texas, LLC","balancing_authority":"ERCO","nameplate_mw":1.2,"max_grid_voltage_kv":0.48,"technologies":["Natural Gas Internal Combustion Engine"],"note":"Generation capacity + interconnected grid voltage, used as a proxy for nearby transmission density. NOT substation headroom (that data is CEII-restricted, 18 CFR 388.113, and not public) -- treat as an estimate."}},{"type":"Feature","geometry":{"type":"Point","coordinates":[-96.87984,32.59292]},"properties":{"plant_code":64924,"name":"WAL3432","county":"Dallas","utility":"Walmart Stores Texas, LLC","balancing_authority":"ERCO","nameplate_mw":1.2,"max_grid_voltage_kv":0.48,"technologies":["Natural Gas Internal Combustion Engine"],"note":"Generation capacity + interconnected grid voltage, used as a proxy for nearby transmission density. NOT substation headroom (that data is CEII-restricted, 18 CFR 388.113, and not public) -- treat as an estimate."}},{"type":"Feature","geometry":{"type":"Point","coordinates":[-95.1652,29.80599]},"properties":{"plant_code":64925,"name":"WAL3500","county":"Harris","utility":"Walmart Stores Texas, LLC","balancing_authority":"ERCO","nameplate_mw":1.2,"max_grid_voltage_kv":0.48,"technologies":["Natural Gas Internal Combustion Engine"],"note":"Generation capacity + interconnected grid voltage, used as a proxy for nearby transmission density. NOT substation headroom (that data is CEII-restricted, 18 CFR 388.113, and not public) -- treat as an estimate."}},{"type":"Feature","geometry":{"type":"Point","coordinates":[-95.23594,29.54598]},"properties":{"plant_code":64926,"name":"WAL3510","county":"Brazoria","utility":"Walmart Stores Texas, LLC","balancing_authority":"ERCO","nameplate_mw":1.3,"max_grid_voltage_kv":0.48,"technologies":["Natural Gas Internal Combustion Engine"],"note":"Generation capacity + interconnected grid voltage, used as a proxy for nearby transmission density. NOT substation headroom (that data is CEII-restricted, 18 CFR 388.113, and not public) -- treat as an estimate."}},{"type":"Feature","geometry":{"type":"Point","coordinates":[-96.276,29.122]},"properties":{"plant_code":64927,"name":"Aktina Solar","county":"Wharton","utility":"Hecate Energy Ramsey, LLC","balancing_authority":"ERCO","nameplate_mw":500.0,"max_grid_voltage_kv":345,"technologies":["Solar Photovoltaic"],"note":"Generation capacity + interconnected grid voltage, used as a proxy for nearby transmission density. NOT substation headroom (that data is CEII-restricted, 18 CFR 388.113, and not public) -- treat as an estimate."}},{"type":"Feature","geometry":{"type":"Point","coordinates":[-99.47182,27.61257]},"properties":{"plant_code":64933,"name":"WAL3518","county":"Webb","utility":"Walmart Stores Texas, LLC","balancing_authority":"ERCO","nameplate_mw":1.2,"max_grid_voltage_kv":0.48,"technologies":["Natural Gas Internal Combustion Engine"],"note":"Generation capacity + interconnected grid voltage, used as a proxy for nearby transmission density. NOT substation headroom (that data is CEII-restricted, 18 CFR 388.113, and not public) -- treat as an estimate."}},{"type":"Feature","geometry":{"type":"Point","coordinates":[-95.3829,29.55764]},"properties":{"plant_code":64934,"name":"WAL3572","county":"Brazoria","utility":"Walmart Stores Texas, LLC","balancing_authority":"ERCO","nameplate_mw":1.3,"max_grid_voltage_kv":0.48,"technologies":["Natural Gas Internal Combustion Engine"],"note":"Generation capacity + interconnected grid voltage, used as a proxy for nearby transmission density. NOT substation headroom (that data is CEII-restricted, 18 CFR 388.113, and not public) -- treat as an estimate."}},{"type":"Feature","geometry":{"type":"Point","coordinates":[-95.46539,29.72355]},"properties":{"plant_code":64935,"name":"WAL3584","county":"Harris","utility":"Walmart Stores Texas, LLC","balancing_authority":"ERCO","nameplate_mw":1.2,"max_grid_voltage_kv":0.48,"technologies":["Natural Gas Internal Combustion Engine"],"note":"Generation capacity + interconnected grid voltage, used as a proxy for nearby transmission density. NOT substation headroom (that data is CEII-restricted, 18 CFR 388.113, and not public) -- treat as an estimate."}},{"type":"Feature","geometry":{"type":"Point","coordinates":[-97.33851,32.57664]},"properties":{"plant_code":64936,"name":"WAL3631","county":"Tarrant","utility":"Walmart Stores Texas, LLC","balancing_authority":"ERCO","nameplate_mw":1.2,"max_grid_voltage_kv":0.48,"technologies":["Natural Gas Internal Combustion Engine"],"note":"Generation capacity + interconnected grid voltage, used as a proxy for nearby transmission density. NOT substation headroom (that data is CEII-restricted, 18 CFR 388.113, and not public) -- treat as an estimate."}},{"type":"Feature","geometry":{"type":"Point","coordinates":[-97.48377,32.76526]},"properties":{"plant_code":64937,"name":"WAL3773","county":"Tarrant","utility":"Walmart Stores Texas, LLC","balancing_authority":"ERCO","nameplate_mw":1.2,"max_grid_voltage_kv":0.48,"technologies":["Natural Gas Internal Combustion Engine"],"note":"Generation capacity + interconnected grid voltage, used as a proxy for nearby transmission density. NOT substation headroom (that data is CEII-restricted, 18 CFR 388.113, and not public) -- treat as an estimate."}},{"type":"Feature","geometry":{"type":"Point","coordinates":[-96.88399,33.17972]},"properties":{"plant_code":64938,"name":"WAL3777","county":"Denton","utility":"Walmart Stores Texas, LLC","balancing_authority":"ERCO","nameplate_mw":1.3,"max_grid_voltage_kv":0.48,"technologies":["Petroleum Liquids"],"note":"Generation capacity + interconnected grid voltage, used as a proxy for nearby transmission density. NOT substation headroom (that data is CEII-restricted, 18 CFR 388.113, and not public) -- treat as an estimate."}},{"type":"Feature","geometry":{"type":"Point","coordinates":[-95.77462,29.69014]},"properties":{"plant_code":64939,"name":"WAL3827","county":"Fort Bend","utility":"Walmart Stores Texas, LLC","balancing_authority":"ERCO","nameplate_mw":1.2,"max_grid_voltage_kv":0.48,"technologies":["Natural Gas Internal Combustion Engine"],"note":"Generation capacity + interconnected grid voltage, used as a proxy for nearby transmission density. NOT substation headroom (that data is CEII-restricted, 18 CFR 388.113, and not public) -- treat as an estimate."}},{"type":"Feature","geometry":{"type":"Point","coordinates":[-98.20455,26.2677]},"properties":{"plant_code":64940,"name":"WAL3886","county":"Hidalgo","utility":"Walmart Stores Texas, LLC","balancing_authority":"ERCO","nameplate_mw":1.2,"max_grid_voltage_kv":0.48,"technologies":["Natural Gas Internal Combustion Engine"],"note":"Generation capacity + interconnected grid voltage, used as a proxy for nearby transmission density. NOT substation headroom (that data is CEII-restricted, 18 CFR 388.113, and not public) -- treat as an estimate."}},{"type":"Feature","geometry":{"type":"Point","coordinates":[-97.00617,32.48586]},"properties":{"plant_code":64941,"name":"WAL4279","county":"Ellis","utility":"Walmart Stores Texas, LLC","balancing_authority":"ERCO","nameplate_mw":0.0,"max_grid_voltage_kv":0.48,"technologies":[],"note":"Generation capacity + interconnected grid voltage, used as a proxy for nearby transmission density. NOT substation headroom (that data is CEII-restricted, 18 CFR 388.113, and not public) -- treat as an estimate."}},{"type":"Feature","geometry":{"type":"Point","coordinates":[-95.25261,29.93633]},"properties":{"plant_code":64942,"name":"WAL4298","county":"Harris","utility":"Walmart Stores Texas, LLC","balancing_authority":"ERCO","nameplate_mw":1.2,"max_grid_voltage_kv":0.48,"technologies":["Natural Gas Internal Combustion Engine"],"note":"Generation capacity + interconnected grid voltage, used as a proxy for nearby transmission density. NOT substation headroom (that data is CEII-restricted, 18 CFR 388.113, and not public) -- treat as an estimate."}},{"type":"Feature","geometry":{"type":"Point","coordinates":[-97.46773,32.67783]},"properties":{"plant_code":64943,"name":"WAL4509","county":"Tarrant","utility":"Walmart Stores Texas, LLC","balancing_authority":"ERCO","nameplate_mw":1.2,"max_grid_voltage_kv":0.48,"technologies":["Natural Gas Internal Combustion Engine"],"note":"Generation capacity + interconnected grid voltage, used as a proxy for nearby transmission density. NOT substation headroom (that data is CEII-restricted, 18 CFR 388.113, and not public) -- treat as an estimate."}},{"type":"Feature","geometry":{"type":"Point","coordinates":[-95.76796,29.8182]},"properties":{"plant_code":64944,"name":"WAL4512","county":"Harris","utility":"Walmart Stores Texas, LLC","balancing_authority":"ERCO","nameplate_mw":1.2,"max_grid_voltage_kv":0.48,"technologies":["Natural Gas Internal Combustion Engine"],"note":"Generation capacity + interconnected grid voltage, used as a proxy for nearby transmission density. NOT substation headroom (that data is CEII-restricted, 18 CFR 388.113, and not public) -- treat as an estimate."}},{"type":"Feature","geometry":{"type":"Point","coordinates":[-95.37727,29.82983]},"properties":{"plant_code":64945,"name":"WAL4526","county":"Harris","utility":"Walmart Stores Texas, LLC","balancing_authority":"ERCO","nameplate_mw":1.2,"max_grid_voltage_kv":0.48,"technologies":["Natural Gas Internal Combustion Engine"],"note":"Generation capacity + interconnected grid voltage, used as a proxy for nearby transmission density. NOT substation headroom (that data is CEII-restricted, 18 CFR 388.113, and not public) -- treat as an estimate."}},{"type":"Feature","geometry":{"type":"Point","coordinates":[-95.72045,29.80366]},"properties":{"plant_code":64946,"name":"WAL4538","county":"Harris","utility":"Walmart Stores Texas, LLC","balancing_authority":"ERCO","nameplate_mw":1.2,"max_grid_voltage_kv":0.48,"technologies":["Natural Gas Internal Combustion Engine"],"note":"Generation capacity + interconnected grid voltage, used as a proxy for nearby transmission density. NOT substation headroom (that data is CEII-restricted, 18 CFR 388.113, and not public) -- treat as an estimate."}},{"type":"Feature","geometry":{"type":"Point","coordinates":[-95.59499,30.01428]},"properties":{"plant_code":64947,"name":"WAL5045","county":"Harris","utility":"Walmart Stores Texas, LLC","balancing_authority":"ERCO","nameplate_mw":1.2,"max_grid_voltage_kv":0.48,"technologies":["Natural Gas Internal Combustion Engine"],"note":"Generation capacity + interconnected grid voltage, used as a proxy for nearby transmission density. NOT substation headroom (that data is CEII-restricted, 18 CFR 388.113, and not public) -- treat as an estimate."}},{"type":"Feature","geometry":{"type":"Point","coordinates":[-97.18405,32.84794]},"properties":{"plant_code":64948,"name":"WAL5080","county":"Tarrant","utility":"Walmart Stores Texas, LLC","balancing_authority":"ERCO","nameplate_mw":1.2,"max_grid_voltage_kv":0.48,"technologies":["Natural Gas Internal Combustion Engine"],"note":"Generation capacity + interconnected grid voltage, used as a proxy for nearby transmission density. NOT substation headroom (that data is CEII-restricted, 18 CFR 388.113, and not public) -- treat as an estimate."}},{"type":"Feature","geometry":{"type":"Point","coordinates":[-95.69734,29.976]},"properties":{"plant_code":64949,"name":"WAL5091","county":"Harris","utility":"Walmart Stores Texas, LLC","balancing_authority":"ERCO","nameplate_mw":1.2,"max_grid_voltage_kv":0.48,"technologies":["Natural Gas Internal Combustion Engine"],"note":"Generation capacity + interconnected grid voltage, used as a proxy for nearby transmission density. NOT substation headroom (that data is CEII-restricted, 18 CFR 388.113, and not public) -- treat as an estimate."}},{"type":"Feature","geometry":{"type":"Point","coordinates":[-95.0983,29.66429]},"properties":{"plant_code":64950,"name":"WAL5116","county":"Harris","utility":"Walmart Stores Texas, LLC","balancing_authority":"ERCO","nameplate_mw":1.2,"max_grid_voltage_kv":0.48,"technologies":["Natural Gas Internal Combustion Engine"],"note":"Generation capacity + interconnected grid voltage, used as a proxy for nearby transmission density. NOT substation headroom (that data is CEII-restricted, 18 CFR 388.113, and not public) -- treat as an estimate."}},{"type":"Feature","geometry":{"type":"Point","coordinates":[-98.12831,26.19178]},"properties":{"plant_code":64951,"name":"WAL5165","county":"Hidalgo","utility":"Walmart Stores Texas, LLC","balancing_authority":"ERCO","nameplate_mw":1.2,"max_grid_voltage_kv":0.48,"technologies":["Natural Gas Internal Combustion Engine"],"note":"Generation capacity + interconnected grid voltage, used as a proxy for nearby transmission density. NOT substation headroom (that data is CEII-restricted, 18 CFR 388.113, and not public) -- treat as an estimate."}},{"type":"Feature","geometry":{"type":"Point","coordinates":[-96.68269,33.15631]},"properties":{"plant_code":64952,"name":"WAL5211","county":"Collin","utility":"Walmart Stores Texas, LLC","balancing_authority":"ERCO","nameplate_mw":1.3,"max_grid_voltage_kv":0.48,"technologies":["Petroleum Liquids"],"note":"Generation capacity + interconnected grid voltage, used as a proxy for nearby transmission density. NOT substation headroom (that data is CEII-restricted, 18 CFR 388.113, and not public) -- treat as an estimate."}},{"type":"Feature","geometry":{"type":"Point","coordinates":[-95.51277,30.07731]},"properties":{"plant_code":64953,"name":"WAL5287","county":"Harris","utility":"Walmart Stores Texas, LLC","balancing_authority":"ERCO","nameplate_mw":1.2,"max_grid_voltage_kv":0.48,"technologies":["Natural Gas Internal Combustion Engine"],"note":"Generation capacity + interconnected grid voltage, used as a proxy for nearby transmission density. NOT substation headroom (that data is CEII-restricted, 18 CFR 388.113, and not public) -- treat as an estimate."}},{"type":"Feature","geometry":{"type":"Point","coordinates":[-96.7357,33.21684]},"properties":{"plant_code":64954,"name":"WAL5311","county":"Collin","utility":"Walmart Stores Texas, LLC","balancing_authority":"ERCO","nameplate_mw":1.3,"max_grid_voltage_kv":0.48,"technologies":["Petroleum Liquids"],"note":"Generation capacity + interconnected grid voltage, used as a proxy for nearby transmission density. NOT substation headroom (that data is CEII-restricted, 18 CFR 388.113, and not public) -- treat as an estimate."}},{"type":"Feature","geometry":{"type":"Point","coordinates":[-97.2918,32.77464]},"properties":{"plant_code":64955,"name":"WAL5312","county":"Tarrant","utility":"Walmart Stores Texas, LLC","balancing_authority":"ERCO","nameplate_mw":1.2,"max_grid_voltage_kv":0.48,"technologies":["Natural Gas Internal Combustion Engine"],"note":"Generation capacity + interconnected grid voltage, used as a proxy for nearby transmission density. NOT substation headroom (that data is CEII-restricted, 18 CFR 388.113, and not public) -- treat as an estimate."}},{"type":"Feature","geometry":{"type":"Point","coordinates":[-97.38759,32.88211]},"properties":{"plant_code":64956,"name":"WAL5316","county":"Tarrant","utility":"Walmart Stores Texas, LLC","balancing_authority":"ERCO","nameplate_mw":1.2,"max_grid_voltage_kv":0.48,"technologies":["Natural Gas Internal Combustion Engine"],"note":"Generation capacity + interconnected grid voltage, used as a proxy for nearby transmission density. NOT substation headroom (that data is CEII-restricted, 18 CFR 388.113, and not public) -- treat as an estimate."}},{"type":"Feature","geometry":{"type":"Point","coordinates":[-95.08964,29.47015]},"properties":{"plant_code":64957,"name":"WAL5388","county":"Galveston","utility":"Walmart Stores Texas, LLC","balancing_authority":"ERCO","nameplate_mw":1.3,"max_grid_voltage_kv":0.48,"technologies":["Natural Gas Internal Combustion Engine"],"note":"Generation capacity + interconnected grid voltage, used as a proxy for nearby transmission density. NOT substation headroom (that data is CEII-restricted, 18 CFR 388.113, and not public) -- treat as an estimate."}},{"type":"Feature","geometry":{"type":"Point","coordinates":[-97.60604,30.45312]},"properties":{"plant_code":64958,"name":"WAL5479","county":"Travis","utility":"Walmart Stores Texas, LLC","balancing_authority":"ERCO","nameplate_mw":1.2,"max_grid_voltage_kv":0.48,"technologies":["Natural Gas Internal Combustion Engine"],"note":"Generation capacity + interconnected grid voltage, used as a proxy for nearby transmission density. NOT substation headroom (that data is CEII-restricted, 18 CFR 388.113, and not public) -- treat as an estimate."}},{"type":"Feature","geometry":{"type":"Point","coordinates":[-97.61201,30.53366]},"properties":{"plant_code":64959,"name":"WAL5480","county":"Williamson","utility":"Walmart Stores Texas, LLC","balancing_authority":"ERCO","nameplate_mw":1.2,"max_grid_voltage_kv":0.48,"technologies":["Natural Gas Internal Combustion Engine"],"note":"Generation capacity + interconnected grid voltage, used as a proxy for nearby transmission density. NOT substation headroom (that data is CEII-restricted, 18 CFR 388.113, and not public) -- treat as an estimate."}},{"type":"Feature","geometry":{"type":"Point","coordinates":[-95.31303,29.71607]},"properties":{"plant_code":64960,"name":"WAL5612","county":"Harris","utility":"Walmart Stores Texas, LLC","balancing_authority":"ERCO","nameplate_mw":1.2,"max_grid_voltage_kv":0.48,"technologies":["Natural Gas Internal Combustion Engine"],"note":"Generation capacity + interconnected grid voltage, used as a proxy for nearby transmission density. NOT substation headroom (that data is CEII-restricted, 18 CFR 388.113, and not public) -- treat as an estimate."}},{"type":"Feature","geometry":{"type":"Point","coordinates":[-99.46222,27.61064]},"properties":{"plant_code":64961,"name":"WAL5713","county":"Webb","utility":"Walmart Stores Texas, LLC","balancing_authority":"ERCO","nameplate_mw":1.2,"max_grid_voltage_kv":0.48,"technologies":["Natural Gas Internal Combustion Engine"],"note":"Generation capacity + interconnected grid voltage, used as a proxy for nearby transmission density. NOT substation headroom (that data is CEII-restricted, 18 CFR 388.113, and not public) -- treat as an estimate."}},{"type":"Feature","geometry":{"type":"Point","coordinates":[-97.41198,32.96734]},"properties":{"plant_code":64962,"name":"WAL5764","county":"Tarrant","utility":"Walmart Stores Texas, LLC","balancing_authority":"ERCO","nameplate_mw":1.2,"max_grid_voltage_kv":0.48,"technologies":["Natural Gas Internal Combustion Engine"],"note":"Generation capacity + interconnected grid voltage, used as a proxy for nearby transmission density. NOT substation headroom (that data is CEII-restricted, 18 CFR 388.113, and not public) -- treat as an estimate."}},{"type":"Feature","geometry":{"type":"Point","coordinates":[-97.41444,31.11497]},"properties":{"plant_code":64963,"name":"WAL6929","county":"Bell","utility":"Walmart Stores Texas, LLC","balancing_authority":"ERCO","nameplate_mw":1.2,"max_grid_voltage_kv":0.48,"technologies":["Natural Gas Internal Combustion Engine"],"note":"Generation capacity + interconnected grid voltage, used as a proxy for nearby transmission density. NOT substation headroom (that data is CEII-restricted, 18 CFR 388.113, and not public) -- treat as an estimate."}},{"type":"Feature","geometry":{"type":"Point","coordinates":[-96.221,31.05001]},"properties":{"plant_code":64981,"name":"Pecan Prairie South Solar","county":"Leon","utility":"Repsol Renewables NA","balancing_authority":"ERCO","nameplate_mw":0.0,"max_grid_voltage_kv":345,"technologies":[],"note":"Generation capacity + interconnected grid voltage, used as a proxy for nearby transmission density. NOT substation headroom (that data is CEII-restricted, 18 CFR 388.113, and not public) -- treat as an estimate."}},{"type":"Feature","geometry":{"type":"Point","coordinates":[-96.26925,31.13718]},"properties":{"plant_code":64999,"name":"Pecan Prairie North Solar","county":"Leon","utility":"Repsol Renewables NA","balancing_authority":"ERCO","nameplate_mw":0.0,"max_grid_voltage_kv":345,"technologies":[],"note":"Generation capacity + interconnected grid voltage, used as a proxy for nearby transmission density. NOT substation headroom (that data is CEII-restricted, 18 CFR 388.113, and not public) -- treat as an estimate."}},{"type":"Feature","geometry":{"type":"Point","coordinates":[-95.95846,28.98246]},"properties":{"plant_code":65026,"name":"HEB00292","county":"Matagorda","utility":"Texas Microgrid, LLC","balancing_authority":"ERCO","nameplate_mw":1.2,"max_grid_voltage_kv":138,"technologies":["Natural Gas Internal Combustion Engine"],"note":"Generation capacity + interconnected grid voltage, used as a proxy for nearby transmission density. NOT substation headroom (that data is CEII-restricted, 18 CFR 388.113, and not public) -- treat as an estimate."}},{"type":"Feature","geometry":{"type":"Point","coordinates":[-96.82493,31.46124]},"properties":{"plant_code":65028,"name":"Roseland Solar Project, LLC","county":"Falls","utility":"Enel Green Power Roseland Solar, LLC","balancing_authority":"ERCO","nameplate_mw":51.8,"max_grid_voltage_kv":345,"technologies":["Batteries"],"note":"Generation capacity + interconnected grid voltage, used as a proxy for nearby transmission density. NOT substation headroom (that data is CEII-restricted, 18 CFR 388.113, and not public) -- treat as an estimate."}},{"type":"Feature","geometry":{"type":"Point","coordinates":[-96.08825,29.45527]},"properties":{"plant_code":65034,"name":"Bernard Creek Solar","county":"Wharton","utility":"Bernard Creek Solar, LLC","balancing_authority":"ERCO","nameplate_mw":230.0,"max_grid_voltage_kv":138,"technologies":["Solar Photovoltaic"],"note":"Generation capacity + interconnected grid voltage, used as a proxy for nearby transmission density. NOT substation headroom (that data is CEII-restricted, 18 CFR 388.113, and not public) -- treat as an estimate."}},{"type":"Feature","geometry":{"type":"Point","coordinates":[-96.8282,31.77471]},"properties":{"plant_code":65048,"name":"Hubbard Wind","county":"Limestone","utility":"Hubbard Wind LLC","balancing_authority":"ERCO","nameplate_mw":300.0,"max_grid_voltage_kv":345,"technologies":["Onshore Wind Turbine"],"note":"Generation capacity + interconnected grid voltage, used as a proxy for nearby transmission density. NOT substation headroom (that data is CEII-restricted, 18 CFR 388.113, and not public) -- treat as an estimate."}},{"type":"Feature","geometry":{"type":"Point","coordinates":[-97.61968,30.22021]},"properties":{"plant_code":65070,"name":"Austin TX GigaFactory","county":"Travis","utility":"Tesla Inc.","balancing_authority":"ERCO","nameplate_mw":5.4,"max_grid_voltage_kv":24.9,"technologies":["Solar Photovoltaic"],"note":"Generation capacity + interconnected grid voltage, used as a proxy for nearby transmission density. NOT substation headroom (that data is CEII-restricted, 18 CFR 388.113, and not public) -- treat as an estimate."}},{"type":"Feature","geometry":{"type":"Point","coordinates":[-101.29894,31.72991]},"properties":{"plant_code":65162,"name":"Lacy Creek Wind Energy Center","county":"Sterling","utility":"Lacy Creek Wind, LLC","balancing_authority":"ERCO","nameplate_mw":301.3,"max_grid_voltage_kv":345,"technologies":["Onshore Wind Turbine"],"note":"Generation capacity + interconnected grid voltage, used as a proxy for nearby transmission density. NOT substation headroom (that data is CEII-restricted, 18 CFR 388.113, and not public) -- treat as an estimate."}},{"type":"Feature","geometry":{"type":"Point","coordinates":[-95.686,29.056]},"properties":{"plant_code":65259,"name":"Byrd Ranch Storage","county":"Brazoria","utility":"Byrd Ranch Storage LLC","balancing_authority":"ERCO","nameplate_mw":50.0,"max_grid_voltage_kv":138,"technologies":["Batteries"],"note":"Generation capacity + interconnected grid voltage, used as a proxy for nearby transmission density. NOT substation headroom (that data is CEII-restricted, 18 CFR 388.113, and not public) -- treat as an estimate."}},{"type":"Feature","geometry":{"type":"Point","coordinates":[-95.74444,29.9925]},"properties":{"plant_code":65261,"name":"HEB00020","county":"Harris","utility":"Texas Microgrid, LLC","balancing_authority":"ERCO","nameplate_mw":1.2,"max_grid_voltage_kv":138,"technologies":["Natural Gas Internal Combustion Engine"],"note":"Generation capacity + interconnected grid voltage, used as a proxy for nearby transmission density. NOT substation headroom (that data is CEII-restricted, 18 CFR 388.113, and not public) -- treat as an estimate."}},{"type":"Feature","geometry":{"type":"Point","coordinates":[-95.09527,29.4661]},"properties":{"plant_code":65262,"name":"HEB00028","county":"Galveston","utility":"Texas Microgrid, LLC","balancing_authority":"ERCO","nameplate_mw":1.2,"max_grid_voltage_kv":138,"technologies":["Natural Gas Internal Combustion Engine"],"note":"Generation capacity + interconnected grid voltage, used as a proxy for nearby transmission density. NOT substation headroom (that data is CEII-restricted, 18 CFR 388.113, and not public) -- treat as an estimate."}},{"type":"Feature","geometry":{"type":"Point","coordinates":[-98.16467,26.20265]},"properties":{"plant_code":65263,"name":"HEB00038","county":"Hidalgo","utility":"Texas Microgrid, LLC","balancing_authority":"ERCO","nameplate_mw":1.2,"max_grid_voltage_kv":138,"technologies":["Natural Gas Internal Combustion Engine"],"note":"Generation capacity + interconnected grid voltage, used as a proxy for nearby transmission density. NOT substation headroom (that data is CEII-restricted, 18 CFR 388.113, and not public) -- treat as an estimate."}},{"type":"Feature","geometry":{"type":"Point","coordinates":[-95.25024,29.60165]},"properties":{"plant_code":65264,"name":"HEB00054","county":"Harris","utility":"Texas Microgrid, LLC","balancing_authority":"ERCO","nameplate_mw":1.2,"max_grid_voltage_kv":138,"technologies":["Natural Gas Internal Combustion Engine"],"note":"Generation capacity + interconnected grid voltage, used as a proxy for nearby transmission density. NOT substation headroom (that data is CEII-restricted, 18 CFR 388.113, and not public) -- treat as an estimate."}},{"type":"Feature","geometry":{"type":"Point","coordinates":[-97.28064,27.66505]},"properties":{"plant_code":65265,"name":"HEB00057","county":"Nueces","utility":"Texas Microgrid, LLC","balancing_authority":"ERCO","nameplate_mw":1.2,"max_grid_voltage_kv":138,"technologies":["Natural Gas Internal Combustion Engine"],"note":"Generation capacity + interconnected grid voltage, used as a proxy for nearby transmission density. NOT substation headroom (that data is CEII-restricted, 18 CFR 388.113, and not public) -- treat as an estimate."}},{"type":"Feature","geometry":{"type":"Point","coordinates":[-99.75832,32.43332]},"properties":{"plant_code":65266,"name":"HEB00070","county":"Taylor","utility":"Texas Microgrid, LLC","balancing_authority":"ERCO","nameplate_mw":1.2,"max_grid_voltage_kv":138,"technologies":["Natural Gas Internal Combustion Engine"],"note":"Generation capacity + interconnected grid voltage, used as a proxy for nearby transmission density. NOT substation headroom (that data is CEII-restricted, 18 CFR 388.113, and not public) -- treat as an estimate."}},{"type":"Feature","geometry":{"type":"Point","coordinates":[-95.5766,29.99533]},"properties":{"plant_code":65267,"name":"HEB00099","county":"Harris","utility":"Texas Microgrid, LLC","balancing_authority":"ERCO","nameplate_mw":1.2,"max_grid_voltage_kv":138,"technologies":["Natural Gas Internal Combustion Engine"],"note":"Generation capacity + interconnected grid voltage, used as a proxy for nearby transmission density. NOT substation headroom (that data is CEII-restricted, 18 CFR 388.113, and not public) -- treat as an estimate."}},{"type":"Feature","geometry":{"type":"Point","coordinates":[-95.5394,29.78616]},"properties":{"plant_code":65268,"name":"HEB00109","county":"Harris","utility":"Texas Microgrid, LLC","balancing_authority":"ERCO","nameplate_mw":1.2,"max_grid_voltage_kv":138,"technologies":["Natural Gas Internal Combustion Engine"],"note":"Generation capacity + interconnected grid voltage, used as a proxy for nearby transmission density. NOT substation headroom (that data is CEII-restricted, 18 CFR 388.113, and not public) -- treat as an estimate."}},{"type":"Feature","geometry":{"type":"Point","coordinates":[-95.53628,29.53658]},"properties":{"plant_code":65269,"name":"HEB00110","county":"Fort Bend","utility":"Texas Microgrid, LLC","balancing_authority":"ERCO","nameplate_mw":1.2,"max_grid_voltage_kv":138,"technologies":["Natural Gas Internal Combustion Engine"],"note":"Generation capacity + interconnected grid voltage, used as a proxy for nearby transmission density. NOT substation headroom (that data is CEII-restricted, 18 CFR 388.113, and not public) -- treat as an estimate."}},{"type":"Feature","geometry":{"type":"Point","coordinates":[-97.23806,33.2615]},"properties":{"plant_code":65271,"name":"Noble Solar","county":"Denton","utility":"Geronimo Power","balancing_authority":"ERCO","nameplate_mw":400.0,"max_grid_voltage_kv":345,"technologies":["Batteries","Solar Photovoltaic"],"note":"Generation capacity + interconnected grid voltage, used as a proxy for nearby transmission density. NOT substation headroom (that data is CEII-restricted, 18 CFR 388.113, and not public) -- treat as an estimate."}},{"type":"Feature","geometry":{"type":"Point","coordinates":[-97.3709,31.07212]},"properties":{"plant_code":65274,"name":"HEB00182","county":"Bell","utility":"Texas Microgrid, LLC","balancing_authority":"ERCO","nameplate_mw":1.2,"max_grid_voltage_kv":138,"technologies":["Natural Gas Internal Combustion Engine"],"note":"Generation capacity + interconnected grid voltage, used as a proxy for nearby transmission density. NOT substation headroom (that data is CEII-restricted, 18 CFR 388.113, and not public) -- treat as an estimate."}},{"type":"Feature","geometry":{"type":"Point","coordinates":[-97.01498,31.86976]},"properties":{"plant_code":65303,"name":"Sun Valley Solar Project","county":"Hill","utility":"Sun Valley Solar LLC","balancing_authority":"ERCO","nameplate_mw":250.0,"max_grid_voltage_kv":345,"technologies":["Solar Photovoltaic"],"note":"Generation capacity + interconnected grid voltage, used as a proxy for nearby transmission density. NOT substation headroom (that data is CEII-restricted, 18 CFR 388.113, and not public) -- treat as an estimate."}},{"type":"Feature","geometry":{"type":"Point","coordinates":[-96.62446,31.85346]},"properties":{"plant_code":65306,"name":"Limestone Wind Project","county":"Navarro","utility":"Limestone Wind Project, LLC","balancing_authority":"ERCO","nameplate_mw":299.2,"max_grid_voltage_kv":345,"technologies":["Onshore Wind Turbine"],"note":"Generation capacity + interconnected grid voltage, used as a proxy for nearby transmission density. NOT substation headroom (that data is CEII-restricted, 18 CFR 388.113, and not public) -- treat as an estimate."}},{"type":"Feature","geometry":{"type":"Point","coordinates":[-99.10765,28.9377]},"properties":{"plant_code":65308,"name":"Horizon Solar","county":"Frio","utility":"Leeward Asset Management, LLC","balancing_authority":"ERCO","nameplate_mw":200.0,"max_grid_voltage_kv":138,"technologies":["Solar Photovoltaic"],"note":"Generation capacity + interconnected grid voltage, used as a proxy for nearby transmission density. NOT substation headroom (that data is CEII-restricted, 18 CFR 388.113, and not public) -- treat as an estimate."}},{"type":"Feature","geometry":{"type":"Point","coordinates":[-102.2706,34.913]},"properties":{"plant_code":65310,"name":"Renegade Solar Project (Dawn)","county":"Deaf Smith","utility":"Renegade Renewables, LLC","balancing_authority":"ERCO","nameplate_mw":0.0,"max_grid_voltage_kv":345,"technologies":[],"note":"Generation capacity + interconnected grid voltage, used as a proxy for nearby transmission density. NOT substation headroom (that data is CEII-restricted, 18 CFR 388.113, and not public) -- treat as an estimate."}},{"type":"Feature","geometry":{"type":"Point","coordinates":[-99.75582,28.44208]},"properties":{"plant_code":65333,"name":"Shakes Solar","county":"Dimmit","utility":"Cypress Creek Renewables","balancing_authority":"ERCO","nameplate_mw":200.0,"max_grid_voltage_kv":138,"technologies":["Solar Photovoltaic"],"note":"Generation capacity + interconnected grid voltage, used as a proxy for nearby transmission density. NOT substation headroom (that data is CEII-restricted, 18 CFR 388.113, and not public) -- treat as an estimate."}},{"type":"Feature","geometry":{"type":"Point","coordinates":[-101.8316,31.15727]},"properties":{"plant_code":65335,"name":"Appaloosa Run Wind","county":"Upton","utility":"Appaloosa Run Wind, LLC","balancing_authority":"ERCO","nameplate_mw":171.8,"max_grid_voltage_kv":138,"technologies":["Onshore Wind Turbine"],"note":"Generation capacity + interconnected grid voltage, used as a proxy for nearby transmission density. NOT substation headroom (that data is CEII-restricted, 18 CFR 388.113, and not public) -- treat as an estimate."}},{"type":"Feature","geometry":{"type":"Point","coordinates":[-97.67528,27.55335]},"properties":{"plant_code":65344,"name":"Noria Hondo Solar (Hybrid)","county":"Kleberg","utility":"Nexus Renewable Power, LLC","balancing_authority":"ERCO","nameplate_mw":0.0,"max_grid_voltage_kv":345,"technologies":[],"note":"Generation capacity + interconnected grid voltage, used as a proxy for nearby transmission density. NOT substation headroom (that data is CEII-restricted, 18 CFR 388.113, and not public) -- treat as an estimate."}},{"type":"Feature","geometry":{"type":"Point","coordinates":[-95.43076,29.22711]},"properties":{"plant_code":65372,"name":"Mark One Power Station","county":"Brazoria","utility":"City of San Antonio - (TX)","balancing_authority":"ERCO","nameplate_mw":484.0,"max_grid_voltage_kv":138,"technologies":["Natural Gas Fired Combustion Turbine"],"note":"Generation capacity + interconnected grid voltage, used as a proxy for nearby transmission density. NOT substation headroom (that data is CEII-restricted, 18 CFR 388.113, and not public) -- treat as an estimate."}},{"type":"Feature","geometry":{"type":"Point","coordinates":[-95.43507,29.36413]},"properties":{"plant_code":65373,"name":"Brotman Power Station","county":"Brazoria","utility":"ProEnergy Services","balancing_authority":"ERCO","nameplate_mw":484.0,"max_grid_voltage_kv":138,"technologies":["Natural Gas Fired Combustion Turbine"],"note":"Generation capacity + interconnected grid voltage, used as a proxy for nearby transmission density. NOT substation headroom (that data is CEII-restricted, 18 CFR 388.113, and not public) -- treat as an estimate."}},{"type":"Feature","geometry":{"type":"Point","coordinates":[-96.07591,33.00431]},"properties":{"plant_code":65410,"name":"Cunningham Storage","county":"Hunt","utility":"Acciona Energy USA Global, LLC","balancing_authority":"ERCO","nameplate_mw":190.0,"max_grid_voltage_kv":138,"technologies":["Batteries"],"note":"Generation capacity + interconnected grid voltage, used as a proxy for nearby transmission density. NOT substation headroom (that data is CEII-restricted, 18 CFR 388.113, and not public) -- treat as an estimate."}},{"type":"Feature","geometry":{"type":"Point","coordinates":[-101.9714,34.48516]},"properties":{"plant_code":65463,"name":"Hornet Solar (TX)","county":"Swisher","utility":"Vesper Energy Development LLC","balancing_authority":"ERCO","nameplate_mw":600.0,"max_grid_voltage_kv":345,"technologies":["Solar Photovoltaic"],"note":"Generation capacity + interconnected grid voltage, used as a proxy for nearby transmission density. NOT substation headroom (that data is CEII-restricted, 18 CFR 388.113, and not public) -- treat as an estimate."}},{"type":"Feature","geometry":{"type":"Point","coordinates":[-95.47908,31.37736]},"properties":{"plant_code":65488,"name":"Crockett","county":"Houston","utility":"Engie North America","balancing_authority":"ERCO","nameplate_mw":0.0,"max_grid_voltage_kv":12.45,"technologies":[],"note":"Generation capacity + interconnected grid voltage, used as a proxy for nearby transmission density. NOT substation headroom (that data is CEII-restricted, 18 CFR 388.113, and not public) -- treat as an estimate."}},{"type":"Feature","geometry":{"type":"Point","coordinates":[-100.88323,33.78108]},"properties":{"plant_code":65489,"name":"Dickens","county":"Dickens","utility":"Engie North America","balancing_authority":"ERCO","nameplate_mw":200.0,"max_grid_voltage_kv":345,"technologies":["Batteries"],"note":"Generation capacity + interconnected grid voltage, used as a proxy for nearby transmission density. NOT substation headroom (that data is CEII-restricted, 18 CFR 388.113, and not public) -- treat as an estimate."}},{"type":"Feature","geometry":{"type":"Point","coordinates":[-102.28947,30.99291]},"properties":{"plant_code":65490,"name":"Hydra","county":"Pecos","utility":"Engie North America","balancing_authority":"ERCO","nameplate_mw":200.0,"max_grid_voltage_kv":345,"technologies":["Batteries"],"note":"Generation capacity + interconnected grid voltage, used as a proxy for nearby transmission density. NOT substation headroom (that data is CEII-restricted, 18 CFR 388.113, and not public) -- treat as an estimate."}},{"type":"Feature","geometry":{"type":"Point","coordinates":[-101.80158,33.88946]},"properties":{"plant_code":65491,"name":"Paleo","county":"Hale","utility":"Engie North America","balancing_authority":"ERCO","nameplate_mw":200.0,"max_grid_voltage_kv":345,"technologies":["Batteries"],"note":"Generation capacity + interconnected grid voltage, used as a proxy for nearby transmission density. NOT substation headroom (that data is CEII-restricted, 18 CFR 388.113, and not public) -- treat as an estimate."}},{"type":"Feature","geometry":{"type":"Point","coordinates":[-102.42261,30.88512]},"properties":{"plant_code":65492,"name":"Pavo","county":"Pecos","utility":"Engie North America","balancing_authority":"ERCO","nameplate_mw":175.0,"max_grid_voltage_kv":138,"technologies":["Batteries"],"note":"Generation capacity + interconnected grid voltage, used as a proxy for nearby transmission density. NOT substation headroom (that data is CEII-restricted, 18 CFR 388.113, and not public) -- treat as an estimate."}},{"type":"Feature","geometry":{"type":"Point","coordinates":[-95.2507,29.43236]},"properties":{"plant_code":65493,"name":"Tortolas","county":"Brazoria","utility":"Engie North America","balancing_authority":"ERCO","nameplate_mw":50.0,"max_grid_voltage_kv":138,"technologies":["Batteries"],"note":"Generation capacity + interconnected grid voltage, used as a proxy for nearby transmission density. NOT substation headroom (that data is CEII-restricted, 18 CFR 388.113, and not public) -- treat as an estimate."}},{"type":"Feature","geometry":{"type":"Point","coordinates":[-95.29861,29.28981]},"properties":{"plant_code":65521,"name":"Longbow Solar, LLC","county":"Brazoria","utility":"Headwater Energy, LLC","balancing_authority":"ERCO","nameplate_mw":78.1,"max_grid_voltage_kv":138,"technologies":["Solar Photovoltaic"],"note":"Generation capacity + interconnected grid voltage, used as a proxy for nearby transmission density. NOT substation headroom (that data is CEII-restricted, 18 CFR 388.113, and not public) -- treat as an estimate."}},{"type":"Feature","geometry":{"type":"Point","coordinates":[-102.54,32.29595]},"properties":{"plant_code":65535,"name":"Bakke","county":"Andrews","utility":"Power Depot Group A, LLC","balancing_authority":"ERCO","nameplate_mw":9.0,"max_grid_voltage_kv":138,"technologies":["Petroleum Liquids"],"note":"Generation capacity + interconnected grid voltage, used as a proxy for nearby transmission density. NOT substation headroom (that data is CEII-restricted, 18 CFR 388.113, and not public) -- treat as an estimate."}},{"type":"Feature","geometry":{"type":"Point","coordinates":[-98.35174,26.321]},"properties":{"plant_code":65536,"name":"Citrus City","county":"Hidalgo","utility":"Power Depot Group A, LLC","balancing_authority":"ERCO","nameplate_mw":9.0,"max_grid_voltage_kv":138,"technologies":["Petroleum Liquids"],"note":"Generation capacity + interconnected grid voltage, used as a proxy for nearby transmission density. NOT substation headroom (that data is CEII-restricted, 18 CFR 388.113, and not public) -- treat as an estimate."}},{"type":"Feature","geometry":{"type":"Point","coordinates":[-95.55394,29.84527]},"properties":{"plant_code":65537,"name":"Clara","county":"Harris","utility":"Power Depot Group A, LLC","balancing_authority":"ERCO","nameplate_mw":9.0,"max_grid_voltage_kv":138,"technologies":["Petroleum Liquids"],"note":"Generation capacity + interconnected grid voltage, used as a proxy for nearby transmission density. NOT substation headroom (that data is CEII-restricted, 18 CFR 388.113, and not public) -- treat as an estimate."}},{"type":"Feature","geometry":{"type":"Point","coordinates":[-95.52764,29.95681]},"properties":{"plant_code":65538,"name":"Cutten","county":"Harris","utility":"Power Depot Group A, LLC","balancing_authority":"ERCO","nameplate_mw":9.0,"max_grid_voltage_kv":138,"technologies":["Petroleum Liquids"],"note":"Generation capacity + interconnected grid voltage, used as a proxy for nearby transmission density. NOT substation headroom (that data is CEII-restricted, 18 CFR 388.113, and not public) -- treat as an estimate."}},{"type":"Feature","geometry":{"type":"Point","coordinates":[-97.66424,26.19208]},"properties":{"plant_code":65539,"name":"E. Porte Ct.","county":"Cameron","utility":"Power Depot Group A, LLC","balancing_authority":"ERCO","nameplate_mw":9.0,"max_grid_voltage_kv":138,"technologies":["Petroleum Liquids"],"note":"Generation capacity + interconnected grid voltage, used as a proxy for nearby transmission density. NOT substation headroom (that data is CEII-restricted, 18 CFR 388.113, and not public) -- treat as an estimate."}},{"type":"Feature","geometry":{"type":"Point","coordinates":[-102.78282,32.38143]},"properties":{"plant_code":65540,"name":"Frankel","county":"Andrews","utility":"Power Depot Group A, LLC","balancing_authority":"ERCO","nameplate_mw":9.0,"max_grid_voltage_kv":138,"technologies":["Petroleum Liquids"],"note":"Generation capacity + interconnected grid voltage, used as a proxy for nearby transmission density. NOT substation headroom (that data is CEII-restricted, 18 CFR 388.113, and not public) -- treat as an estimate."}},{"type":"Feature","geometry":{"type":"Point","coordinates":[-94.95342,29.38011]},"properties":{"plant_code":65541,"name":"GCWA","county":"Galveston","utility":"Power Depot Group A, LLC","balancing_authority":"ERCO","nameplate_mw":7.2,"max_grid_voltage_kv":138,"technologies":["Petroleum Liquids"],"note":"Generation capacity + interconnected grid voltage, used as a proxy for nearby transmission density. NOT substation headroom (that data is CEII-restricted, 18 CFR 388.113, and not public) -- treat as an estimate."}},{"type":"Feature","geometry":{"type":"Point","coordinates":[-102.63501,31.97527]},"properties":{"plant_code":65542,"name":"Goldsmith","county":"Ector","utility":"Power Depot Group A, LLC","balancing_authority":"ERCO","nameplate_mw":9.0,"max_grid_voltage_kv":138,"technologies":["Petroleum Liquids"],"note":"Generation capacity + interconnected grid voltage, used as a proxy for nearby transmission density. NOT substation headroom (that data is CEII-restricted, 18 CFR 388.113, and not public) -- treat as an estimate."}},{"type":"Feature","geometry":{"type":"Point","coordinates":[-95.47934,29.5084]},"properties":{"plant_code":65543,"name":"Mckeever","county":"Fort Bend","utility":"Power Depot Group A, LLC","balancing_authority":"ERCO","nameplate_mw":9.0,"max_grid_voltage_kv":138,"technologies":["Petroleum Liquids"],"note":"Generation capacity + interconnected grid voltage, used as a proxy for nearby transmission density. NOT substation headroom (that data is CEII-restricted, 18 CFR 388.113, and not public) -- treat as an estimate."}},{"type":"Feature","geometry":{"type":"Point","coordinates":[-102.43104,31.92162]},"properties":{"plant_code":65544,"name":"N. Mary Francis","county":"Ector","utility":"Power Depot Group A, LLC","balancing_authority":"ERCO","nameplate_mw":9.0,"max_grid_voltage_kv":138,"technologies":["Petroleum Liquids"],"note":"Generation capacity + interconnected grid voltage, used as a proxy for nearby transmission density. NOT substation headroom (that data is CEII-restricted, 18 CFR 388.113, and not public) -- treat as an estimate."}},{"type":"Feature","geometry":{"type":"Point","coordinates":[-99.59533,33.18688]},"properties":{"plant_code":65546,"name":"Inertia Wind Project","county":"Haskell","utility":"Inertia Wind Project, LLC","balancing_authority":"ERCO","nameplate_mw":301.0,"max_grid_voltage_kv":138,"technologies":["Onshore Wind Turbine"],"note":"Generation capacity + interconnected grid voltage, used as a proxy for nearby transmission density. NOT substation headroom (that data is CEII-restricted, 18 CFR 388.113, and not public) -- treat as an estimate."}},{"type":"Feature","geometry":{"type":"Point","coordinates":[-96.95372,32.87662]},"properties":{"plant_code":65571,"name":"Verizon Hidden Ridge Solar Project","county":"Dallas","utility":"Verizon Communications","balancing_authority":"ERCO","nameplate_mw":2.9,"max_grid_voltage_kv":25,"technologies":["Solar Photovoltaic"],"note":"Generation capacity + interconnected grid voltage, used as a proxy for nearby transmission density. NOT substation headroom (that data is CEII-restricted, 18 CFR 388.113, and not public) -- treat as an estimate."}},{"type":"Feature","geometry":{"type":"Point","coordinates":[-98.09831,26.16815]},"properties":{"plant_code":65573,"name":"Ridge Rd","county":"Hidalgo","utility":"Power Depot Group A, LLC","balancing_authority":"ERCO","nameplate_mw":9.0,"max_grid_voltage_kv":138,"technologies":["Petroleum Liquids"],"note":"Generation capacity + interconnected grid voltage, used as a proxy for nearby transmission density. NOT substation headroom (that data is CEII-restricted, 18 CFR 388.113, and not public) -- treat as an estimate."}},{"type":"Feature","geometry":{"type":"Point","coordinates":[-97.82349,26.23055]},"properties":{"plant_code":65574,"name":"Santa Rosa","county":"Cameron","utility":"Power Depot Group A, LLC","balancing_authority":"ERCO","nameplate_mw":9.0,"max_grid_voltage_kv":138,"technologies":["Petroleum Liquids"],"note":"Generation capacity + interconnected grid voltage, used as a proxy for nearby transmission density. NOT substation headroom (that data is CEII-restricted, 18 CFR 388.113, and not public) -- treat as an estimate."}},{"type":"Feature","geometry":{"type":"Point","coordinates":[-95.36578,29.59576]},"properties":{"plant_code":65575,"name":"Southwick","county":"Harris","utility":"Power Depot Group A, LLC","balancing_authority":"ERCO","nameplate_mw":9.0,"max_grid_voltage_kv":138,"technologies":["Petroleum Liquids"],"note":"Generation capacity + interconnected grid voltage, used as a proxy for nearby transmission density. NOT substation headroom (that data is CEII-restricted, 18 CFR 388.113, and not public) -- treat as an estimate."}},{"type":"Feature","geometry":{"type":"Point","coordinates":[-95.8755,29.78535]},"properties":{"plant_code":65576,"name":"Stonegate","county":"Fort Bend","utility":"Power Depot Group A, LLC","balancing_authority":"ERCO","nameplate_mw":9.0,"max_grid_voltage_kv":138,"technologies":["Petroleum Liquids"],"note":"Generation capacity + interconnected grid voltage, used as a proxy for nearby transmission density. NOT substation headroom (that data is CEII-restricted, 18 CFR 388.113, and not public) -- treat as an estimate."}},{"type":"Feature","geometry":{"type":"Point","coordinates":[-102.5577,32.35123]},"properties":{"plant_code":65578,"name":"Tumbleweed","county":"Andrews","utility":"Power Depot Group A, LLC","balancing_authority":"ERCO","nameplate_mw":9.0,"max_grid_voltage_kv":138,"technologies":["Petroleum Liquids"],"note":"Generation capacity + interconnected grid voltage, used as a proxy for nearby transmission density. NOT substation headroom (that data is CEII-restricted, 18 CFR 388.113, and not public) -- treat as an estimate."}},{"type":"Feature","geometry":{"type":"Point","coordinates":[-97.65405,26.16807]},"properties":{"plant_code":65579,"name":"Vaquero","county":"Cameron","utility":"Power Depot Group A, LLC","balancing_authority":"ERCO","nameplate_mw":9.0,"max_grid_voltage_kv":138,"technologies":["Petroleum Liquids"],"note":"Generation capacity + interconnected grid voltage, used as a proxy for nearby transmission density. NOT substation headroom (that data is CEII-restricted, 18 CFR 388.113, and not public) -- treat as an estimate."}},{"type":"Feature","geometry":{"type":"Point","coordinates":[-97.59628,26.02131]},"properties":{"plant_code":65580,"name":"Villa Cavasos","county":"Cameron","utility":"Power Depot Group A, LLC","balancing_authority":"ERCO","nameplate_mw":9.0,"max_grid_voltage_kv":138,"technologies":["Petroleum Liquids"],"note":"Generation capacity + interconnected grid voltage, used as a proxy for nearby transmission density. NOT substation headroom (that data is CEII-restricted, 18 CFR 388.113, and not public) -- treat as an estimate."}},{"type":"Feature","geometry":{"type":"Point","coordinates":[-102.4461,31.8362]},"properties":{"plant_code":65581,"name":"Westover","county":"Ector","utility":"Power Depot Group A, LLC","balancing_authority":"ERCO","nameplate_mw":9.0,"max_grid_voltage_kv":138,"technologies":["Petroleum Liquids"],"note":"Generation capacity + interconnected grid voltage, used as a proxy for nearby transmission density. NOT substation headroom (that data is CEII-restricted, 18 CFR 388.113, and not public) -- treat as an estimate."}},{"type":"Feature","geometry":{"type":"Point","coordinates":[-100.80445,29.80602]},"properties":{"plant_code":65588,"name":"Antlia","county":"Val Verde","utility":"Engie North America","balancing_authority":"ERCO","nameplate_mw":70.0,"max_grid_voltage_kv":138,"technologies":["Batteries"],"note":"Generation capacity + interconnected grid voltage, used as a proxy for nearby transmission density. NOT substation headroom (that data is CEII-restricted, 18 CFR 388.113, and not public) -- treat as an estimate."}},{"type":"Feature","geometry":{"type":"Point","coordinates":[-97.53546,27.81922]},"properties":{"plant_code":65589,"name":"Carina","county":"Nueces","utility":"Engie North America","balancing_authority":"ERCO","nameplate_mw":150.0,"max_grid_voltage_kv":138,"technologies":["Batteries"],"note":"Generation capacity + interconnected grid voltage, used as a proxy for nearby transmission density. NOT substation headroom (that data is CEII-restricted, 18 CFR 388.113, and not public) -- treat as an estimate."}},{"type":"Feature","geometry":{"type":"Point","coordinates":[-102.6799,31.00058]},"properties":{"plant_code":65590,"name":"Octans","county":"Pecos","utility":"Engie North America","balancing_authority":"ERCO","nameplate_mw":0.0,"max_grid_voltage_kv":138,"technologies":[],"note":"Generation capacity + interconnected grid voltage, used as a proxy for nearby transmission density. NOT substation headroom (that data is CEII-restricted, 18 CFR 388.113, and not public) -- treat as an estimate."}},{"type":"Feature","geometry":{"type":"Point","coordinates":[-96.46733,31.89674]},"properties":{"plant_code":65631,"name":"Pisgah Ridge Solar, LLC","county":"Navarro","utility":"Deriva Energy","balancing_authority":"ERCO","nameplate_mw":250.0,"max_grid_voltage_kv":345,"technologies":["Solar Photovoltaic"],"note":"Generation capacity + interconnected grid voltage, used as a proxy for nearby transmission density. NOT substation headroom (that data is CEII-restricted, 18 CFR 388.113, and not public) -- treat as an estimate."}},{"type":"Feature","geometry":{"type":"Point","coordinates":[-100.74639,32.88353]},"properties":{"plant_code":65644,"name":"Lumina II Solar Project","county":"Scurry","utility":"Intersect USA, LLC","balancing_authority":"ERCO","nameplate_mw":486.6,"max_grid_voltage_kv":345,"technologies":["Batteries","Solar Photovoltaic"],"note":"Generation capacity + interconnected grid voltage, used as a proxy for nearby transmission density. NOT substation headroom (that data is CEII-restricted, 18 CFR 388.113, and not public) -- treat as an estimate."}},{"type":"Feature","geometry":{"type":"Point","coordinates":[-100.9827,32.90108]},"properties":{"plant_code":65645,"name":"Lumina Solar Project","county":"Scurry","utility":"Intersect USA, LLC","balancing_authority":"ERCO","nameplate_mw":486.6,"max_grid_voltage_kv":345,"technologies":["Batteries","Solar Photovoltaic"],"note":"Generation capacity + interconnected grid voltage, used as a proxy for nearby transmission density. NOT substation headroom (that data is CEII-restricted, 18 CFR 388.113, and not public) -- treat as an estimate."}},{"type":"Feature","geometry":{"type":"Point","coordinates":[-100.9822,33.32064]},"properties":{"plant_code":65654,"name":"Texas Solar Nova 1","county":"Kent","utility":"Texas Solar Nova 1, LLC","balancing_authority":"ERCO","nameplate_mw":252.0,"max_grid_voltage_kv":138,"technologies":["Solar Photovoltaic"],"note":"Generation capacity + interconnected grid voltage, used as a proxy for nearby transmission density. NOT substation headroom (that data is CEII-restricted, 18 CFR 388.113, and not public) -- treat as an estimate."}},{"type":"Feature","geometry":{"type":"Point","coordinates":[-100.98166,33.32056]},"properties":{"plant_code":65660,"name":"Texas Solar Nova 2","county":"Kent","utility":"Texas Solar Nova 2, LLC","balancing_authority":"ERCO","nameplate_mw":200.0,"max_grid_voltage_kv":138,"technologies":["Solar Photovoltaic"],"note":"Generation capacity + interconnected grid voltage, used as a proxy for nearby transmission density. NOT substation headroom (that data is CEII-restricted, 18 CFR 388.113, and not public) -- treat as an estimate."}},{"type":"Feature","geometry":{"type":"Point","coordinates":[-97.79845,26.0901]},"properties":{"plant_code":65661,"name":"Nebula Solar","county":"Cameron","utility":"Rayos del Sol Solar Project, LLC","balancing_authority":"ERCO","nameplate_mw":135.0,"max_grid_voltage_kv":138,"technologies":["Solar Photovoltaic"],"note":"Generation capacity + interconnected grid voltage, used as a proxy for nearby transmission density. NOT substation headroom (that data is CEII-restricted, 18 CFR 388.113, and not public) -- treat as an estimate."}},{"type":"Feature","geometry":{"type":"Point","coordinates":[-97.79845,26.0901]},"properties":{"plant_code":65662,"name":"Vancourt Solar Interconnections","county":"Cameron","utility":"Rayos del Sol Solar Project, LLC","balancing_authority":"ERCO","nameplate_mw":45.0,"max_grid_voltage_kv":138,"technologies":["Solar Photovoltaic"],"note":"Generation capacity + interconnected grid voltage, used as a proxy for nearby transmission density. NOT substation headroom (that data is CEII-restricted, 18 CFR 388.113, and not public) -- treat as an estimate."}},{"type":"Feature","geometry":{"type":"Point","coordinates":[-97.31433,33.3256]},"properties":{"plant_code":65693,"name":"TX10 Hummingbird Storage","county":"Denton","utility":"Key Capture Energy","balancing_authority":"ERCO","nameplate_mw":100.0,"max_grid_voltage_kv":138,"technologies":["Batteries"],"note":"Generation capacity + interconnected grid voltage, used as a proxy for nearby transmission density. NOT substation headroom (that data is CEII-restricted, 18 CFR 388.113, and not public) -- treat as an estimate."}},{"type":"Feature","geometry":{"type":"Point","coordinates":[-96.62542,30.88142]},"properties":{"plant_code":65694,"name":"TX11 Republic Road Storage","county":"Robertson","utility":"Key Capture Energy","balancing_authority":"ERCO","nameplate_mw":50.0,"max_grid_voltage_kv":138,"technologies":["Batteries"],"note":"Generation capacity + interconnected grid voltage, used as a proxy for nearby transmission density. NOT substation headroom (that data is CEII-restricted, 18 CFR 388.113, and not public) -- treat as an estimate."}},{"type":"Feature","geometry":{"type":"Point","coordinates":[-97.57405,30.41217]},"properties":{"plant_code":65695,"name":"TX12 Silicon Hill Storage","county":"Travis","utility":"Key Capture Energy","balancing_authority":"ERCO","nameplate_mw":100.0,"max_grid_voltage_kv":138,"technologies":["Batteries"],"note":"Generation capacity + interconnected grid voltage, used as a proxy for nearby transmission density. NOT substation headroom (that data is CEII-restricted, 18 CFR 388.113, and not public) -- treat as an estimate."}},{"type":"Feature","geometry":{"type":"Point","coordinates":[-100.99168,32.85583]},"properties":{"plant_code":65696,"name":"TX13 Endurance Park Storage","county":"Scurry","utility":"Key Capture Energy","balancing_authority":"ERCO","nameplate_mw":50.0,"max_grid_voltage_kv":138,"technologies":["Batteries"],"note":"Generation capacity + interconnected grid voltage, used as a proxy for nearby transmission density. NOT substation headroom (that data is CEII-restricted, 18 CFR 388.113, and not public) -- treat as an estimate."}},{"type":"Feature","geometry":{"type":"Point","coordinates":[-95.9738,30.65991]},"properties":{"plant_code":65698,"name":"TX15 Limousin Oak Storage","county":"Grimes","utility":"Key Capture Energy","balancing_authority":"ERCO","nameplate_mw":100.0,"max_grid_voltage_kv":138,"technologies":["Batteries"],"note":"Generation capacity + interconnected grid voltage, used as a proxy for nearby transmission density. NOT substation headroom (that data is CEII-restricted, 18 CFR 388.113, and not public) -- treat as an estimate."}},{"type":"Feature","geometry":{"type":"Point","coordinates":[-97.35701,30.41477]},"properties":{"plant_code":65699,"name":"TX19 River Valley Storage 1","county":"Williamson","utility":"Key Capture Energy","balancing_authority":"ERCO","nameplate_mw":50.0,"max_grid_voltage_kv":138,"technologies":["Batteries"],"note":"Generation capacity + interconnected grid voltage, used as a proxy for nearby transmission density. NOT substation headroom (that data is CEII-restricted, 18 CFR 388.113, and not public) -- treat as an estimate."}},{"type":"Feature","geometry":{"type":"Point","coordinates":[-97.35518,30.41432]},"properties":{"plant_code":65700,"name":"TX21 River Valley Storage 2","county":"Williamson","utility":"Key Capture Energy","balancing_authority":"ERCO","nameplate_mw":50.0,"max_grid_voltage_kv":138,"technologies":["Batteries"],"note":"Generation capacity + interconnected grid voltage, used as a proxy for nearby transmission density. NOT substation headroom (that data is CEII-restricted, 18 CFR 388.113, and not public) -- treat as an estimate."}},{"type":"Feature","geometry":{"type":"Point","coordinates":[-95.6626,29.15923]},"properties":{"plant_code":65701,"name":"TX23 Roughneck Storage","county":"Brazoria","utility":"Key Capture Energy","balancing_authority":"ERCO","nameplate_mw":50.0,"max_grid_voltage_kv":138,"technologies":["Batteries"],"note":"Generation capacity + interconnected grid voltage, used as a proxy for nearby transmission density. NOT substation headroom (that data is CEII-restricted, 18 CFR 388.113, and not public) -- treat as an estimate."}},{"type":"Feature","geometry":{"type":"Point","coordinates":[-97.59906,26.50088]},"properties":{"plant_code":65760,"name":"El Sauz Ranch Wind, LLC","county":"Willacy","utility":"El Sauz Ranch Wind, LLC","balancing_authority":"ERCO","nameplate_mw":301.0,"max_grid_voltage_kv":345,"technologies":["Onshore Wind Turbine"],"note":"Generation capacity + interconnected grid voltage, used as a proxy for nearby transmission density. NOT substation headroom (that data is CEII-restricted, 18 CFR 388.113, and not public) -- treat as an estimate."}},{"type":"Feature","geometry":{"type":"Point","coordinates":[-96.81868,31.71042]},"properties":{"plant_code":65762,"name":"Waco Solar","county":"Limestone","utility":"Waco Solar, LLC","balancing_authority":"ERCO","nameplate_mw":400.0,"max_grid_voltage_kv":345,"technologies":["Solar Photovoltaic"],"note":"Generation capacity + interconnected grid voltage, used as a proxy for nearby transmission density. NOT substation headroom (that data is CEII-restricted, 18 CFR 388.113, and not public) -- treat as an estimate."}},{"type":"Feature","geometry":{"type":"Point","coordinates":[-98.85258,33.11921]},"properties":{"plant_code":65763,"name":"Young Wind","county":"Young","utility":"Young Wind, LLC","balancing_authority":"ERCO","nameplate_mw":500.0,"max_grid_voltage_kv":345,"technologies":["Onshore Wind Turbine"],"note":"Generation capacity + interconnected grid voltage, used as a proxy for nearby transmission density. NOT substation headroom (that data is CEII-restricted, 18 CFR 388.113, and not public) -- treat as an estimate."}},{"type":"Feature","geometry":{"type":"Point","coordinates":[-97.07254,32.44126]},"properties":{"plant_code":65788,"name":"TX 14 Venus Mill Storage","county":"Ellis","utility":"Key Capture Energy","balancing_authority":"ERCO","nameplate_mw":0.0,"max_grid_voltage_kv":138,"technologies":[],"note":"Generation capacity + interconnected grid voltage, used as a proxy for nearby transmission density. NOT substation headroom (that data is CEII-restricted, 18 CFR 388.113, and not public) -- treat as an estimate."}},{"type":"Feature","geometry":{"type":"Point","coordinates":[-98.35936,31.39376]},"properties":{"plant_code":65790,"name":"Castle Gap Wind","county":"Mills","utility":"Castle Gap Wind Power, LLC","balancing_authority":"ERCO","nameplate_mw":196.8,"max_grid_voltage_kv":345,"technologies":["Onshore Wind Turbine"],"note":"Generation capacity + interconnected grid voltage, used as a proxy for nearby transmission density. NOT substation headroom (that data is CEII-restricted, 18 CFR 388.113, and not public) -- treat as an estimate."}},{"type":"Feature","geometry":{"type":"Point","coordinates":[-100.255,31.214]},"properties":{"plant_code":65793,"name":"Concho Valley Solar, LLC","county":"Tom Green","utility":"Concho Valley Solar, LLC","balancing_authority":"ERCO","nameplate_mw":172.8,"max_grid_voltage_kv":138,"technologies":["Solar Photovoltaic"],"note":"Generation capacity + interconnected grid voltage, used as a proxy for nearby transmission density. NOT substation headroom (that data is CEII-restricted, 18 CFR 388.113, and not public) -- treat as an estimate."}},{"type":"Feature","geometry":{"type":"Point","coordinates":[-99.6737,28.34705]},"properties":{"plant_code":65809,"name":"Caterina","county":"Dimmit","utility":"HEN Infrastructure, L.L.C.","balancing_authority":"ERCO","nameplate_mw":9.9,"max_grid_voltage_kv":12.47,"technologies":["Batteries"],"note":"Generation capacity + interconnected grid voltage, used as a proxy for nearby transmission density. NOT substation headroom (that data is CEII-restricted, 18 CFR 388.113, and not public) -- treat as an estimate."}},{"type":"Feature","geometry":{"type":"Point","coordinates":[-103.45236,31.51411]},"properties":{"plant_code":65810,"name":"Cedarville (TX)","county":"Reeves","utility":"HEN Infrastructure, L.L.C.","balancing_authority":"ERCO","nameplate_mw":9.9,"max_grid_voltage_kv":12.47,"technologies":["Batteries"],"note":"Generation capacity + interconnected grid voltage, used as a proxy for nearby transmission density. NOT substation headroom (that data is CEII-restricted, 18 CFR 388.113, and not public) -- treat as an estimate."}},{"type":"Feature","geometry":{"type":"Point","coordinates":[-103.63034,31.39471]},"properties":{"plant_code":65811,"name":"Coyote Springs (TX)","county":"Reeves","utility":"HEN Infrastructure, L.L.C.","balancing_authority":"ERCO","nameplate_mw":9.9,"max_grid_voltage_kv":12.47,"technologies":["Batteries"],"note":"Generation capacity + interconnected grid voltage, used as a proxy for nearby transmission density. NOT substation headroom (that data is CEII-restricted, 18 CFR 388.113, and not public) -- treat as an estimate."}},{"type":"Feature","geometry":{"type":"Point","coordinates":[-96.40913,33.16111]},"properties":{"plant_code":65812,"name":"Farmersville (TX)","county":"Collin","utility":"HEN Infrastructure, L.L.C.","balancing_authority":"ERCO","nameplate_mw":9.9,"max_grid_voltage_kv":22,"technologies":["Batteries"],"note":"Generation capacity + interconnected grid voltage, used as a proxy for nearby transmission density. NOT substation headroom (that data is CEII-restricted, 18 CFR 388.113, and not public) -- treat as an estimate."}},{"type":"Feature","geometry":{"type":"Point","coordinates":[-103.79485,31.26238]},"properties":{"plant_code":65813,"name":"Faulkner","county":"Reeves","utility":"HEN Infrastructure, L.L.C.","balancing_authority":"ERCO","nameplate_mw":9.9,"max_grid_voltage_kv":24.94,"technologies":["Batteries"],"note":"Generation capacity + interconnected grid voltage, used as a proxy for nearby transmission density. NOT substation headroom (that data is CEII-restricted, 18 CFR 388.113, and not public) -- treat as an estimate."}},{"type":"Feature","geometry":{"type":"Point","coordinates":[-103.02416,31.03654]},"properties":{"plant_code":65814,"name":"Gomez","county":"Pecos","utility":"HEN Infrastructure, L.L.C.","balancing_authority":"ERCO","nameplate_mw":9.9,"max_grid_voltage_kv":24.9,"technologies":["Batteries"],"note":"Generation capacity + interconnected grid voltage, used as a proxy for nearby transmission density. NOT substation headroom (that data is CEII-restricted, 18 CFR 388.113, and not public) -- treat as an estimate."}},{"type":"Feature","geometry":{"type":"Point","coordinates":[-95.42685,29.2952]},"properties":{"plant_code":65822,"name":"Cradle Solar","county":"Brazoria","utility":"Leeward Asset Management, LLC","balancing_authority":"MISO","nameplate_mw":0.0,"max_grid_voltage_kv":115,"technologies":[],"note":"Generation capacity + interconnected grid voltage, used as a proxy for nearby transmission density. NOT substation headroom (that data is CEII-restricted, 18 CFR 388.113, and not public) -- treat as an estimate."}},{"type":"Feature","geometry":{"type":"Point","coordinates":[-99.36173,28.03534]},"properties":{"plant_code":65829,"name":"Holcomb (TX)","county":"La Salle","utility":"HEN Infrastructure, L.L.C.","balancing_authority":"ERCO","nameplate_mw":9.9,"max_grid_voltage_kv":12.47,"technologies":["Batteries"],"note":"Generation capacity + interconnected grid voltage, used as a proxy for nearby transmission density. NOT substation headroom (that data is CEII-restricted, 18 CFR 388.113, and not public) -- treat as an estimate."}},{"type":"Feature","geometry":{"type":"Point","coordinates":[-99.7702,30.49245]},"properties":{"plant_code":65830,"name":"Junction (TX)","county":"Kimble","utility":"HEN Infrastructure, L.L.C.","balancing_authority":"ERCO","nameplate_mw":9.9,"max_grid_voltage_kv":12.47,"technologies":["Batteries"],"note":"Generation capacity + interconnected grid voltage, used as a proxy for nearby transmission density. NOT substation headroom (that data is CEII-restricted, 18 CFR 388.113, and not public) -- treat as an estimate."}},{"type":"Feature","geometry":{"type":"Point","coordinates":[-103.24985,31.59486]},"properties":{"plant_code":65831,"name":"Lonestar","county":"Ward","utility":"HEN Infrastructure, L.L.C.","balancing_authority":"ERCO","nameplate_mw":9.9,"max_grid_voltage_kv":24.94,"technologies":["Batteries"],"note":"Generation capacity + interconnected grid voltage, used as a proxy for nearby transmission density. NOT substation headroom (that data is CEII-restricted, 18 CFR 388.113, and not public) -- treat as an estimate."}},{"type":"Feature","geometry":{"type":"Point","coordinates":[-98.72047,33.37109]},"properties":{"plant_code":65832,"name":"Olney","county":"Young","utility":"HEN Infrastructure, L.L.C.","balancing_authority":"ERCO","nameplate_mw":9.9,"max_grid_voltage_kv":12.47,"technologies":["Batteries"],"note":"Generation capacity + interconnected grid voltage, used as a proxy for nearby transmission density. NOT substation headroom (that data is CEII-restricted, 18 CFR 388.113, and not public) -- treat as an estimate."}},{"type":"Feature","geometry":{"type":"Point","coordinates":[-103.22663,31.56898]},"properties":{"plant_code":65833,"name":"Rattlesnake (TX)","county":"Ward","utility":"HEN Infrastructure, L.L.C.","balancing_authority":"ERCO","nameplate_mw":9.9,"max_grid_voltage_kv":24.94,"technologies":["Batteries"],"note":"Generation capacity + interconnected grid voltage, used as a proxy for nearby transmission density. NOT substation headroom (that data is CEII-restricted, 18 CFR 388.113, and not public) -- treat as an estimate."}},{"type":"Feature","geometry":{"type":"Point","coordinates":[-103.49842,31.33288]},"properties":{"plant_code":65834,"name":"Saddleback BESS2","county":"Reeves","utility":"HEN Infrastructure, L.L.C.","balancing_authority":"ERCO","nameplate_mw":9.9,"max_grid_voltage_kv":12.47,"technologies":["Batteries"],"note":"Generation capacity + interconnected grid voltage, used as a proxy for nearby transmission density. NOT substation headroom (that data is CEII-restricted, 18 CFR 388.113, and not public) -- treat as an estimate."}},{"type":"Feature","geometry":{"type":"Point","coordinates":[-104.04507,31.82142]},"properties":{"plant_code":65835,"name":"Screwbean","county":"Culberson","utility":"HEN Infrastructure, L.L.C.","balancing_authority":"ERCO","nameplate_mw":9.9,"max_grid_voltage_kv":21,"technologies":["Batteries"],"note":"Generation capacity + interconnected grid voltage, used as a proxy for nearby transmission density. NOT substation headroom (that data is CEII-restricted, 18 CFR 388.113, and not public) -- treat as an estimate."}},{"type":"Feature","geometry":{"type":"Point","coordinates":[-103.66551,31.11391]},"properties":{"plant_code":65836,"name":"Toyah Power Station","county":"Reeves","utility":"HEN Infrastructure, L.L.C.","balancing_authority":"ERCO","nameplate_mw":10.4,"max_grid_voltage_kv":12.47,"technologies":["Batteries"],"note":"Generation capacity + interconnected grid voltage, used as a proxy for nearby transmission density. NOT substation headroom (that data is CEII-restricted, 18 CFR 388.113, and not public) -- treat as an estimate."}},{"type":"Feature","geometry":{"type":"Point","coordinates":[-98.07985,26.23415]},"properties":{"plant_code":65837,"name":"Val Verde","county":"Hidalgo","utility":"HEN Infrastructure, L.L.C.","balancing_authority":"ERCO","nameplate_mw":9.9,"max_grid_voltage_kv":12.47,"technologies":["Batteries"],"note":"Generation capacity + interconnected grid voltage, used as a proxy for nearby transmission density. NOT substation headroom (that data is CEII-restricted, 18 CFR 388.113, and not public) -- treat as an estimate."}},{"type":"Feature","geometry":{"type":"Point","coordinates":[-103.46256,31.03125]},"properties":{"plant_code":65838,"name":"Hoef's Road Storage","county":"Reeves","utility":"Anatolian Energy, LLC","balancing_authority":"ERCO","nameplate_mw":0.0,"max_grid_voltage_kv":12.47,"technologies":[],"note":"Generation capacity + interconnected grid voltage, used as a proxy for nearby transmission density. NOT substation headroom (that data is CEII-restricted, 18 CFR 388.113, and not public) -- treat as an estimate."}},{"type":"Feature","geometry":{"type":"Point","coordinates":[-97.78055,29.26357]},"properties":{"plant_code":65842,"name":"Clear Fork Creek Solar and BESS SLF","county":"Wilson","utility":"Clear Fork","balancing_authority":"ERCO","nameplate_mw":0.0,"max_grid_voltage_kv":345,"technologies":[],"note":"Generation capacity + interconnected grid voltage, used as a proxy for nearby transmission density. NOT substation headroom (that data is CEII-restricted, 18 CFR 388.113, and not public) -- treat as an estimate."}},{"type":"Feature","geometry":{"type":"Point","coordinates":[-97.38262,30.22382]},"properties":{"plant_code":65843,"name":"Dogwood Creek Solar and BESS","county":"Bastrop","utility":"Solar Proponent LLC","balancing_authority":"ERCO","nameplate_mw":0.0,"max_grid_voltage_kv":345,"technologies":[],"note":"Generation capacity + interconnected grid voltage, used as a proxy for nearby transmission density. NOT substation headroom (that data is CEII-restricted, 18 CFR 388.113, and not public) -- treat as an estimate."}},{"type":"Feature","geometry":{"type":"Point","coordinates":[-96.3709,28.9928]},"properties":{"plant_code":65844,"name":"Flag City Solar","county":"Jackson","utility":"Solar Proponent LLC","balancing_authority":"ERCO","nameplate_mw":0.0,"max_grid_voltage_kv":138,"technologies":[],"note":"Generation capacity + interconnected grid voltage, used as a proxy for nearby transmission density. NOT substation headroom (that data is CEII-restricted, 18 CFR 388.113, and not public) -- treat as an estimate."}},{"type":"Feature","geometry":{"type":"Point","coordinates":[-96.58957,29.06466]},"properties":{"plant_code":65845,"name":"Goldenrod Creek Solar and BESS SLF","county":"Jackson","utility":"Solar Proponent LLC","balancing_authority":"ERCO","nameplate_mw":0.0,"max_grid_voltage_kv":345,"technologies":[],"note":"Generation capacity + interconnected grid voltage, used as a proxy for nearby transmission density. NOT substation headroom (that data is CEII-restricted, 18 CFR 388.113, and not public) -- treat as an estimate."}},{"type":"Feature","geometry":{"type":"Point","coordinates":[-95.97846,31.08718]},"properties":{"plant_code":65846,"name":"Hollow Branch Creek 1 Solar","county":"Madison","utility":"Solar Proponent LLC","balancing_authority":"ERCO","nameplate_mw":0.0,"max_grid_voltage_kv":345,"technologies":[],"note":"Generation capacity + interconnected grid voltage, used as a proxy for nearby transmission density. NOT substation headroom (that data is CEII-restricted, 18 CFR 388.113, and not public) -- treat as an estimate."}},{"type":"Feature","geometry":{"type":"Point","coordinates":[-96.12169,28.86599]},"properties":{"plant_code":65847,"name":"Eldora Energy LLC","county":"Matagorda","utility":"Eldora Energy LLC","balancing_authority":"ERCO","nameplate_mw":0.0,"max_grid_voltage_kv":345,"technologies":[],"note":"Generation capacity + interconnected grid voltage, used as a proxy for nearby transmission density. NOT substation headroom (that data is CEII-restricted, 18 CFR 388.113, and not public) -- treat as an estimate."}},{"type":"Feature","geometry":{"type":"Point","coordinates":[-96.97808,28.90535]},"properties":{"plant_code":65849,"name":"Oriana Solar LLC","county":"Victoria","utility":"Oriana Solar LLC","balancing_authority":"ERCO","nameplate_mw":180.0,"max_grid_voltage_kv":138,"technologies":["Solar Photovoltaic"],"note":"Generation capacity + interconnected grid voltage, used as a proxy for nearby transmission density. NOT substation headroom (that data is CEII-restricted, 18 CFR 388.113, and not public) -- treat as an estimate."}},{"type":"Feature","geometry":{"type":"Point","coordinates":[-95.68546,29.24768]},"properties":{"plant_code":65850,"name":"Elio Energy LLC","county":"Brazoria","utility":"Elio Energy LLC","balancing_authority":"ERCO","nameplate_mw":0.0,"max_grid_voltage_kv":138,"technologies":[],"note":"Generation capacity + interconnected grid voltage, used as a proxy for nearby transmission density. NOT substation headroom (that data is CEII-restricted, 18 CFR 388.113, and not public) -- treat as an estimate."}},{"type":"Feature","geometry":{"type":"Point","coordinates":[-96.05606,31.06173]},"properties":{"plant_code":65851,"name":"Hollow Branch Creek","county":"Madison","utility":"Parliament Energy Holdings LLC","balancing_authority":"ERCO","nameplate_mw":0.0,"max_grid_voltage_kv":345,"technologies":[],"note":"Generation capacity + interconnected grid voltage, used as a proxy for nearby transmission density. NOT substation headroom (that data is CEII-restricted, 18 CFR 388.113, and not public) -- treat as an estimate."}},{"type":"Feature","geometry":{"type":"Point","coordinates":[-96.38421,28.91609]},"properties":{"plant_code":65852,"name":"Lunis Creek Solar and BESS SLF","county":"Jackson","utility":"Solar Proponent LLC","balancing_authority":"ERCO","nameplate_mw":0.0,"max_grid_voltage_kv":345,"technologies":[],"note":"Generation capacity + interconnected grid voltage, used as a proxy for nearby transmission density. NOT substation headroom (that data is CEII-restricted, 18 CFR 388.113, and not public) -- treat as an estimate."}},{"type":"Feature","geometry":{"type":"Point","coordinates":[-94.7919,31.5552]},"properties":{"plant_code":65853,"name":"Banita Creek- Spindlepop Solar","county":"Nacogdoches","utility":"Parliament Energy Holdings LLC","balancing_authority":"ERCO","nameplate_mw":0.0,"max_grid_voltage_kv":345,"technologies":[],"note":"Generation capacity + interconnected grid voltage, used as a proxy for nearby transmission density. NOT substation headroom (that data is CEII-restricted, 18 CFR 388.113, and not public) -- treat as an estimate."}},{"type":"Feature","geometry":{"type":"Point","coordinates":[-95.6458,33.75694]},"properties":{"plant_code":65854,"name":"Rowdy Creek Solar and BESS","county":"Lamar","utility":"Parliament Energy Holdings LLC","balancing_authority":"ERCO","nameplate_mw":0.0,"max_grid_voltage_kv":345,"technologies":[],"note":"Generation capacity + interconnected grid voltage, used as a proxy for nearby transmission density. NOT substation headroom (that data is CEII-restricted, 18 CFR 388.113, and not public) -- treat as an estimate."}},{"type":"Feature","geometry":{"type":"Point","coordinates":[-96.41347,31.91406]},"properties":{"plant_code":65855,"name":"Tehuacana Creek Solar","county":"Navarro","utility":"Parliament Energy Holdings LLC","balancing_authority":"ERCO","nameplate_mw":0.0,"max_grid_voltage_kv":345,"technologies":[],"note":"Generation capacity + interconnected grid voltage, used as a proxy for nearby transmission density. NOT substation headroom (that data is CEII-restricted, 18 CFR 388.113, and not public) -- treat as an estimate."}},{"type":"Feature","geometry":{"type":"Point","coordinates":[-96.41347,31.91406]},"properties":{"plant_code":65856,"name":"Tehuacana Creek 2 Solar and BESS","county":"Navarro","utility":"Solar Proponent LLC","balancing_authority":"ERCO","nameplate_mw":0.0,"max_grid_voltage_kv":345,"technologies":[],"note":"Generation capacity + interconnected grid voltage, used as a proxy for nearby transmission density. NOT substation headroom (that data is CEII-restricted, 18 CFR 388.113, and not public) -- treat as an estimate."}},{"type":"Feature","geometry":{"type":"Point","coordinates":[-102.91592,30.90463]},"properties":{"plant_code":65860,"name":"Avila","county":"Pecos","utility":"Engie North America","balancing_authority":"ERCO","nameplate_mw":160.0,"max_grid_voltage_kv":138,"technologies":["Batteries"],"note":"Generation capacity + interconnected grid voltage, used as a proxy for nearby transmission density. NOT substation headroom (that data is CEII-restricted, 18 CFR 388.113, and not public) -- treat as an estimate."}},{"type":"Feature","geometry":{"type":"Point","coordinates":[-98.01515,29.65313]},"properties":{"plant_code":65861,"name":"Cachi","county":"Guadalupe","utility":"Engie North America","balancing_authority":"ERCO","nameplate_mw":200.0,"max_grid_voltage_kv":138,"technologies":["Batteries"],"note":"Generation capacity + interconnected grid voltage, used as a proxy for nearby transmission density. NOT substation headroom (that data is CEII-restricted, 18 CFR 388.113, and not public) -- treat as an estimate."}},{"type":"Feature","geometry":{"type":"Point","coordinates":[-95.65118,29.15028]},"properties":{"plant_code":65870,"name":"Castor","county":"Brazoria","utility":"Engie North America","balancing_authority":"ERCO","nameplate_mw":0.0,"max_grid_voltage_kv":138,"technologies":[],"note":"Generation capacity + interconnected grid voltage, used as a proxy for nearby transmission density. NOT substation headroom (that data is CEII-restricted, 18 CFR 388.113, and not public) -- treat as an estimate."}},{"type":"Feature","geometry":{"type":"Point","coordinates":[-95.73543,29.0633]},"properties":{"plant_code":65876,"name":"Desna","county":"Brazoria","utility":"Engie North America","balancing_authority":"ERCO","nameplate_mw":0.0,"max_grid_voltage_kv":138,"technologies":[],"note":"Generation capacity + interconnected grid voltage, used as a proxy for nearby transmission density. NOT substation headroom (that data is CEII-restricted, 18 CFR 388.113, and not public) -- treat as an estimate."}},{"type":"Feature","geometry":{"type":"Point","coordinates":[-94.94793,29.38876]},"properties":{"plant_code":65880,"name":"Zeya","county":"Galveston","utility":"Engie North America","balancing_authority":"ERCO","nameplate_mw":0.0,"max_grid_voltage_kv":138,"technologies":[],"note":"Generation capacity + interconnected grid voltage, used as a proxy for nearby transmission density. NOT substation headroom (that data is CEII-restricted, 18 CFR 388.113, and not public) -- treat as an estimate."}},{"type":"Feature","geometry":{"type":"Point","coordinates":[-97.98045,27.91829]},"properties":{"plant_code":65891,"name":"Orange Grove","county":"Jim Wells","utility":"Orange Grove","balancing_authority":"ERCO","nameplate_mw":131.0,"max_grid_voltage_kv":138,"technologies":["Solar Photovoltaic"],"note":"Generation capacity + interconnected grid voltage, used as a proxy for nearby transmission density. NOT substation headroom (that data is CEII-restricted, 18 CFR 388.113, and not public) -- treat as an estimate."}},{"type":"Feature","geometry":{"type":"Point","coordinates":[-96.01153,29.2404]},"properties":{"plant_code":65893,"name":"OCI SunRoper","county":"Wharton","utility":"OCI Energy LLC","balancing_authority":"ERCO","nameplate_mw":0.0,"max_grid_voltage_kv":138,"technologies":[],"note":"Generation capacity + interconnected grid voltage, used as a proxy for nearby transmission density. NOT substation headroom (that data is CEII-restricted, 18 CFR 388.113, and not public) -- treat as an estimate."}},{"type":"Feature","geometry":{"type":"Point","coordinates":[-97.16511,30.96759]},"properties":{"plant_code":65894,"name":"Stillhouse Solar","county":"Bell","utility":"Stillhouse Solar LLC","balancing_authority":"ERCO","nameplate_mw":210.0,"max_grid_voltage_kv":345,"technologies":["Solar Photovoltaic"],"note":"Generation capacity + interconnected grid voltage, used as a proxy for nearby transmission density. NOT substation headroom (that data is CEII-restricted, 18 CFR 388.113, and not public) -- treat as an estimate."}},{"type":"Feature","geometry":{"type":"Point","coordinates":[-97.0434,31.07382]},"properties":{"plant_code":65899,"name":"Rosebud Solar, LLC","county":"Falls","utility":"Rosebud Solar, LLC","balancing_authority":"ERCO","nameplate_mw":0.0,"max_grid_voltage_kv":69,"technologies":[],"note":"Generation capacity + interconnected grid voltage, used as a proxy for nearby transmission density. NOT substation headroom (that data is CEII-restricted, 18 CFR 388.113, and not public) -- treat as an estimate."}},{"type":"Feature","geometry":{"type":"Point","coordinates":[-102.59778,34.76606]},"properties":{"plant_code":65928,"name":"Nacero Penwell Solar Energy Center","county":"El Paso","utility":"DG Penwell North, LLC","balancing_authority":"ERCO","nameplate_mw":0.0,"max_grid_voltage_kv":null,"technologies":[],"note":"Generation capacity + interconnected grid voltage, used as a proxy for nearby transmission density. NOT substation headroom (that data is CEII-restricted, 18 CFR 388.113, and not public) -- treat as an estimate."}},{"type":"Feature","geometry":{"type":"Point","coordinates":[-97.36977,33.31045]},"properties":{"plant_code":65937,"name":"Porter Solar, LLC (TX)","county":"Denton","utility":"Porter Solar, LLC","balancing_authority":"ERCO","nameplate_mw":245.0,"max_grid_voltage_kv":345,"technologies":["Solar Photovoltaic"],"note":"Generation capacity + interconnected grid voltage, used as a proxy for nearby transmission density. NOT substation headroom (that data is CEII-restricted, 18 CFR 388.113, and not public) -- treat as an estimate."}},{"type":"Feature","geometry":{"type":"Point","coordinates":[-94.73192,32.84325]},"properties":{"plant_code":65946,"name":"Hecate Energy Upshur Rural LLC","county":"Upshur","utility":"Hecate Energy Upshur Rural LLC","balancing_authority":"SWPP","nameplate_mw":3.0,"max_grid_voltage_kv":24.9,"technologies":["Solar Photovoltaic"],"note":"Generation capacity + interconnected grid voltage, used as a proxy for nearby transmission density. NOT substation headroom (that data is CEII-restricted, 18 CFR 388.113, and not public) -- treat as an estimate."}},{"type":"Feature","geometry":{"type":"Point","coordinates":[-96.50983,28.68851]},"properties":{"plant_code":65947,"name":"Tres Bahias","county":"Calhoun","utility":"Tres Bahias Solar Power, LLC","balancing_authority":"ERCO","nameplate_mw":196.3,"max_grid_voltage_kv":138,"technologies":["Solar Photovoltaic"],"note":"Generation capacity + interconnected grid voltage, used as a proxy for nearby transmission density. NOT substation headroom (that data is CEII-restricted, 18 CFR 388.113, and not public) -- treat as an estimate."}},{"type":"Feature","geometry":{"type":"Point","coordinates":[-96.64801,28.81137]},"properties":{"plant_code":65973,"name":"Garcitas Creek Solar","county":"Jackson","utility":"Garcitas Creek Solar, LLC","balancing_authority":"ERCO","nameplate_mw":0.0,"max_grid_voltage_kv":345,"technologies":[],"note":"Generation capacity + interconnected grid voltage, used as a proxy for nearby transmission density. NOT substation headroom (that data is CEII-restricted, 18 CFR 388.113, and not public) -- treat as an estimate."}},{"type":"Feature","geometry":{"type":"Point","coordinates":[-99.01711,26.52336]},"properties":{"plant_code":65975,"name":"Starr Solar Ranch","county":"Starr","utility":"Lightsource Renewable Energy Asset Management, LLC","balancing_authority":"ERCO","nameplate_mw":136.0,"max_grid_voltage_kv":138,"technologies":["Solar Photovoltaic"],"note":"Generation capacity + interconnected grid voltage, used as a proxy for nearby transmission density. NOT substation headroom (that data is CEII-restricted, 18 CFR 388.113, and not public) -- treat as an estimate."}},{"type":"Feature","geometry":{"type":"Point","coordinates":[-97.4544,28.4279]},"properties":{"plant_code":65979,"name":"Peregrine Solar","county":"Goliad","utility":"RWE Clean Energy","balancing_authority":"ERCO","nameplate_mw":300.0,"max_grid_voltage_kv":345,"technologies":["Solar Photovoltaic"],"note":"Generation capacity + interconnected grid voltage, used as a proxy for nearby transmission density. NOT substation headroom (that data is CEII-restricted, 18 CFR 388.113, and not public) -- treat as an estimate."}},{"type":"Feature","geometry":{"type":"Point","coordinates":[-95.74157,29.17055]},"properties":{"plant_code":65981,"name":"Second Division Solar","county":"Brazoria","utility":"Lightsource Renewable Energy Asset Management, LLC","balancing_authority":"ERCO","nameplate_mw":100.0,"max_grid_voltage_kv":138,"technologies":["Solar Photovoltaic"],"note":"Generation capacity + interconnected grid voltage, used as a proxy for nearby transmission density. NOT substation headroom (that data is CEII-restricted, 18 CFR 388.113, and not public) -- treat as an estimate."}},{"type":"Feature","geometry":{"type":"Point","coordinates":[-96.79417,31.46856]},"properties":{"plant_code":65998,"name":"True North Solar, LLC","county":"Falls","utility":"Avangrid Power LLC","balancing_authority":"ERCO","nameplate_mw":238.8,"max_grid_voltage_kv":345,"technologies":["Solar Photovoltaic"],"note":"Generation capacity + interconnected grid voltage, used as a proxy for nearby transmission density. NOT substation headroom (that data is CEII-restricted, 18 CFR 388.113, and not public) -- treat as an estimate."}},{"type":"Feature","geometry":{"type":"Point","coordinates":[-103.45096,30.49567]},"properties":{"plant_code":66006,"name":"House Mountain","county":"Brewster","utility":"House Mountain","balancing_authority":"ERCO","nameplate_mw":73.2,"max_grid_voltage_kv":69,"technologies":["Batteries"],"note":"Generation capacity + interconnected grid voltage, used as a proxy for nearby transmission density. NOT substation headroom (that data is CEII-restricted, 18 CFR 388.113, and not public) -- treat as an estimate."}},{"type":"Feature","geometry":{"type":"Point","coordinates":[-103.36177,31.19729]},"properties":{"plant_code":66007,"name":"Flower Valley II","county":"Reeves","utility":"Flower Valley II","balancing_authority":"ERCO","nameplate_mw":101.0,"max_grid_voltage_kv":138,"technologies":["Batteries"],"note":"Generation capacity + interconnected grid voltage, used as a proxy for nearby transmission density. NOT substation headroom (that data is CEII-restricted, 18 CFR 388.113, and not public) -- treat as an estimate."}},{"type":"Feature","geometry":{"type":"Point","coordinates":[-103.36177,31.45115]},"properties":{"plant_code":66008,"name":"Swoose II","county":"Ward","utility":"Swoose II","balancing_authority":"ERCO","nameplate_mw":101.0,"max_grid_voltage_kv":138,"technologies":["Batteries"],"note":"Generation capacity + interconnected grid voltage, used as a proxy for nearby transmission density. NOT substation headroom (that data is CEII-restricted, 18 CFR 388.113, and not public) -- treat as an estimate."}},{"type":"Feature","geometry":{"type":"Point","coordinates":[-102.31723,31.19169]},"properties":{"plant_code":66009,"name":"Crossett Power Management LLC","county":"Crane","utility":"Crossett Power Management LLC","balancing_authority":"ERCO","nameplate_mw":203.0,"max_grid_voltage_kv":138,"technologies":["Batteries"],"note":"Generation capacity + interconnected grid voltage, used as a proxy for nearby transmission density. NOT substation headroom (that data is CEII-restricted, 18 CFR 388.113, and not public) -- treat as an estimate."}},{"type":"Feature","geometry":{"type":"Point","coordinates":[-95.7612,29.1779]},"properties":{"plant_code":66046,"name":"Brazoria County Solar Project (Danciger)","county":"Brazoria","utility":"Brazoria County Solar Project, LLC","balancing_authority":"ERCO","nameplate_mw":200.0,"max_grid_voltage_kv":138,"technologies":["Solar Photovoltaic"],"note":"Generation capacity + interconnected grid voltage, used as a proxy for nearby transmission density. NOT substation headroom (that data is CEII-restricted, 18 CFR 388.113, and not public) -- treat as an estimate."}},{"type":"Feature","geometry":{"type":"Point","coordinates":[-96.09,29.0919]},"properties":{"plant_code":66123,"name":"Prairie Switch Wind LLC","county":"Wharton","utility":"Prairie Switch Wind LLC","balancing_authority":"ERCO","nameplate_mw":163.2,"max_grid_voltage_kv":138,"technologies":["Onshore Wind Turbine"],"note":"Generation capacity + interconnected grid voltage, used as a proxy for nearby transmission density. NOT substation headroom (that data is CEII-restricted, 18 CFR 388.113, and not public) -- treat as an estimate."}},{"type":"Feature","geometry":{"type":"Point","coordinates":[-94.48631,30.01026]},"properties":{"plant_code":66132,"name":"Trinity River Solar 1","county":"Liberty","utility":"Lightsource Renewable Energy Asset Management, LLC","balancing_authority":"ERCO","nameplate_mw":0.0,"max_grid_voltage_kv":138,"technologies":[],"note":"Generation capacity + interconnected grid voltage, used as a proxy for nearby transmission density. NOT substation headroom (that data is CEII-restricted, 18 CFR 388.113, and not public) -- treat as an estimate."}},{"type":"Feature","geometry":{"type":"Point","coordinates":[-100.56203,29.35099]},"properties":{"plant_code":66137,"name":"Zier Solar","county":"Kinney","utility":"Cypress Creek Renewables","balancing_authority":"ERCO","nameplate_mw":200.4,"max_grid_voltage_kv":138,"technologies":["Batteries","Solar Photovoltaic"],"note":"Generation capacity + interconnected grid voltage, used as a proxy for nearby transmission density. NOT substation headroom (that data is CEII-restricted, 18 CFR 388.113, and not public) -- treat as an estimate."}},{"type":"Feature","geometry":{"type":"Point","coordinates":[-96.14157,29.15923]},"properties":{"plant_code":66157,"name":"Red Tailed Hawk Solar LLC","county":"Wharton","utility":"Acciona Energy USA Global, LLC","balancing_authority":"ERCO","nameplate_mw":360.0,"max_grid_voltage_kv":345,"technologies":["Solar Photovoltaic"],"note":"Generation capacity + interconnected grid voltage, used as a proxy for nearby transmission density. NOT substation headroom (that data is CEII-restricted, 18 CFR 388.113, and not public) -- treat as an estimate."}},{"type":"Feature","geometry":{"type":"Point","coordinates":[-96.85863,31.04568]},"properties":{"plant_code":66168,"name":"Cattlemen Solar Park","county":"Milam","utility":"Cattlemen Solar Park LLC","balancing_authority":"ERCO","nameplate_mw":0.0,"max_grid_voltage_kv":345,"technologies":[],"note":"Generation capacity + interconnected grid voltage, used as a proxy for nearby transmission density. NOT substation headroom (that data is CEII-restricted, 18 CFR 388.113, and not public) -- treat as an estimate."}},{"type":"Feature","geometry":{"type":"Point","coordinates":[-102.30852,31.23346]},"properties":{"plant_code":66170,"name":"Revolution","county":"Crane","utility":"Crane 2 BESS, LLC","balancing_authority":"ERCO","nameplate_mw":150.0,"max_grid_voltage_kv":138,"technologies":["Batteries"],"note":"Generation capacity + interconnected grid voltage, used as a proxy for nearby transmission density. NOT substation headroom (that data is CEII-restricted, 18 CFR 388.113, and not public) -- treat as an estimate."}},{"type":"Feature","geometry":{"type":"Point","coordinates":[-96.8514,31.0444]},"properties":{"plant_code":66216,"name":"Yaupon Solar Project (Hybrid)","county":"Milam","utility":"Yaupon Solar, LLC","balancing_authority":"ERCO","nameplate_mw":0.0,"max_grid_voltage_kv":345,"technologies":[],"note":"Generation capacity + interconnected grid voltage, used as a proxy for nearby transmission density. NOT substation headroom (that data is CEII-restricted, 18 CFR 388.113, and not public) -- treat as an estimate."}},{"type":"Feature","geometry":{"type":"Point","coordinates":[-95.78,29.39]},"properties":{"plant_code":66262,"name":"Cutlass Solar II","county":"Fort Bend","utility":"Cutlass II Solar LLC","balancing_authority":"ERCO","nameplate_mw":202.8,"max_grid_voltage_kv":345,"technologies":["Solar Photovoltaic"],"note":"Generation capacity + interconnected grid voltage, used as a proxy for nearby transmission density. NOT substation headroom (that data is CEII-restricted, 18 CFR 388.113, and not public) -- treat as an estimate."}},{"type":"Feature","geometry":{"type":"Point","coordinates":[-98.5721,29.42008]},"properties":{"plant_code":66293,"name":"Alamo 3 BESS 2","county":"Bexar","utility":"Consolidated Edison Development Inc.","balancing_authority":"ERCO","nameplate_mw":0.0,"max_grid_voltage_kv":138,"technologies":[],"note":"Generation capacity + interconnected grid voltage, used as a proxy for nearby transmission density. NOT substation headroom (that data is CEII-restricted, 18 CFR 388.113, and not public) -- treat as an estimate."}},{"type":"Feature","geometry":{"type":"Point","coordinates":[-100.39185,29.32503]},"properties":{"plant_code":66294,"name":"Alamo 4 BESS","county":"Kinney","utility":"Consolidated Edison Development Inc.","balancing_authority":"ERCO","nameplate_mw":0.0,"max_grid_voltage_kv":138,"technologies":[],"note":"Generation capacity + interconnected grid voltage, used as a proxy for nearby transmission density. NOT substation headroom (that data is CEII-restricted, 18 CFR 388.113, and not public) -- treat as an estimate."}},{"type":"Feature","geometry":{"type":"Point","coordinates":[-99.70028,29.22596]},"properties":{"plant_code":66295,"name":"Alamo 5 BESS 1","county":"Uvalde","utility":"Consolidated Edison Development Inc.","balancing_authority":"ERCO","nameplate_mw":0.0,"max_grid_voltage_kv":138,"technologies":[],"note":"Generation capacity + interconnected grid voltage, used as a proxy for nearby transmission density. NOT substation headroom (that data is CEII-restricted, 18 CFR 388.113, and not public) -- treat as an estimate."}},{"type":"Feature","geometry":{"type":"Point","coordinates":[-99.74638,29.21997]},"properties":{"plant_code":66296,"name":"Alamo 5 BESS 2","county":"Uvalde","utility":"Consolidated Edison Development Inc.","balancing_authority":"ERCO","nameplate_mw":0.0,"max_grid_voltage_kv":138,"technologies":[],"note":"Generation capacity + interconnected grid voltage, used as a proxy for nearby transmission density. NOT substation headroom (that data is CEII-restricted, 18 CFR 388.113, and not public) -- treat as an estimate."}},{"type":"Feature","geometry":{"type":"Point","coordinates":[-99.60541,33.00659]},"properties":{"plant_code":66297,"name":"Alamo 7 BESS 1","county":"Haskell","utility":"Consolidated Edison Development Inc.","balancing_authority":"ERCO","nameplate_mw":0.0,"max_grid_voltage_kv":138,"technologies":[],"note":"Generation capacity + interconnected grid voltage, used as a proxy for nearby transmission density. NOT substation headroom (that data is CEII-restricted, 18 CFR 388.113, and not public) -- treat as an estimate."}},{"type":"Feature","geometry":{"type":"Point","coordinates":[-99.60541,33.00659]},"properties":{"plant_code":66298,"name":"Alamo 7 BESS 2","county":"Haskell","utility":"Consolidated Edison Development Inc.","balancing_authority":"ERCO","nameplate_mw":0.0,"max_grid_voltage_kv":138,"technologies":[],"note":"Generation capacity + interconnected grid voltage, used as a proxy for nearby transmission density. NOT substation headroom (that data is CEII-restricted, 18 CFR 388.113, and not public) -- treat as an estimate."}},{"type":"Feature","geometry":{"type":"Point","coordinates":[-102.309,31.234]},"properties":{"plant_code":66300,"name":"Crane 2 BESS 2","county":"Hidalgo","utility":"Consolidated Edison Development Inc.","balancing_authority":"ERCO","nameplate_mw":0.0,"max_grid_voltage_kv":138,"technologies":[],"note":"Generation capacity + interconnected grid voltage, used as a proxy for nearby transmission density. NOT substation headroom (that data is CEII-restricted, 18 CFR 388.113, and not public) -- treat as an estimate."}},{"type":"Feature","geometry":{"type":"Point","coordinates":[-97.45238,28.43033]},"properties":{"plant_code":66301,"name":"Peregrine BESS 1","county":"Goliad","utility":"RWE Clean Energy","balancing_authority":"ERCO","nameplate_mw":0.0,"max_grid_voltage_kv":345,"technologies":[],"note":"Generation capacity + interconnected grid voltage, used as a proxy for nearby transmission density. NOT substation headroom (that data is CEII-restricted, 18 CFR 388.113, and not public) -- treat as an estimate."}},{"type":"Feature","geometry":{"type":"Point","coordinates":[-97.45238,28.43033]},"properties":{"plant_code":66302,"name":"Peregrine BESS 2","county":"Goliad","utility":"RWE Clean Energy","balancing_authority":"ERCO","nameplate_mw":0.0,"max_grid_voltage_kv":345,"technologies":[],"note":"Generation capacity + interconnected grid voltage, used as a proxy for nearby transmission density. NOT substation headroom (that data is CEII-restricted, 18 CFR 388.113, and not public) -- treat as an estimate."}},{"type":"Feature","geometry":{"type":"Point","coordinates":[-102.3002,31.24952]},"properties":{"plant_code":66303,"name":"Upton BESS 2","county":"Hidalgo","utility":"Consolidated Edison Development Inc.","balancing_authority":"ERCO","nameplate_mw":0.0,"max_grid_voltage_kv":138,"technologies":[],"note":"Generation capacity + interconnected grid voltage, used as a proxy for nearby transmission density. NOT substation headroom (that data is CEII-restricted, 18 CFR 388.113, and not public) -- treat as an estimate."}},{"type":"Feature","geometry":{"type":"Point","coordinates":[-99.69905,29.22581]},"properties":{"plant_code":66304,"name":"Uvalde 2 BESS 1","county":"Uvalde","utility":"Consolidated Edison Development Inc.","balancing_authority":"ERCO","nameplate_mw":0.0,"max_grid_voltage_kv":138,"technologies":[],"note":"Generation capacity + interconnected grid voltage, used as a proxy for nearby transmission density. NOT substation headroom (that data is CEII-restricted, 18 CFR 388.113, and not public) -- treat as an estimate."}},{"type":"Feature","geometry":{"type":"Point","coordinates":[-99.69915,29.22589]},"properties":{"plant_code":66305,"name":"Uvalde 2 BESS 2","county":"Uvalde","utility":"Consolidated Edison Development Inc.","balancing_authority":"ERCO","nameplate_mw":0.0,"max_grid_voltage_kv":138,"technologies":[],"note":"Generation capacity + interconnected grid voltage, used as a proxy for nearby transmission density. NOT substation headroom (that data is CEII-restricted, 18 CFR 388.113, and not public) -- treat as an estimate."}},{"type":"Feature","geometry":{"type":"Point","coordinates":[-99.69915,29.22574]},"properties":{"plant_code":66306,"name":"Uvalde Solar 1","county":"Uvalde","utility":"RWE Clean Energy","balancing_authority":"ERCO","nameplate_mw":0.0,"max_grid_voltage_kv":138,"technologies":[],"note":"Generation capacity + interconnected grid voltage, used as a proxy for nearby transmission density. NOT substation headroom (that data is CEII-restricted, 18 CFR 388.113, and not public) -- treat as an estimate."}},{"type":"Feature","geometry":{"type":"Point","coordinates":[-99.69913,29.22577]},"properties":{"plant_code":66309,"name":"Uvalde Solar 2","county":"Uvalde","utility":"RWE Clean Energy","balancing_authority":"ERCO","nameplate_mw":0.0,"max_grid_voltage_kv":138,"technologies":[],"note":"Generation capacity + interconnected grid voltage, used as a proxy for nearby transmission density. NOT substation headroom (that data is CEII-restricted, 18 CFR 388.113, and not public) -- treat as an estimate."}},{"type":"Feature","geometry":{"type":"Point","coordinates":[-95.73405,29.40967]},"properties":{"plant_code":66310,"name":"Cutlass Solar 1 LLC","county":"Fort Bend","utility":"Cutlass Solar 1, LLC","balancing_authority":"ERCO","nameplate_mw":110.9,"max_grid_voltage_kv":345,"technologies":["Solar Photovoltaic"],"note":"Generation capacity + interconnected grid voltage, used as a proxy for nearby transmission density. NOT substation headroom (that data is CEII-restricted, 18 CFR 388.113, and not public) -- treat as an estimate."}},{"type":"Feature","geometry":{"type":"Point","coordinates":[-99.468,33.268]},"properties":{"plant_code":66321,"name":"King Creek Wind Farm 1, LLC","county":"Haskell","utility":"King Creek Wind Farm 1, LLC","balancing_authority":"ERCO","nameplate_mw":184.0,"max_grid_voltage_kv":345,"technologies":["Onshore Wind Turbine"],"note":"Generation capacity + interconnected grid voltage, used as a proxy for nearby transmission density. NOT substation headroom (that data is CEII-restricted, 18 CFR 388.113, and not public) -- treat as an estimate."}},{"type":"Feature","geometry":{"type":"Point","coordinates":[-99.38989,33.18241]},"properties":{"plant_code":66323,"name":"King Creek Wind Farm 2, LLC","county":"Throckmorton","utility":"King Creek Wind Farm 2, LLC","balancing_authority":"ERCO","nameplate_mw":209.0,"max_grid_voltage_kv":345,"technologies":["Onshore Wind Turbine"],"note":"Generation capacity + interconnected grid voltage, used as a proxy for nearby transmission density. NOT substation headroom (that data is CEII-restricted, 18 CFR 388.113, and not public) -- treat as an estimate."}},{"type":"Feature","geometry":{"type":"Point","coordinates":[-97.07141,32.18398]},"properties":{"plant_code":66324,"name":"BPL Files Solar","county":"Hill","utility":"BPL Files Solar LLC","balancing_authority":"ERCO","nameplate_mw":157.5,"max_grid_voltage_kv":345,"technologies":["Solar Photovoltaic"],"note":"Generation capacity + interconnected grid voltage, used as a proxy for nearby transmission density. NOT substation headroom (that data is CEII-restricted, 18 CFR 388.113, and not public) -- treat as an estimate."}},{"type":"Feature","geometry":{"type":"Point","coordinates":[-97.807,29.875]},"properties":{"plant_code":66335,"name":"Timmerman Power Plant","county":"Caldwell","utility":"Lower Colorado River Authority","balancing_authority":"ERCO","nameplate_mw":180.0,"max_grid_voltage_kv":345,"technologies":["Natural Gas Internal Combustion Engine"],"note":"Generation capacity + interconnected grid voltage, used as a proxy for nearby transmission density. NOT substation headroom (that data is CEII-restricted, 18 CFR 388.113, and not public) -- treat as an estimate."}},{"type":"Feature","geometry":{"type":"Point","coordinates":[-102.95358,30.92438]},"properties":{"plant_code":66336,"name":"St. Gall Energy Storage I","county":"Pecos","utility":"St. Gall Energy Storage I","balancing_authority":"ERCO","nameplate_mw":102.6,"max_grid_voltage_kv":138,"technologies":["Batteries"],"note":"Generation capacity + interconnected grid voltage, used as a proxy for nearby transmission density. NOT substation headroom (that data is CEII-restricted, 18 CFR 388.113, and not public) -- treat as an estimate."}},{"type":"Feature","geometry":{"type":"Point","coordinates":[-96.66368,31.09828]},"properties":{"plant_code":66337,"name":"Tidwell Prairie Storage 1","county":"Robertson","utility":"Tidwell Prairie","balancing_authority":"ERCO","nameplate_mw":200.0,"max_grid_voltage_kv":138,"technologies":["Batteries"],"note":"Generation capacity + interconnected grid voltage, used as a proxy for nearby transmission density. NOT substation headroom (that data is CEII-restricted, 18 CFR 388.113, and not public) -- treat as an estimate."}},{"type":"Feature","geometry":{"type":"Point","coordinates":[-95.45054,29.64681]},"properties":{"plant_code":66338,"name":"Callisto I Energy Center","county":"Harris","utility":"Callisto I Energy Center","balancing_authority":"ERCO","nameplate_mw":223.4,"max_grid_voltage_kv":138,"technologies":["Batteries"],"note":"Generation capacity + interconnected grid voltage, used as a proxy for nearby transmission density. NOT substation headroom (that data is CEII-restricted, 18 CFR 388.113, and not public) -- treat as an estimate."}},{"type":"Feature","geometry":{"type":"Point","coordinates":[-95.57444,33.43326]},"properties":{"plant_code":66341,"name":"Eagle Springs Hybrid","county":"Delta","utility":"Sunraycer Assets I LLC","balancing_authority":"ERCO","nameplate_mw":0.0,"max_grid_voltage_kv":138,"technologies":[],"note":"Generation capacity + interconnected grid voltage, used as a proxy for nearby transmission density. NOT substation headroom (that data is CEII-restricted, 18 CFR 388.113, and not public) -- treat as an estimate."}},{"type":"Feature","geometry":{"type":"Point","coordinates":[-96.19527,32.16077]},"properties":{"plant_code":66342,"name":"Gaia Hybrid","county":"Navarro","utility":"Sunraycer Assets I LLC","balancing_authority":"ERCO","nameplate_mw":0.0,"max_grid_voltage_kv":138,"technologies":[],"note":"Generation capacity + interconnected grid voltage, used as a proxy for nearby transmission density. NOT substation headroom (that data is CEII-restricted, 18 CFR 388.113, and not public) -- treat as an estimate."}},{"type":"Feature","geometry":{"type":"Point","coordinates":[-95.62905,33.63919]},"properties":{"plant_code":66390,"name":"MRG Goody Solar Project Hybrid","county":"Lamar","utility":"Nexus Renewable Power, LLC","balancing_authority":"ERCO","nameplate_mw":0.0,"max_grid_voltage_kv":138,"technologies":[],"note":"Generation capacity + interconnected grid voltage, used as a proxy for nearby transmission density. NOT substation headroom (that data is CEII-restricted, 18 CFR 388.113, and not public) -- treat as an estimate."}},{"type":"Feature","geometry":{"type":"Point","coordinates":[-97.01642,31.90022]},"properties":{"plant_code":66391,"name":"Ash Creek BESS","county":"Hill","utility":"ACTX BESS Project LLC","balancing_authority":"ERCO","nameplate_mw":0.0,"max_grid_voltage_kv":null,"technologies":[],"note":"Generation capacity + interconnected grid voltage, used as a proxy for nearby transmission density. NOT substation headroom (that data is CEII-restricted, 18 CFR 388.113, and not public) -- treat as an estimate."}},{"type":"Feature","geometry":{"type":"Point","coordinates":[-96.67385,31.52147]},"properties":{"plant_code":66396,"name":"Naduah Solar","county":"Limestone","utility":"Gransolar Texas Fifteen, LLC","balancing_authority":"ERCO","nameplate_mw":0.0,"max_grid_voltage_kv":69,"technologies":[],"note":"Generation capacity + interconnected grid voltage, used as a proxy for nearby transmission density. NOT substation headroom (that data is CEII-restricted, 18 CFR 388.113, and not public) -- treat as an estimate."}},{"type":"Feature","geometry":{"type":"Point","coordinates":[-97.31086,31.42742]},"properties":{"plant_code":66397,"name":"Tokio Solar","county":"McLennan","utility":"Gransolar Texas Eight, LLC","balancing_authority":"ERCO","nameplate_mw":0.0,"max_grid_voltage_kv":138,"technologies":[],"note":"Generation capacity + interconnected grid voltage, used as a proxy for nearby transmission density. NOT substation headroom (that data is CEII-restricted, 18 CFR 388.113, and not public) -- treat as an estimate."}},{"type":"Feature","geometry":{"type":"Point","coordinates":[-96.7,31.87262]},"properties":{"plant_code":66398,"name":"Eytcheson Solar","county":"Navarro","utility":"Gransolar Texas Fourteen, LLC","balancing_authority":"ERCO","nameplate_mw":0.0,"max_grid_voltage_kv":69,"technologies":[],"note":"Generation capacity + interconnected grid voltage, used as a proxy for nearby transmission density. NOT substation headroom (that data is CEII-restricted, 18 CFR 388.113, and not public) -- treat as an estimate."}},{"type":"Feature","geometry":{"type":"Point","coordinates":[-97.409,31.54]},"properties":{"plant_code":66399,"name":"OCI Lone Sun","county":"McLennan","utility":"OCI Energy LLC","balancing_authority":"ERCO","nameplate_mw":0.0,"max_grid_voltage_kv":138,"technologies":[],"note":"Generation capacity + interconnected grid voltage, used as a proxy for nearby transmission density. NOT substation headroom (that data is CEII-restricted, 18 CFR 388.113, and not public) -- treat as an estimate."}},{"type":"Feature","geometry":{"type":"Point","coordinates":[-98.456,29.271]},"properties":{"plant_code":66400,"name":"Bexar ESS","county":"Bexar","utility":"Bexar ESS, LLC","balancing_authority":"ERCO","nameplate_mw":0.0,"max_grid_voltage_kv":138,"technologies":[],"note":"Generation capacity + interconnected grid voltage, used as a proxy for nearby transmission density. NOT substation headroom (that data is CEII-restricted, 18 CFR 388.113, and not public) -- treat as an estimate."}},{"type":"Feature","geometry":{"type":"Point","coordinates":[-97.021,31.941]},"properties":{"plant_code":66401,"name":"OCI Hillsboro","county":"Hill","utility":"HEC Renewable Energy America LLC","balancing_authority":"ERCO","nameplate_mw":0.0,"max_grid_voltage_kv":345,"technologies":[],"note":"Generation capacity + interconnected grid voltage, used as a proxy for nearby transmission density. NOT substation headroom (that data is CEII-restricted, 18 CFR 388.113, and not public) -- treat as an estimate."}},{"type":"Feature","geometry":{"type":"Point","coordinates":[-98.21374,31.73818]},"properties":{"plant_code":66410,"name":"Grizzly Ridge Solar","county":"Hamilton","utility":"Grizzly Ridge Solar LLC","balancing_authority":"ERCO","nameplate_mw":100.0,"max_grid_voltage_kv":69,"technologies":["Solar Photovoltaic"],"note":"Generation capacity + interconnected grid voltage, used as a proxy for nearby transmission density. NOT substation headroom (that data is CEII-restricted, 18 CFR 388.113, and not public) -- treat as an estimate."}},{"type":"Feature","geometry":{"type":"Point","coordinates":[-97.53276,25.94113]},"properties":{"plant_code":66411,"name":"Hecate Grid East Valley Storage","county":"Cameron","utility":"Hecate Grid East Valley Storage, LLC","balancing_authority":"ERCO","nameplate_mw":0.0,"max_grid_voltage_kv":138,"technologies":[],"note":"Generation capacity + interconnected grid voltage, used as a proxy for nearby transmission density. NOT substation headroom (that data is CEII-restricted, 18 CFR 388.113, and not public) -- treat as an estimate."}},{"type":"Feature","geometry":{"type":"Point","coordinates":[-96.2362,29.02939]},"properties":{"plant_code":66414,"name":"Hecate Energy Ramsey Storage","county":"Wharton","utility":"Hecate Energy Ramsey Storage, LLC","balancing_authority":"ERCO","nameplate_mw":0.0,"max_grid_voltage_kv":345,"technologies":[],"note":"Generation capacity + interconnected grid voltage, used as a proxy for nearby transmission density. NOT substation headroom (that data is CEII-restricted, 18 CFR 388.113, and not public) -- treat as an estimate."}},{"type":"Feature","geometry":{"type":"Point","coordinates":[-97.25902,30.99865]},"properties":{"plant_code":66420,"name":"Five Wells Solar Center - Hybrid","county":"Bell","utility":"Five Wells Solar Center, LLC","balancing_authority":"ERCO","nameplate_mw":617.9,"max_grid_voltage_kv":345,"technologies":["Batteries","Solar Photovoltaic"],"note":"Generation capacity + interconnected grid voltage, used as a proxy for nearby transmission density. NOT substation headroom (that data is CEII-restricted, 18 CFR 388.113, and not public) -- treat as an estimate."}},{"type":"Feature","geometry":{"type":"Point","coordinates":[-100.20977,29.28226]},"properties":{"plant_code":66421,"name":"Despain Solar","county":"Kinney","utility":"Gransolar Texas Thirteen, LLC","balancing_authority":"ERCO","nameplate_mw":0.0,"max_grid_voltage_kv":null,"technologies":[],"note":"Generation capacity + interconnected grid voltage, used as a proxy for nearby transmission density. NOT substation headroom (that data is CEII-restricted, 18 CFR 388.113, and not public) -- treat as an estimate."}},{"type":"Feature","geometry":{"type":"Point","coordinates":[-95.52506,33.59917]},"properties":{"plant_code":66471,"name":"Eiffel Solar Project","county":"Lamar","utility":"Paris Farm Solar, LLC","balancing_authority":"ERCO","nameplate_mw":240.0,"max_grid_voltage_kv":138,"technologies":["Solar Photovoltaic"],"note":"Generation capacity + interconnected grid voltage, used as a proxy for nearby transmission density. NOT substation headroom (that data is CEII-restricted, 18 CFR 388.113, and not public) -- treat as an estimate."}},{"type":"Feature","geometry":{"type":"Point","coordinates":[-99.22399,26.93482]},"properties":{"plant_code":66493,"name":"Desert Vine Solar","county":"Zapata","utility":"Desert Vine Solar LLC","balancing_authority":"ERCO","nameplate_mw":0.0,"max_grid_voltage_kv":138,"technologies":[],"note":"Generation capacity + interconnected grid voltage, used as a proxy for nearby transmission density. NOT substation headroom (that data is CEII-restricted, 18 CFR 388.113, and not public) -- treat as an estimate."}},{"type":"Feature","geometry":{"type":"Point","coordinates":[-96.75577,32.65227]},"properties":{"plant_code":66516,"name":"TX Dallas 7750 Dynasty Drive","county":"Dallas","utility":"Catalyze Dallas 7750 Dynasty Drive Microgrid, LLC","balancing_authority":"ERCO","nameplate_mw":0.0,"max_grid_voltage_kv":4.8,"technologies":[],"note":"Generation capacity + interconnected grid voltage, used as a proxy for nearby transmission density. NOT substation headroom (that data is CEII-restricted, 18 CFR 388.113, and not public) -- treat as an estimate."}},{"type":"Feature","geometry":{"type":"Point","coordinates":[-95.24706,29.82514]},"properties":{"plant_code":66517,"name":"TX Houston 7080 Express Lane","county":"Harris","utility":"Catalyze Houston Express Lane Microgrid, LLC","balancing_authority":"ERCO","nameplate_mw":1.9,"max_grid_voltage_kv":4.8,"technologies":["Solar Photovoltaic"],"note":"Generation capacity + interconnected grid voltage, used as a proxy for nearby transmission density. NOT substation headroom (that data is CEII-restricted, 18 CFR 388.113, and not public) -- treat as an estimate."}},{"type":"Feature","geometry":{"type":"Point","coordinates":[-95.07516,29.69595]},"properties":{"plant_code":66518,"name":"TX LaPort 10060 Porter Road Solar","county":"Harris","utility":"Catalyze La Porte 10060 Porter Road Microgrid, LLC","balancing_authority":"ERCO","nameplate_mw":0.0,"max_grid_voltage_kv":4.8,"technologies":[],"note":"Generation capacity + interconnected grid voltage, used as a proxy for nearby transmission density. NOT substation headroom (that data is CEII-restricted, 18 CFR 388.113, and not public) -- treat as an estimate."}},{"type":"Feature","geometry":{"type":"Point","coordinates":[-95.07023,29.61498]},"properties":{"plant_code":66519,"name":"TX Pasadena 10585 Red Bluff Road Solar","county":"Harris","utility":"Catalyze Pasadena 10585 Red Bluff Road Microgrid, LLC","balancing_authority":"ERCO","nameplate_mw":0.0,"max_grid_voltage_kv":4.8,"technologies":[],"note":"Generation capacity + interconnected grid voltage, used as a proxy for nearby transmission density. NOT substation headroom (that data is CEII-restricted, 18 CFR 388.113, and not public) -- treat as an estimate."}},{"type":"Feature","geometry":{"type":"Point","coordinates":[-96.56668,32.77442]},"properties":{"plant_code":66520,"name":"TX Sunnyvale 367 Long Creek Road Solar","county":"Dallas","utility":"Catalyze Sunnyvale 367 Long Creek Road Microgrid, LLC","balancing_authority":"ERCO","nameplate_mw":2.0,"max_grid_voltage_kv":4.8,"technologies":["Solar Photovoltaic"],"note":"Generation capacity + interconnected grid voltage, used as a proxy for nearby transmission density. NOT substation headroom (that data is CEII-restricted, 18 CFR 388.113, and not public) -- treat as an estimate."}},{"type":"Feature","geometry":{"type":"Point","coordinates":[-101.9043,31.7983]},"properties":{"plant_code":66531,"name":"Pioneer Hutt Wind Energy","county":"Midland","utility":"Pioneer Hutt Wind Energy, LLC","balancing_authority":"ERCO","nameplate_mw":140.0,"max_grid_voltage_kv":138,"technologies":["Onshore Wind Turbine"],"note":"Generation capacity + interconnected grid voltage, used as a proxy for nearby transmission density. NOT substation headroom (that data is CEII-restricted, 18 CFR 388.113, and not public) -- treat as an estimate."}},{"type":"Feature","geometry":{"type":"Point","coordinates":[-101.607,30.936]},"properties":{"plant_code":66540,"name":"Shamrock Wind","county":"Crockett","utility":"Shamrock Wind LLC","balancing_authority":"ERCO","nameplate_mw":323.9,"max_grid_voltage_kv":345,"technologies":["Batteries","Onshore Wind Turbine"],"note":"Generation capacity + interconnected grid voltage, used as a proxy for nearby transmission density. NOT substation headroom (that data is CEII-restricted, 18 CFR 388.113, and not public) -- treat as an estimate."}},{"type":"Feature","geometry":{"type":"Point","coordinates":[-95.39038,29.55952]},"properties":{"plant_code":66549,"name":"HEB00063","county":"Brazoria","utility":"Texas Microgrid, LLC","balancing_authority":"ERCO","nameplate_mw":1.6,"max_grid_voltage_kv":138,"technologies":["Natural Gas Internal Combustion Engine"],"note":"Generation capacity + interconnected grid voltage, used as a proxy for nearby transmission density. NOT substation headroom (that data is CEII-restricted, 18 CFR 388.113, and not public) -- treat as an estimate."}},{"type":"Feature","geometry":{"type":"Point","coordinates":[-97.26251,27.69493]},"properties":{"plant_code":66550,"name":"HEB00069","county":"Nueces","utility":"Texas Microgrid, LLC","balancing_authority":"ERCO","nameplate_mw":1.6,"max_grid_voltage_kv":138,"technologies":["Natural Gas Internal Combustion Engine"],"note":"Generation capacity + interconnected grid voltage, used as a proxy for nearby transmission density. NOT substation headroom (that data is CEII-restricted, 18 CFR 388.113, and not public) -- treat as an estimate."}},{"type":"Feature","geometry":{"type":"Point","coordinates":[-100.00646,32.78117]},"properties":{"plant_code":66559,"name":"Jones City 1 Solar","county":"Jones","utility":"Lightsource Renewable Energy Asset Management, LLC","balancing_authority":"ERCO","nameplate_mw":0.0,"max_grid_voltage_kv":null,"technologies":[],"note":"Generation capacity + interconnected grid voltage, used as a proxy for nearby transmission density. NOT substation headroom (that data is CEII-restricted, 18 CFR 388.113, and not public) -- treat as an estimate."}},{"type":"Feature","geometry":{"type":"Point","coordinates":[-95.79914,29.78792]},"properties":{"plant_code":66561,"name":"BUC00040","county":"Fort Bend","utility":"Texas Microgrid, LLC","balancing_authority":"ERCO","nameplate_mw":1.6,"max_grid_voltage_kv":138,"technologies":["Natural Gas Internal Combustion Engine"],"note":"Generation capacity + interconnected grid voltage, used as a proxy for nearby transmission density. NOT substation headroom (that data is CEII-restricted, 18 CFR 388.113, and not public) -- treat as an estimate."}},{"type":"Feature","geometry":{"type":"Point","coordinates":[-97.65854,30.51882]},"properties":{"plant_code":66562,"name":"HEB00591","county":"Williamson","utility":"Texas Microgrid, LLC","balancing_authority":"ERCO","nameplate_mw":1.6,"max_grid_voltage_kv":138,"technologies":["Natural Gas Internal Combustion Engine"],"note":"Generation capacity + interconnected grid voltage, used as a proxy for nearby transmission density. NOT substation headroom (that data is CEII-restricted, 18 CFR 388.113, and not public) -- treat as an estimate."}},{"type":"Feature","geometry":{"type":"Point","coordinates":[-96.9968,28.85187]},"properties":{"plant_code":66563,"name":"HEB00092","county":"Victoria","utility":"Texas Microgrid, LLC","balancing_authority":"ERCO","nameplate_mw":1.6,"max_grid_voltage_kv":69,"technologies":["Natural Gas Internal Combustion Engine"],"note":"Generation capacity + interconnected grid voltage, used as a proxy for nearby transmission density. NOT substation headroom (that data is CEII-restricted, 18 CFR 388.113, and not public) -- treat as an estimate."}},{"type":"Feature","geometry":{"type":"Point","coordinates":[-99.47387,27.60748]},"properties":{"plant_code":66564,"name":"HEB00095","county":"Webb","utility":"Texas Microgrid, LLC","balancing_authority":"ERCO","nameplate_mw":1.6,"max_grid_voltage_kv":138,"technologies":["Natural Gas Internal Combustion Engine"],"note":"Generation capacity + interconnected grid voltage, used as a proxy for nearby transmission density. NOT substation headroom (that data is CEII-restricted, 18 CFR 388.113, and not public) -- treat as an estimate."}},{"type":"Feature","geometry":{"type":"Point","coordinates":[-97.46234,27.78629]},"properties":{"plant_code":66565,"name":"HEBCCBakery","county":"Nueces","utility":"Texas Microgrid, LLC","balancing_authority":"ERCO","nameplate_mw":3.2,"max_grid_voltage_kv":69,"technologies":["Natural Gas Internal Combustion Engine"],"note":"Generation capacity + interconnected grid voltage, used as a proxy for nearby transmission density. NOT substation headroom (that data is CEII-restricted, 18 CFR 388.113, and not public) -- treat as an estimate."}},{"type":"Feature","geometry":{"type":"Point","coordinates":[-95.54062,29.84447]},"properties":{"plant_code":66566,"name":"HEBSnackPlant","county":"Harris","utility":"Texas Microgrid, LLC","balancing_authority":"ERCO","nameplate_mw":1.6,"max_grid_voltage_kv":138,"technologies":["Natural Gas Internal Combustion Engine"],"note":"Generation capacity + interconnected grid voltage, used as a proxy for nearby transmission density. NOT substation headroom (that data is CEII-restricted, 18 CFR 388.113, and not public) -- treat as an estimate."}},{"type":"Feature","geometry":{"type":"Point","coordinates":[-95.53685,29.8397]},"properties":{"plant_code":66567,"name":"HEBHoustonDistributionCenter","county":"Harris","utility":"Texas Microgrid, LLC","balancing_authority":"ERCO","nameplate_mw":12.8,"max_grid_voltage_kv":138,"technologies":["Natural Gas Internal Combustion Engine"],"note":"Generation capacity + interconnected grid voltage, used as a proxy for nearby transmission density. NOT substation headroom (that data is CEII-restricted, 18 CFR 388.113, and not public) -- treat as an estimate."}},{"type":"Feature","geometry":{"type":"Point","coordinates":[-97.25464,33.15577]},"properties":{"plant_code":66571,"name":"BKV-BPP Ponder Solar","county":"Denton","utility":"PPM Solar LLC","balancing_authority":"ERCO","nameplate_mw":2.5,"max_grid_voltage_kv":24.9,"technologies":["Solar Photovoltaic"],"note":"Generation capacity + interconnected grid voltage, used as a proxy for nearby transmission density. NOT substation headroom (that data is CEII-restricted, 18 CFR 388.113, and not public) -- treat as an estimate."}},{"type":"Feature","geometry":{"type":"Point","coordinates":[-101.2766,32.49435]},"properties":{"plant_code":66572,"name":"Highpeak Solar 1","county":"Howard","utility":"PPM Solar LLC","balancing_authority":"ERCO","nameplate_mw":10.0,"max_grid_voltage_kv":24.9,"technologies":["Solar Photovoltaic"],"note":"Generation capacity + interconnected grid voltage, used as a proxy for nearby transmission density. NOT substation headroom (that data is CEII-restricted, 18 CFR 388.113, and not public) -- treat as an estimate."}},{"type":"Feature","geometry":{"type":"Point","coordinates":[-94.17041,30.1065]},"properties":{"plant_code":66593,"name":"HEB00048","county":"Jefferson","utility":"Entergy Texas Inc.","balancing_authority":"ERCO","nameplate_mw":1.2,"max_grid_voltage_kv":138,"technologies":["Natural Gas Internal Combustion Engine"],"note":"Generation capacity + interconnected grid voltage, used as a proxy for nearby transmission density. NOT substation headroom (that data is CEII-restricted, 18 CFR 388.113, and not public) -- treat as an estimate."}},{"type":"Feature","geometry":{"type":"Point","coordinates":[-95.5381,30.17893]},"properties":{"plant_code":66594,"name":"HEB00594","county":"Montgomery","utility":"Entergy Texas Inc.","balancing_authority":"ERCO","nameplate_mw":1.2,"max_grid_voltage_kv":138,"technologies":["Natural Gas Internal Combustion Engine"],"note":"Generation capacity + interconnected grid voltage, used as a proxy for nearby transmission density. NOT substation headroom (that data is CEII-restricted, 18 CFR 388.113, and not public) -- treat as an estimate."}},{"type":"Feature","geometry":{"type":"Point","coordinates":[-95.63688,29.57532]},"properties":{"plant_code":66595,"name":"FTBLID2","county":"Fort Bend","utility":"Generate ER-NG, LLC","balancing_authority":"ERCO","nameplate_mw":11.2,"max_grid_voltage_kv":138,"technologies":["Natural Gas Internal Combustion Engine"],"note":"Generation capacity + interconnected grid voltage, used as a proxy for nearby transmission density. NOT substation headroom (that data is CEII-restricted, 18 CFR 388.113, and not public) -- treat as an estimate."}},{"type":"Feature","geometry":{"type":"Point","coordinates":[-95.38843,29.00486]},"properties":{"plant_code":66596,"name":"Praxair","county":"Brazoria","utility":"Generate ER-NG, LLC","balancing_authority":"ERCO","nameplate_mw":1.2,"max_grid_voltage_kv":138,"technologies":["Natural Gas Internal Combustion Engine"],"note":"Generation capacity + interconnected grid voltage, used as a proxy for nearby transmission density. NOT substation headroom (that data is CEII-restricted, 18 CFR 388.113, and not public) -- treat as an estimate."}},{"type":"Feature","geometry":{"type":"Point","coordinates":[-94.91399,29.82065]},"properties":{"plant_code":66597,"name":"RavenChem","county":"Harris","utility":"Generate ER-NG, LLC","balancing_authority":"ERCO","nameplate_mw":3.2,"max_grid_voltage_kv":138,"technologies":["Natural Gas Internal Combustion Engine"],"note":"Generation capacity + interconnected grid voltage, used as a proxy for nearby transmission density. NOT substation headroom (that data is CEII-restricted, 18 CFR 388.113, and not public) -- treat as an estimate."}},{"type":"Feature","geometry":{"type":"Point","coordinates":[-95.53125,29.94389]},"properties":{"plant_code":66601,"name":"NRG THW GT Electric Generating Station","county":"Harris","utility":"NRG THW GT LLC","balancing_authority":"ERCO","nameplate_mw":0.0,"max_grid_voltage_kv":345,"technologies":[],"note":"Generation capacity + interconnected grid voltage, used as a proxy for nearby transmission density. NOT substation headroom (that data is CEII-restricted, 18 CFR 388.113, and not public) -- treat as an estimate."}},{"type":"Feature","geometry":{"type":"Point","coordinates":[-95.0164,29.84837]},"properties":{"plant_code":66604,"name":"Remy Jade Power Station","county":"Harris","utility":"City of San Antonio - (TX)","balancing_authority":"ERCO","nameplate_mw":484.0,"max_grid_voltage_kv":138,"technologies":["Natural Gas Fired Combustion Turbine"],"note":"Generation capacity + interconnected grid voltage, used as a proxy for nearby transmission density. NOT substation headroom (that data is CEII-restricted, 18 CFR 388.113, and not public) -- treat as an estimate."}},{"type":"Feature","geometry":{"type":"Point","coordinates":[-98.70345,29.43366]},"properties":{"plant_code":66612,"name":"HEB_CPS00085","county":"Bexar","utility":"Texas Microgrid, LLC","balancing_authority":"ERCO","nameplate_mw":1.6,"max_grid_voltage_kv":138,"technologies":["Natural Gas Internal Combustion Engine"],"note":"Generation capacity + interconnected grid voltage, used as a proxy for nearby transmission density. NOT substation headroom (that data is CEII-restricted, 18 CFR 388.113, and not public) -- treat as an estimate."}},{"type":"Feature","geometry":{"type":"Point","coordinates":[-98.36088,29.41734]},"properties":{"plant_code":66613,"name":"HEB_CPSSADC","county":"Bexar","utility":"Texas Microgrid, LLC","balancing_authority":"ERCO","nameplate_mw":6.4,"max_grid_voltage_kv":138,"technologies":["Natural Gas Internal Combustion Engine"],"note":"Generation capacity + interconnected grid voltage, used as a proxy for nearby transmission density. NOT substation headroom (that data is CEII-restricted, 18 CFR 388.113, and not public) -- treat as an estimate."}},{"type":"Feature","geometry":{"type":"Point","coordinates":[-96.97777,28.8128]},"properties":{"plant_code":66614,"name":"OTHERCitizensHospital","county":"Victoria","utility":"Texas Microgrid, LLC","balancing_authority":"ERCO","nameplate_mw":2.8,"max_grid_voltage_kv":69,"technologies":["Natural Gas Internal Combustion Engine"],"note":"Generation capacity + interconnected grid voltage, used as a proxy for nearby transmission density. NOT substation headroom (that data is CEII-restricted, 18 CFR 388.113, and not public) -- treat as an estimate."}},{"type":"Feature","geometry":{"type":"Point","coordinates":[-99.27602,27.57721]},"properties":{"plant_code":66616,"name":"Wolf Tank Storage","county":"Webb","utility":"Wolf Tank Storage LLC","balancing_authority":"ERCO","nameplate_mw":150.0,"max_grid_voltage_kv":138,"technologies":["Batteries"],"note":"Generation capacity + interconnected grid voltage, used as a proxy for nearby transmission density. NOT substation headroom (that data is CEII-restricted, 18 CFR 388.113, and not public) -- treat as an estimate."}},{"type":"Feature","geometry":{"type":"Point","coordinates":[-93.87134,30.02525]},"properties":{"plant_code":66621,"name":"Orange County Advanced Power Station","county":"Orange","utility":"Entergy Texas Inc.","balancing_authority":"MISO","nameplate_mw":0.0,"max_grid_voltage_kv":230,"technologies":[],"note":"Generation capacity + interconnected grid voltage, used as a proxy for nearby transmission density. NOT substation headroom (that data is CEII-restricted, 18 CFR 388.113, and not public) -- treat as an estimate."}},{"type":"Feature","geometry":{"type":"Point","coordinates":[-97.83752,26.09808]},"properties":{"plant_code":66673,"name":"Accalia Point Solar, LLC","county":"Cameron","utility":"Accalia Point Solar, LLC","balancing_authority":"ERCO","nameplate_mw":0.0,"max_grid_voltage_kv":345,"technologies":[],"note":"Generation capacity + interconnected grid voltage, used as a proxy for nearby transmission density. NOT substation headroom (that data is CEII-restricted, 18 CFR 388.113, and not public) -- treat as an estimate."}},{"type":"Feature","geometry":{"type":"Point","coordinates":[-95.73077,33.22392]},"properties":{"plant_code":66688,"name":"Bright Arrow Solar, LLC","county":"Hopkins","utility":"RWE Clean Energy","balancing_authority":"ERCO","nameplate_mw":403.6,"max_grid_voltage_kv":345,"technologies":["Batteries","Solar Photovoltaic"],"note":"Generation capacity + interconnected grid voltage, used as a proxy for nearby transmission density. NOT substation headroom (that data is CEII-restricted, 18 CFR 388.113, and not public) -- treat as an estimate."}},{"type":"Feature","geometry":{"type":"Point","coordinates":[-99.41734,27.45612]},"properties":{"plant_code":66689,"name":"Seven Flags BESS LLC","county":"Webb","utility":"Seven Flags BESS LLC","balancing_authority":"ERCO","nameplate_mw":0.0,"max_grid_voltage_kv":138,"technologies":[],"note":"Generation capacity + interconnected grid voltage, used as a proxy for nearby transmission density. NOT substation headroom (that data is CEII-restricted, 18 CFR 388.113, and not public) -- treat as an estimate."}},{"type":"Feature","geometry":{"type":"Point","coordinates":[-95.80023,29.56318]},"properties":{"plant_code":66690,"name":"Brazos Bend BESS, LLC","county":"Fort Bend","utility":"Cypress Creek Renewables","balancing_authority":"ERCO","nameplate_mw":100.0,"max_grid_voltage_kv":138,"technologies":["Batteries"],"note":"Generation capacity + interconnected grid voltage, used as a proxy for nearby transmission density. NOT substation headroom (that data is CEII-restricted, 18 CFR 388.113, and not public) -- treat as an estimate."}},{"type":"Feature","geometry":{"type":"Point","coordinates":[-99.55977,33.14433]},"properties":{"plant_code":66691,"name":"Briggs Solar, LLC","county":"Haskell","utility":"Intersect USA, LLC","balancing_authority":"ERCO","nameplate_mw":0.0,"max_grid_voltage_kv":345,"technologies":[],"note":"Generation capacity + interconnected grid voltage, used as a proxy for nearby transmission density. NOT substation headroom (that data is CEII-restricted, 18 CFR 388.113, and not public) -- treat as an estimate."}},{"type":"Feature","geometry":{"type":"Point","coordinates":[-96.41413,31.09456]},"properties":{"plant_code":66692,"name":"Holly Branch Solar, LLC","county":"Robertson","utility":"Cypress Creek Renewables","balancing_authority":"ERCO","nameplate_mw":0.0,"max_grid_voltage_kv":345,"technologies":[],"note":"Generation capacity + interconnected grid voltage, used as a proxy for nearby transmission density. NOT substation headroom (that data is CEII-restricted, 18 CFR 388.113, and not public) -- treat as an estimate."}},{"type":"Feature","geometry":{"type":"Point","coordinates":[-103.17594,31.25185]},"properties":{"plant_code":66704,"name":"Chiltepin Solar","county":"Reeves","utility":"Strata Clean Energy","balancing_authority":"ERCO","nameplate_mw":0.0,"max_grid_voltage_kv":100,"technologies":[],"note":"Generation capacity + interconnected grid voltage, used as a proxy for nearby transmission density. NOT substation headroom (that data is CEII-restricted, 18 CFR 388.113, and not public) -- treat as an estimate."}},{"type":"Feature","geometry":{"type":"Point","coordinates":[-94.49176,30.84516]},"properties":{"plant_code":66705,"name":"Longwing Solar","county":"Tyler","utility":"Strata Clean Energy","balancing_authority":"MISO","nameplate_mw":0.0,"max_grid_voltage_kv":115,"technologies":[],"note":"Generation capacity + interconnected grid voltage, used as a proxy for nearby transmission density. NOT substation headroom (that data is CEII-restricted, 18 CFR 388.113, and not public) -- treat as an estimate."}},{"type":"Feature","geometry":{"type":"Point","coordinates":[-94.35747,30.39996]},"properties":{"plant_code":66708,"name":"Peri Peri Solar","county":"Hardin","utility":"Strata Clean Energy","balancing_authority":"MISO","nameplate_mw":0.0,"max_grid_voltage_kv":115,"technologies":[],"note":"Generation capacity + interconnected grid voltage, used as a proxy for nearby transmission density. NOT substation headroom (that data is CEII-restricted, 18 CFR 388.113, and not public) -- treat as an estimate."}},{"type":"Feature","geometry":{"type":"Point","coordinates":[-97.03373,31.90081]},"properties":{"plant_code":66774,"name":"Ash Creek Solar","county":"Hill","utility":"Ash Creek","balancing_authority":"ERCO","nameplate_mw":408.9,"max_grid_voltage_kv":345,"technologies":["Solar Photovoltaic"],"note":"Generation capacity + interconnected grid voltage, used as a proxy for nearby transmission density. NOT substation headroom (that data is CEII-restricted, 18 CFR 388.113, and not public) -- treat as an estimate."}},{"type":"Feature","geometry":{"type":"Point","coordinates":[-99.06719,28.94797]},"properties":{"plant_code":66775,"name":"Morrow Lake Solar","county":"Frio","utility":"Leeward Asset Management, LLC","balancing_authority":"ERCO","nameplate_mw":0.0,"max_grid_voltage_kv":138,"technologies":[],"note":"Generation capacity + interconnected grid voltage, used as a proxy for nearby transmission density. NOT substation headroom (that data is CEII-restricted, 18 CFR 388.113, and not public) -- treat as an estimate."}},{"type":"Feature","geometry":{"type":"Point","coordinates":[-100.84851,29.37644]},"properties":{"plant_code":66782,"name":"Hamilton BESS","county":"Val Verde","utility":"HEN Infrastructure, L.L.C.","balancing_authority":"ERCO","nameplate_mw":9.9,"max_grid_voltage_kv":12.47,"technologies":["Batteries"],"note":"Generation capacity + interconnected grid voltage, used as a proxy for nearby transmission density. NOT substation headroom (that data is CEII-restricted, 18 CFR 388.113, and not public) -- treat as an estimate."}},{"type":"Feature","geometry":{"type":"Point","coordinates":[-97.48707,27.79692]},"properties":{"plant_code":66783,"name":"Weil Tract BESS","county":"Nueces","utility":"HEN Infrastructure, L.L.C.","balancing_authority":"ERCO","nameplate_mw":9.9,"max_grid_voltage_kv":12.47,"technologies":["Batteries"],"note":"Generation capacity + interconnected grid voltage, used as a proxy for nearby transmission density. NOT substation headroom (that data is CEII-restricted, 18 CFR 388.113, and not public) -- treat as an estimate."}},{"type":"Feature","geometry":{"type":"Point","coordinates":[-96.0579,32.33503]},"properties":{"plant_code":66784,"name":"Pauline BESS","county":"Henderson","utility":"HEN Infrastructure, L.L.C.","balancing_authority":"ERCO","nameplate_mw":9.9,"max_grid_voltage_kv":24.94,"technologies":["Batteries"],"note":"Generation capacity + interconnected grid voltage, used as a proxy for nearby transmission density. NOT substation headroom (that data is CEII-restricted, 18 CFR 388.113, and not public) -- treat as an estimate."}},{"type":"Feature","geometry":{"type":"Point","coordinates":[-98.06497,32.79875]},"properties":{"plant_code":66788,"name":"Mineral Wells East BESS","county":"Palo Pinto","utility":"HEN Infrastructure, L.L.C.","balancing_authority":"ERCO","nameplate_mw":9.9,"max_grid_voltage_kv":12.47,"technologies":["Batteries"],"note":"Generation capacity + interconnected grid voltage, used as a proxy for nearby transmission density. NOT substation headroom (that data is CEII-restricted, 18 CFR 388.113, and not public) -- treat as an estimate."}},{"type":"Feature","geometry":{"type":"Point","coordinates":[-94.72424,31.29198]},"properties":{"plant_code":66789,"name":"Lufkin South BESS","county":"Angelina","utility":"HEN Infrastructure, L.L.C.","balancing_authority":"ERCO","nameplate_mw":9.9,"max_grid_voltage_kv":12.47,"technologies":["Batteries"],"note":"Generation capacity + interconnected grid voltage, used as a proxy for nearby transmission density. NOT substation headroom (that data is CEII-restricted, 18 CFR 388.113, and not public) -- treat as an estimate."}},{"type":"Feature","geometry":{"type":"Point","coordinates":[-102.59811,31.71559]},"properties":{"plant_code":66790,"name":"Judkins BESS","county":"Ector","utility":"HEN Infrastructure, L.L.C.","balancing_authority":"ERCO","nameplate_mw":9.9,"max_grid_voltage_kv":12.47,"technologies":["Batteries"],"note":"Generation capacity + interconnected grid voltage, used as a proxy for nearby transmission density. NOT substation headroom (that data is CEII-restricted, 18 CFR 388.113, and not public) -- treat as an estimate."}},{"type":"Feature","geometry":{"type":"Point","coordinates":[-101.46937,31.86721]},"properties":{"plant_code":66791,"name":"Garden City East BESS","county":"Glasscock","utility":"HEN Infrastructure, L.L.C.","balancing_authority":"ERCO","nameplate_mw":9.9,"max_grid_voltage_kv":21.6,"technologies":["Batteries"],"note":"Generation capacity + interconnected grid voltage, used as a proxy for nearby transmission density. NOT substation headroom (that data is CEII-restricted, 18 CFR 388.113, and not public) -- treat as an estimate."}},{"type":"Feature","geometry":{"type":"Point","coordinates":[-98.14055,27.24243]},"properties":{"plant_code":66792,"name":"Falfurrias BESS","county":"Brooks","utility":"HEN Infrastructure, L.L.C.","balancing_authority":"ERCO","nameplate_mw":9.9,"max_grid_voltage_kv":12.47,"technologies":["Batteries"],"note":"Generation capacity + interconnected grid voltage, used as a proxy for nearby transmission density. NOT substation headroom (that data is CEII-restricted, 18 CFR 388.113, and not public) -- treat as an estimate."}},{"type":"Feature","geometry":{"type":"Point","coordinates":[-94.79818,31.19379]},"properties":{"plant_code":66794,"name":"Diboll BESS","county":"Angelina","utility":"HEN Infrastructure, L.L.C.","balancing_authority":"ERCO","nameplate_mw":9.9,"max_grid_voltage_kv":12.47,"technologies":["Batteries"],"note":"Generation capacity + interconnected grid voltage, used as a proxy for nearby transmission density. NOT substation headroom (that data is CEII-restricted, 18 CFR 388.113, and not public) -- treat as an estimate."}},{"type":"Feature","geometry":{"type":"Point","coordinates":[-98.97816,32.39153]},"properties":{"plant_code":66795,"name":"CISCO BESS","county":"Eastland","utility":"HEN Infrastructure, L.L.C.","balancing_authority":"ERCO","nameplate_mw":9.9,"max_grid_voltage_kv":12.47,"technologies":["Batteries"],"note":"Generation capacity + interconnected grid voltage, used as a proxy for nearby transmission density. NOT substation headroom (that data is CEII-restricted, 18 CFR 388.113, and not public) -- treat as an estimate."}},{"type":"Feature","geometry":{"type":"Point","coordinates":[-96.22393,32.07284]},"properties":{"plant_code":66801,"name":"Fence Post Solar Hybrid Project, LLC","county":"Navarro","utility":"Fence Post Solar Project, LLC","balancing_authority":"ERCO","nameplate_mw":308.0,"max_grid_voltage_kv":345,"technologies":["Batteries","Solar Photovoltaic"],"note":"Generation capacity + interconnected grid voltage, used as a proxy for nearby transmission density. NOT substation headroom (that data is CEII-restricted, 18 CFR 388.113, and not public) -- treat as an estimate."}},{"type":"Feature","geometry":{"type":"Point","coordinates":[-101.6385,32.72233]},"properties":{"plant_code":66804,"name":"Borden County BESS","county":"Borden","utility":"Borden County Battery Energy Storage System LLC","balancing_authority":"ERCO","nameplate_mw":150.0,"max_grid_voltage_kv":138,"technologies":["Batteries"],"note":"Generation capacity + interconnected grid voltage, used as a proxy for nearby transmission density. NOT substation headroom (that data is CEII-restricted, 18 CFR 388.113, and not public) -- treat as an estimate."}},{"type":"Feature","geometry":{"type":"Point","coordinates":[-97.12452,30.96022]},"properties":{"plant_code":66821,"name":"Orion III Solar Project","county":"Milam","utility":"Ben Milam Solar 3 LLC","balancing_authority":"ERCO","nameplate_mw":250.0,"max_grid_voltage_kv":345,"technologies":["Solar Photovoltaic"],"note":"Generation capacity + interconnected grid voltage, used as a proxy for nearby transmission density. NOT substation headroom (that data is CEII-restricted, 18 CFR 388.113, and not public) -- treat as an estimate."}},{"type":"Feature","geometry":{"type":"Point","coordinates":[-97.0015,30.99651]},"properties":{"plant_code":66859,"name":"Orion I Solar Project","county":"Milam","utility":"Ben Milam Solar 1 LLC","balancing_authority":"ERCO","nameplate_mw":200.0,"max_grid_voltage_kv":345,"technologies":["Solar Photovoltaic"],"note":"Generation capacity + interconnected grid voltage, used as a proxy for nearby transmission density. NOT substation headroom (that data is CEII-restricted, 18 CFR 388.113, and not public) -- treat as an estimate."}},{"type":"Feature","geometry":{"type":"Point","coordinates":[-95.96752,29.1913]},"properties":{"plant_code":66871,"name":"GulfStar Power, LLC","county":"Wharton","utility":"GulfStar Power, LLC","balancing_authority":"ERCO","nameplate_mw":300.0,"max_grid_voltage_kv":345,"technologies":["Batteries"],"note":"Generation capacity + interconnected grid voltage, used as a proxy for nearby transmission density. NOT substation headroom (that data is CEII-restricted, 18 CFR 388.113, and not public) -- treat as an estimate."}},{"type":"Feature","geometry":{"type":"Point","coordinates":[-95.6679,33.45714]},"properties":{"plant_code":66872,"name":"Estonian Solar Project, LLC","county":"Delta","utility":"Enel Green Power Estonian Solar Project, LLC","balancing_authority":"ERCO","nameplate_mw":304.5,"max_grid_voltage_kv":345,"technologies":["Batteries","Solar Photovoltaic"],"note":"Generation capacity + interconnected grid voltage, used as a proxy for nearby transmission density. NOT substation headroom (that data is CEII-restricted, 18 CFR 388.113, and not public) -- treat as an estimate."}},{"type":"Feature","geometry":{"type":"Point","coordinates":[-104.0853,31.81599]},"properties":{"plant_code":66880,"name":"Hayhurst Texas Solar","county":"Culberson","utility":"Hayhurst Texas Solar","balancing_authority":"ERCO","nameplate_mw":24.8,"max_grid_voltage_kv":138,"technologies":["Solar Photovoltaic"],"note":"Generation capacity + interconnected grid voltage, used as a proxy for nearby transmission density. NOT substation headroom (that data is CEII-restricted, 18 CFR 388.113, and not public) -- treat as an estimate."}},{"type":"Feature","geometry":{"type":"Point","coordinates":[-100.23598,32.62806]},"properties":{"plant_code":66891,"name":"Indigo Solar & Storage","county":"Fisher","utility":"Innovative Solar 245 LLC","balancing_authority":"ERCO","nameplate_mw":0.0,"max_grid_voltage_kv":345,"technologies":[],"note":"Generation capacity + interconnected grid voltage, used as a proxy for nearby transmission density. NOT substation headroom (that data is CEII-restricted, 18 CFR 388.113, and not public) -- treat as an estimate."}},{"type":"Feature","geometry":{"type":"Point","coordinates":[-99.99293,32.79493]},"properties":{"plant_code":66893,"name":"Jones City 2 Solar","county":"Jones","utility":"Lightsource Renewable Energy Asset Management, LLC","balancing_authority":"ERCO","nameplate_mw":0.0,"max_grid_voltage_kv":345,"technologies":[],"note":"Generation capacity + interconnected grid voltage, used as a proxy for nearby transmission density. NOT substation headroom (that data is CEII-restricted, 18 CFR 388.113, and not public) -- treat as an estimate."}},{"type":"Feature","geometry":{"type":"Point","coordinates":[-97.42239,31.48434]},"properties":{"plant_code":66894,"name":"Albatross Solar, LLC","county":"McLennan","utility":"Sunraycer Assets I LLC","balancing_authority":"ERCO","nameplate_mw":0.0,"max_grid_voltage_kv":138,"technologies":[],"note":"Generation capacity + interconnected grid voltage, used as a proxy for nearby transmission density. NOT substation headroom (that data is CEII-restricted, 18 CFR 388.113, and not public) -- treat as an estimate."}},{"type":"Feature","geometry":{"type":"Point","coordinates":[-95.25692,30.30338]},"properties":{"plant_code":66895,"name":"Lupinus Solar 1, LLC","county":"Franklin","utility":"Sunraycer Assets I LLC","balancing_authority":"ERCO","nameplate_mw":0.0,"max_grid_voltage_kv":345,"technologies":[],"note":"Generation capacity + interconnected grid voltage, used as a proxy for nearby transmission density. NOT substation headroom (that data is CEII-restricted, 18 CFR 388.113, and not public) -- treat as an estimate."}},{"type":"Feature","geometry":{"type":"Point","coordinates":[-95.25692,30.30338]},"properties":{"plant_code":66896,"name":"Lupinus Solar 2, LLC","county":"Franklin","utility":"Sunraycer Assets I LLC","balancing_authority":"ERCO","nameplate_mw":0.0,"max_grid_voltage_kv":138,"technologies":[],"note":"Generation capacity + interconnected grid voltage, used as a proxy for nearby transmission density. NOT substation headroom (that data is CEII-restricted, 18 CFR 388.113, and not public) -- treat as an estimate."}},{"type":"Feature","geometry":{"type":"Point","coordinates":[-97.34352,32.116]},"properties":{"plant_code":66897,"name":"Midpoint Solar, LLC","county":"Hill","utility":"Sunraycer Assets I LLC","balancing_authority":"ERCO","nameplate_mw":0.0,"max_grid_voltage_kv":138,"technologies":[],"note":"Generation capacity + interconnected grid voltage, used as a proxy for nearby transmission density. NOT substation headroom (that data is CEII-restricted, 18 CFR 388.113, and not public) -- treat as an estimate."}},{"type":"Feature","geometry":{"type":"Point","coordinates":[-99.10891,32.43742]},"properties":{"plant_code":66902,"name":"Roadrunner Wind Farm","county":"Eastland","utility":"Roadrunner Crossing Wind Farm, LLC","balancing_authority":"ERCO","nameplate_mw":256.0,"max_grid_voltage_kv":345,"technologies":["Onshore Wind Turbine"],"note":"Generation capacity + interconnected grid voltage, used as a proxy for nearby transmission density. NOT substation headroom (that data is CEII-restricted, 18 CFR 388.113, and not public) -- treat as an estimate."}},{"type":"Feature","geometry":{"type":"Point","coordinates":[-97.51749,31.81996]},"properties":{"plant_code":66903,"name":"BT Hickerson Solar, LLC","county":"Bosque","utility":"BT Hickerson Solar, LLC","balancing_authority":"ERCO","nameplate_mw":310.0,"max_grid_voltage_kv":345,"technologies":["Solar Photovoltaic"],"note":"Generation capacity + interconnected grid voltage, used as a proxy for nearby transmission density. NOT substation headroom (that data is CEII-restricted, 18 CFR 388.113, and not public) -- treat as an estimate."}},{"type":"Feature","geometry":{"type":"Point","coordinates":[-94.27631,30.29832]},"properties":{"plant_code":66904,"name":"Lumberton PV I, LLC","county":"Hardin","utility":"Lumberton PV I, LLC","balancing_authority":"MISO","nameplate_mw":0.0,"max_grid_voltage_kv":230,"technologies":[],"note":"Generation capacity + interconnected grid voltage, used as a proxy for nearby transmission density. NOT substation headroom (that data is CEII-restricted, 18 CFR 388.113, and not public) -- treat as an estimate."}},{"type":"Feature","geometry":{"type":"Point","coordinates":[-96.18484,32.81957]},"properties":{"plant_code":66905,"name":"Ables Springs Solar & Storage","county":"Kaufman","utility":"Ables Springs Solar, LLC","balancing_authority":"ERCO","nameplate_mw":100.0,"max_grid_voltage_kv":345,"technologies":["Batteries"],"note":"Generation capacity + interconnected grid voltage, used as a proxy for nearby transmission density. NOT substation headroom (that data is CEII-restricted, 18 CFR 388.113, and not public) -- treat as an estimate."}},{"type":"Feature","geometry":{"type":"Point","coordinates":[-95.42744,29.22849]},"properties":{"plant_code":66910,"name":"Myrtle Solar, LLC","county":"Brazoria","utility":"Myrtle Solar, LLC","balancing_authority":"ERCO","nameplate_mw":0.0,"max_grid_voltage_kv":138,"technologies":[],"note":"Generation capacity + interconnected grid voltage, used as a proxy for nearby transmission density. NOT substation headroom (that data is CEII-restricted, 18 CFR 388.113, and not public) -- treat as an estimate."}},{"type":"Feature","geometry":{"type":"Point","coordinates":[-97.06,32.139]},"properties":{"plant_code":66912,"name":"Hill Solar 1","county":"Hill","utility":"Hill Solar 1, LLC","balancing_authority":"ERCO","nameplate_mw":0.0,"max_grid_voltage_kv":345,"technologies":[],"note":"Generation capacity + interconnected grid voltage, used as a proxy for nearby transmission density. NOT substation headroom (that data is CEII-restricted, 18 CFR 388.113, and not public) -- treat as an estimate."}},{"type":"Feature","geometry":{"type":"Point","coordinates":[-95.42806,29.22775]},"properties":{"plant_code":66913,"name":"Myrtle Storage","county":"Brazoria","utility":"Myrtle Storage, LLC","balancing_authority":"ERCO","nameplate_mw":0.0,"max_grid_voltage_kv":138,"technologies":[],"note":"Generation capacity + interconnected grid voltage, used as a proxy for nearby transmission density. NOT substation headroom (that data is CEII-restricted, 18 CFR 388.113, and not public) -- treat as an estimate."}},{"type":"Feature","geometry":{"type":"Point","coordinates":[-96.22054,29.01364]},"properties":{"plant_code":66914,"name":"Danish Fields Solar, LLC","county":"Wharton","utility":"Danish Fields Solar, LLC","balancing_authority":"ERCO","nameplate_mw":0.0,"max_grid_voltage_kv":345,"technologies":[],"note":"Generation capacity + interconnected grid voltage, used as a proxy for nearby transmission density. NOT substation headroom (that data is CEII-restricted, 18 CFR 388.113, and not public) -- treat as an estimate."}},{"type":"Feature","geometry":{"type":"Point","coordinates":[-95.258,29.26312]},"properties":{"plant_code":66915,"name":"Cottonwood Bayou Solar","county":"Brazoria","utility":"Cottonwood Bayou Solar, LLC","balancing_authority":"ERCO","nameplate_mw":0.0,"max_grid_voltage_kv":138,"technologies":[],"note":"Generation capacity + interconnected grid voltage, used as a proxy for nearby transmission density. NOT substation headroom (that data is CEII-restricted, 18 CFR 388.113, and not public) -- treat as an estimate."}},{"type":"Feature","geometry":{"type":"Point","coordinates":[-96.22054,29.01364]},"properties":{"plant_code":66916,"name":"Danish Fields Storage","county":"Wharton","utility":"Danish Fields Storage, LLC","balancing_authority":"ERCO","nameplate_mw":0.0,"max_grid_voltage_kv":138,"technologies":[],"note":"Generation capacity + interconnected grid voltage, used as a proxy for nearby transmission density. NOT substation headroom (that data is CEII-restricted, 18 CFR 388.113, and not public) -- treat as an estimate."}},{"type":"Feature","geometry":{"type":"Point","coordinates":[-98.6772,32.63511]},"properties":{"plant_code":66919,"name":"La Casa Wind","county":"Stephens","utility":"La Casa Wind, LLC","balancing_authority":"ERCO","nameplate_mw":150.0,"max_grid_voltage_kv":138,"technologies":["Onshore Wind Turbine"],"note":"Generation capacity + interconnected grid voltage, used as a proxy for nearby transmission density. NOT substation headroom (that data is CEII-restricted, 18 CFR 388.113, and not public) -- treat as an estimate."}},{"type":"Feature","geometry":{"type":"Point","coordinates":[-96.15247,31.87059]},"properties":{"plant_code":66922,"name":"Timber Cove Solar","county":"Freestone","utility":"Freestone Solar LLC","balancing_authority":"ERCO","nameplate_mw":0.0,"max_grid_voltage_kv":138,"technologies":[],"note":"Generation capacity + interconnected grid voltage, used as a proxy for nearby transmission density. NOT substation headroom (that data is CEII-restricted, 18 CFR 388.113, and not public) -- treat as an estimate."}},{"type":"Feature","geometry":{"type":"Point","coordinates":[-97.91256,26.2305]},"properties":{"plant_code":66926,"name":"SMT Mercedes LLC","county":"Hidalgo","utility":"SMT Mercedes LLC","balancing_authority":"ERCO","nameplate_mw":10.0,"max_grid_voltage_kv":12.47,"technologies":["Batteries"],"note":"Generation capacity + interconnected grid voltage, used as a proxy for nearby transmission density. NOT substation headroom (that data is CEII-restricted, 18 CFR 388.113, and not public) -- treat as an estimate."}},{"type":"Feature","geometry":{"type":"Point","coordinates":[-98.32293,26.18943]},"properties":{"plant_code":66927,"name":"SMT Mission LLC","county":"Hidalgo","utility":"SMT Mission LLC","balancing_authority":"ERCO","nameplate_mw":10.0,"max_grid_voltage_kv":12.47,"technologies":["Batteries"],"note":"Generation capacity + interconnected grid voltage, used as a proxy for nearby transmission density. NOT substation headroom (that data is CEII-restricted, 18 CFR 388.113, and not public) -- treat as an estimate."}},{"type":"Feature","geometry":{"type":"Point","coordinates":[-97.82317,26.23247]},"properties":{"plant_code":66928,"name":"SMT Santa Rosa LLC","county":"Cameron","utility":"SMT Santa Rosa LLC","balancing_authority":"ERCO","nameplate_mw":10.0,"max_grid_voltage_kv":12.47,"technologies":["Batteries"],"note":"Generation capacity + interconnected grid voltage, used as a proxy for nearby transmission density. NOT substation headroom (that data is CEII-restricted, 18 CFR 388.113, and not public) -- treat as an estimate."}},{"type":"Feature","geometry":{"type":"Point","coordinates":[-98.11404,26.23068]},"properties":{"plant_code":66929,"name":"SMT Alamo LLC","county":"Hidalgo","utility":"SMT Alamo LLC","balancing_authority":"ERCO","nameplate_mw":10.0,"max_grid_voltage_kv":12.47,"technologies":["Batteries"],"note":"Generation capacity + interconnected grid voltage, used as a proxy for nearby transmission density. NOT substation headroom (that data is CEII-restricted, 18 CFR 388.113, and not public) -- treat as an estimate."}},{"type":"Feature","geometry":{"type":"Point","coordinates":[-95.96984,28.98757]},"properties":{"plant_code":66930,"name":"SMT Bay City LLC","county":"Matagorda","utility":"SMT Bay City LLC","balancing_authority":"ERCO","nameplate_mw":10.0,"max_grid_voltage_kv":12.47,"technologies":["Batteries"],"note":"Generation capacity + interconnected grid voltage, used as a proxy for nearby transmission density. NOT substation headroom (that data is CEII-restricted, 18 CFR 388.113, and not public) -- treat as an estimate."}},{"type":"Feature","geometry":{"type":"Point","coordinates":[-98.0096,26.2961]},"properties":{"plant_code":66931,"name":"SMT Elsa LLC","county":"Hidalgo","utility":"SMT Elsa LLC","balancing_authority":"ERCO","nameplate_mw":10.0,"max_grid_voltage_kv":12.47,"technologies":["Batteries"],"note":"Generation capacity + interconnected grid voltage, used as a proxy for nearby transmission density. NOT substation headroom (that data is CEII-restricted, 18 CFR 388.113, and not public) -- treat as an estimate."}},{"type":"Feature","geometry":{"type":"Point","coordinates":[-97.52318,26.07468]},"properties":{"plant_code":66932,"name":"SMT Los Fresnos LLC","county":"Cameron","utility":"SMT Los Fresnos LLC","balancing_authority":"ERCO","nameplate_mw":10.0,"max_grid_voltage_kv":12.47,"technologies":["Batteries"],"note":"Generation capacity + interconnected grid voltage, used as a proxy for nearby transmission density. NOT substation headroom (that data is CEII-restricted, 18 CFR 388.113, and not public) -- treat as an estimate."}},{"type":"Feature","geometry":{"type":"Point","coordinates":[-97.72561,26.18]},"properties":{"plant_code":66933,"name":"SMT Harlingen II LLC","county":"Cameron","utility":"SMT Harlingen II LLC","balancing_authority":"ERCO","nameplate_mw":10.0,"max_grid_voltage_kv":12.47,"technologies":["Batteries"],"note":"Generation capacity + interconnected grid voltage, used as a proxy for nearby transmission density. NOT substation headroom (that data is CEII-restricted, 18 CFR 388.113, and not public) -- treat as an estimate."}},{"type":"Feature","geometry":{"type":"Point","coordinates":[-98.93743,26.40873]},"properties":{"plant_code":66934,"name":"SMT Rio Grande I LLC","county":"Starr","utility":"SMT Rio Grande I LLC","balancing_authority":"ERCO","nameplate_mw":10.0,"max_grid_voltage_kv":12.47,"technologies":["Batteries"],"note":"Generation capacity + interconnected grid voltage, used as a proxy for nearby transmission density. NOT substation headroom (that data is CEII-restricted, 18 CFR 388.113, and not public) -- treat as an estimate."}},{"type":"Feature","geometry":{"type":"Point","coordinates":[-98.82039,26.39095]},"properties":{"plant_code":66935,"name":"SMT Rio Grande II LLC","county":"Starr","utility":"SMT Rio Grande II LLC","balancing_authority":"ERCO","nameplate_mw":10.0,"max_grid_voltage_kv":12.47,"technologies":["Batteries"],"note":"Generation capacity + interconnected grid voltage, used as a proxy for nearby transmission density. NOT substation headroom (that data is CEII-restricted, 18 CFR 388.113, and not public) -- treat as an estimate."}},{"type":"Feature","geometry":{"type":"Point","coordinates":[-96.93478,31.02903]},"properties":{"plant_code":66941,"name":"Orion II Solar Project","county":"Milam","utility":"Ben Milam Solar 2 LLC","balancing_authority":"ERCO","nameplate_mw":250.0,"max_grid_voltage_kv":345,"technologies":["Solar Photovoltaic"],"note":"Generation capacity + interconnected grid voltage, used as a proxy for nearby transmission density. NOT substation headroom (that data is CEII-restricted, 18 CFR 388.113, and not public) -- treat as an estimate."}},{"type":"Feature","geometry":{"type":"Point","coordinates":[-94.78347,30.66875]},"properties":{"plant_code":66954,"name":"Umbriel Solar","county":"Polk","utility":"Umbriel Solar, LLC","balancing_authority":"MISO","nameplate_mw":150.0,"max_grid_voltage_kv":138,"technologies":["Solar Photovoltaic"],"note":"Generation capacity + interconnected grid voltage, used as a proxy for nearby transmission density. NOT substation headroom (that data is CEII-restricted, 18 CFR 388.113, and not public) -- treat as an estimate."}},{"type":"Feature","geometry":{"type":"Point","coordinates":[-102.06431,35.25982]},"properties":{"plant_code":66976,"name":"Carol Wind, LLC","county":"Potter","utility":"Carol Wind, LLC","balancing_authority":"ERCO","nameplate_mw":0.0,"max_grid_voltage_kv":345,"technologies":[],"note":"Generation capacity + interconnected grid voltage, used as a proxy for nearby transmission density. NOT substation headroom (that data is CEII-restricted, 18 CFR 388.113, and not public) -- treat as an estimate."}},{"type":"Feature","geometry":{"type":"Point","coordinates":[-97.01223,28.79346]},"properties":{"plant_code":66992,"name":"CG PS Victoria WWTP, LLC","county":"Victoria","utility":"ClearGen LLC","balancing_authority":"ERCO","nameplate_mw":1.3,"max_grid_voltage_kv":0.48,"technologies":["Petroleum Liquids"],"note":"Generation capacity + interconnected grid voltage, used as a proxy for nearby transmission density. NOT substation headroom (that data is CEII-restricted, 18 CFR 388.113, and not public) -- treat as an estimate."}},{"type":"Feature","geometry":{"type":"Point","coordinates":[-102.60625,31.10409]},"properties":{"plant_code":67006,"name":"Greasewood II LLC","county":"Pecos","utility":"Greasewood II LLC","balancing_authority":"ERCO","nameplate_mw":306.0,"max_grid_voltage_kv":345,"technologies":["Solar Photovoltaic"],"note":"Generation capacity + interconnected grid voltage, used as a proxy for nearby transmission density. NOT substation headroom (that data is CEII-restricted, 18 CFR 388.113, and not public) -- treat as an estimate."}},{"type":"Feature","geometry":{"type":"Point","coordinates":[-96.86,31.45]},"properties":{"plant_code":67019,"name":"Copperhead Solar, LLC","county":"McLennan","utility":"Geronimo Power","balancing_authority":"ERCO","nameplate_mw":250.0,"max_grid_voltage_kv":138,"technologies":["Batteries","Solar Photovoltaic"],"note":"Generation capacity + interconnected grid voltage, used as a proxy for nearby transmission density. NOT substation headroom (that data is CEII-restricted, 18 CFR 388.113, and not public) -- treat as an estimate."}},{"type":"Feature","geometry":{"type":"Point","coordinates":[-97.51,31.78]},"properties":{"plant_code":67023,"name":"Dileo Solar","county":"Hill","utility":"Elawan Dileo Solar, LLC","balancing_authority":"ERCO","nameplate_mw":71.4,"max_grid_voltage_kv":69,"technologies":["Solar Photovoltaic"],"note":"Generation capacity + interconnected grid voltage, used as a proxy for nearby transmission density. NOT substation headroom (that data is CEII-restricted, 18 CFR 388.113, and not public) -- treat as an estimate."}},{"type":"Feature","geometry":{"type":"Point","coordinates":[-96.8751,31.8932]},"properties":{"plant_code":67024,"name":"Pitts Dudik Solar","county":"Hill","utility":"Elawan Pitts Dudik Solar, LLC","balancing_authority":"ERCO","nameplate_mw":49.6,"max_grid_voltage_kv":138,"technologies":["Solar Photovoltaic"],"note":"Generation capacity + interconnected grid voltage, used as a proxy for nearby transmission density. NOT substation headroom (that data is CEII-restricted, 18 CFR 388.113, and not public) -- treat as an estimate."}},{"type":"Feature","geometry":{"type":"Point","coordinates":[-96.09134,30.65119]},"properties":{"plant_code":67046,"name":"Grimes County Solar","county":"Grimes","utility":"Grimes County Solar Project, LLC","balancing_authority":"ERCO","nameplate_mw":0.0,"max_grid_voltage_kv":138,"technologies":[],"note":"Generation capacity + interconnected grid voltage, used as a proxy for nearby transmission density. NOT substation headroom (that data is CEII-restricted, 18 CFR 388.113, and not public) -- treat as an estimate."}},{"type":"Feature","geometry":{"type":"Point","coordinates":[-97.34727,32.83133]},"properties":{"plant_code":67058,"name":"TX Fort Worth 5200 Gold Spike Drive","county":"Tarrant","utility":"Catalyze Fort Worth 5200 Gold Spike Drive Microgrid, LLC","balancing_authority":"ERCO","nameplate_mw":4.0,"max_grid_voltage_kv":4.8,"technologies":["Solar Photovoltaic"],"note":"Generation capacity + interconnected grid voltage, used as a proxy for nearby transmission density. NOT substation headroom (that data is CEII-restricted, 18 CFR 388.113, and not public) -- treat as an estimate."}},{"type":"Feature","geometry":{"type":"Point","coordinates":[-101.66006,32.5557]},"properties":{"plant_code":67059,"name":"Iron Belt","county":"Borden","utility":"Iron Belt Energy Storage Project, LLC","balancing_authority":"ERCO","nameplate_mw":0.0,"max_grid_voltage_kv":345,"technologies":[],"note":"Generation capacity + interconnected grid voltage, used as a proxy for nearby transmission density. NOT substation headroom (that data is CEII-restricted, 18 CFR 388.113, and not public) -- treat as an estimate."}},{"type":"Feature","geometry":{"type":"Point","coordinates":[-101.97072,33.69559]},"properties":{"plant_code":67077,"name":"BESSP1, LLC.","county":"Lubbock","utility":"BESSP1, LLC.","balancing_authority":"SWPP","nameplate_mw":4.4,"max_grid_voltage_kv":12.47,"technologies":["Solar Photovoltaic"],"note":"Generation capacity + interconnected grid voltage, used as a proxy for nearby transmission density. NOT substation headroom (that data is CEII-restricted, 18 CFR 388.113, and not public) -- treat as an estimate."}},{"type":"Feature","geometry":{"type":"Point","coordinates":[-99.43041,27.30106]},"properties":{"plant_code":67078,"name":"Quarter Ranch Solar","county":"Webb","utility":"Gransolar Texas Three, LLC","balancing_authority":"ERCO","nameplate_mw":0.0,"max_grid_voltage_kv":345,"technologies":[],"note":"Generation capacity + interconnected grid voltage, used as a proxy for nearby transmission density. NOT substation headroom (that data is CEII-restricted, 18 CFR 388.113, and not public) -- treat as an estimate."}},{"type":"Feature","geometry":{"type":"Point","coordinates":[-95.29553,29.2816]},"properties":{"plant_code":67083,"name":"Longbow BESS, LLC","county":"Brazoria","utility":"Longbow BESS, LLC","balancing_authority":"ERCO","nameplate_mw":174.0,"max_grid_voltage_kv":138,"technologies":["Batteries"],"note":"Generation capacity + interconnected grid voltage, used as a proxy for nearby transmission density. NOT substation headroom (that data is CEII-restricted, 18 CFR 388.113, and not public) -- treat as an estimate."}},{"type":"Feature","geometry":{"type":"Point","coordinates":[-99.6578,33.84127]},"properties":{"plant_code":67095,"name":"Montgomery Ranch Wind Farm, LLC","county":"Foard","utility":"RWE Clean Energy","balancing_authority":"ERCO","nameplate_mw":202.5,"max_grid_voltage_kv":345,"technologies":["Onshore Wind Turbine"],"note":"Generation capacity + interconnected grid voltage, used as a proxy for nearby transmission density. NOT substation headroom (that data is CEII-restricted, 18 CFR 388.113, and not public) -- treat as an estimate."}},{"type":"Feature","geometry":{"type":"Point","coordinates":[-100.04931,34.35099]},"properties":{"plant_code":67123,"name":"Fagus Solar Park","county":"Childress","utility":"Excel Advantage Services, LLC","balancing_authority":"ERCO","nameplate_mw":331.6,"max_grid_voltage_kv":345,"technologies":["Solar Photovoltaic"],"note":"Generation capacity + interconnected grid voltage, used as a proxy for nearby transmission density. NOT substation headroom (that data is CEII-restricted, 18 CFR 388.113, and not public) -- treat as an estimate."}},{"type":"Feature","geometry":{"type":"Point","coordinates":[-94.85048,29.95888]},"properties":{"plant_code":67159,"name":"Liberty County Solar Project","county":"Liberty","utility":"Liberty County Solar Project, LLC","balancing_authority":"MISO","nameplate_mw":109.9,"max_grid_voltage_kv":138,"technologies":["Solar Photovoltaic"],"note":"Generation capacity + interconnected grid voltage, used as a proxy for nearby transmission density. NOT substation headroom (that data is CEII-restricted, 18 CFR 388.113, and not public) -- treat as an estimate."}},{"type":"Feature","geometry":{"type":"Point","coordinates":[-106.25861,31.56053]},"properties":{"plant_code":67174,"name":"Chihuahuan Desert Solar","county":"El Paso","utility":"El Paso Electric Co","balancing_authority":"EPE","nameplate_mw":10.0,"max_grid_voltage_kv":13.8,"technologies":["Solar Photovoltaic"],"note":"Generation capacity + interconnected grid voltage, used as a proxy for nearby transmission density. NOT substation headroom (that data is CEII-restricted, 18 CFR 388.113, and not public) -- treat as an estimate."}},{"type":"Feature","geometry":{"type":"Point","coordinates":[-103.33,31.36]},"properties":{"plant_code":67175,"name":"Rodeo Ranch Energy Storage","county":"Reeves","utility":"Rodeo Ranch Energy Storage, LLC","balancing_authority":"ERCO","nameplate_mw":300.0,"max_grid_voltage_kv":138,"technologies":["Batteries"],"note":"Generation capacity + interconnected grid voltage, used as a proxy for nearby transmission density. NOT substation headroom (that data is CEII-restricted, 18 CFR 388.113, and not public) -- treat as an estimate."}},{"type":"Feature","geometry":{"type":"Point","coordinates":[-106.0376,31.5446]},"properties":{"plant_code":67177,"name":"Felina","county":"El Paso","utility":"El Paso Electric Co","balancing_authority":"EPE","nameplate_mw":153.0,"max_grid_voltage_kv":115,"technologies":["Solar Photovoltaic"],"note":"Generation capacity + interconnected grid voltage, used as a proxy for nearby transmission density. NOT substation headroom (that data is CEII-restricted, 18 CFR 388.113, and not public) -- treat as an estimate."}},{"type":"Feature","geometry":{"type":"Point","coordinates":[-97.62889,32.31664]},"properties":{"plant_code":67222,"name":"Yellow Viking Solar","county":"Somervell","utility":"Lydian Energy","balancing_authority":"ERCO","nameplate_mw":0.0,"max_grid_voltage_kv":345,"technologies":[],"note":"Generation capacity + interconnected grid voltage, used as a proxy for nearby transmission density. NOT substation headroom (that data is CEII-restricted, 18 CFR 388.113, and not public) -- treat as an estimate."}},{"type":"Feature","geometry":{"type":"Point","coordinates":[-98.48,26.45]},"properties":{"plant_code":67236,"name":"Anemoi Energy Storage","county":"Hidalgo","utility":"Anemoi Energy Storage, LLC","balancing_authority":"ERCO","nameplate_mw":200.0,"max_grid_voltage_kv":345,"technologies":["Batteries"],"note":"Generation capacity + interconnected grid voltage, used as a proxy for nearby transmission density. NOT substation headroom (that data is CEII-restricted, 18 CFR 388.113, and not public) -- treat as an estimate."}},{"type":"Feature","geometry":{"type":"Point","coordinates":[-98.33448,29.62009]},"properties":{"plant_code":67237,"name":"Ebony Energy Storage","county":"Comal","utility":"Ebony Energy Storage, LLC","balancing_authority":"ERCO","nameplate_mw":207.9,"max_grid_voltage_kv":138,"technologies":["Batteries"],"note":"Generation capacity + interconnected grid voltage, used as a proxy for nearby transmission density. NOT substation headroom (that data is CEII-restricted, 18 CFR 388.113, and not public) -- treat as an estimate."}},{"type":"Feature","geometry":{"type":"Point","coordinates":[-95.73535,29.39524]},"properties":{"plant_code":67249,"name":"Rock Rose Energy Storage","county":"Fort Bend","utility":"Rock Rose Energy Storage LLC","balancing_authority":"ERCO","nameplate_mw":0.0,"max_grid_voltage_kv":345,"technologies":[],"note":"Generation capacity + interconnected grid voltage, used as a proxy for nearby transmission density. NOT substation headroom (that data is CEII-restricted, 18 CFR 388.113, and not public) -- treat as an estimate."}},{"type":"Feature","geometry":{"type":"Point","coordinates":[-98.08988,29.16113]},"properties":{"plant_code":67250,"name":"Alina Energy LLC","county":"Wilson","utility":"Alina Energy LLC","balancing_authority":"ERCO","nameplate_mw":0.0,"max_grid_voltage_kv":345,"technologies":[],"note":"Generation capacity + interconnected grid voltage, used as a proxy for nearby transmission density. NOT substation headroom (that data is CEII-restricted, 18 CFR 388.113, and not public) -- treat as an estimate."}},{"type":"Feature","geometry":{"type":"Point","coordinates":[-96.52876,29.10915]},"properties":{"plant_code":67284,"name":"Ganado Solar","county":"Jackson","utility":"Enel Green Power NA, Inc.","balancing_authority":"ERCO","nameplate_mw":221.0,"max_grid_voltage_kv":138,"technologies":["Batteries","Solar Photovoltaic"],"note":"Generation capacity + interconnected grid voltage, used as a proxy for nearby transmission density. NOT substation headroom (that data is CEII-restricted, 18 CFR 388.113, and not public) -- treat as an estimate."}},{"type":"Feature","geometry":{"type":"Point","coordinates":[-97.20061,31.48819]},"properties":{"plant_code":67308,"name":"AbbVie Waco","county":"McLennan","utility":"Generate ER-NG, LLC","balancing_authority":"ERCO","nameplate_mw":5.6,"max_grid_voltage_kv":138,"technologies":["Natural Gas Internal Combustion Engine"],"note":"Generation capacity + interconnected grid voltage, used as a proxy for nearby transmission density. NOT substation headroom (that data is CEII-restricted, 18 CFR 388.113, and not public) -- treat as an estimate."}},{"type":"Feature","geometry":{"type":"Point","coordinates":[-96.85322,32.81847]},"properties":{"plant_code":67309,"name":"OTHERBenEKDallas","county":"Dallas","utility":"Generate ER-NG, LLC","balancing_authority":"ERCO","nameplate_mw":1.6,"max_grid_voltage_kv":138,"technologies":["Natural Gas Internal Combustion Engine"],"note":"Generation capacity + interconnected grid voltage, used as a proxy for nearby transmission density. NOT substation headroom (that data is CEII-restricted, 18 CFR 388.113, and not public) -- treat as an estimate."}},{"type":"Feature","geometry":{"type":"Point","coordinates":[-97.13131,32.93892]},"properties":{"plant_code":67310,"name":"HEB00055","county":"Tarrant","utility":"Generate ER-NG, LLC","balancing_authority":"ERCO","nameplate_mw":1.2,"max_grid_voltage_kv":138,"technologies":["Natural Gas Internal Combustion Engine"],"note":"Generation capacity + interconnected grid voltage, used as a proxy for nearby transmission density. NOT substation headroom (that data is CEII-restricted, 18 CFR 388.113, and not public) -- treat as an estimate."}},{"type":"Feature","geometry":{"type":"Point","coordinates":[-95.40516,29.4876]},"properties":{"plant_code":67311,"name":"HEB00760","county":"Brazoria","utility":"Generate ER-NG, LLC","balancing_authority":"ERCO","nameplate_mw":1.2,"max_grid_voltage_kv":138,"technologies":["Natural Gas Internal Combustion Engine"],"note":"Generation capacity + interconnected grid voltage, used as a proxy for nearby transmission density. NOT substation headroom (that data is CEII-restricted, 18 CFR 388.113, and not public) -- treat as an estimate."}},{"type":"Feature","geometry":{"type":"Point","coordinates":[-95.76053,29.80357]},"properties":{"plant_code":67312,"name":"HEB00776","county":"Harris","utility":"Generate ER-NG, LLC","balancing_authority":"ERCO","nameplate_mw":1.2,"max_grid_voltage_kv":138,"technologies":["Natural Gas Internal Combustion Engine"],"note":"Generation capacity + interconnected grid voltage, used as a proxy for nearby transmission density. NOT substation headroom (that data is CEII-restricted, 18 CFR 388.113, and not public) -- treat as an estimate."}},{"type":"Feature","geometry":{"type":"Point","coordinates":[-96.84633,33.15515]},"properties":{"plant_code":67313,"name":"HEB00789","county":"Denton","utility":"Generate ER-NG, LLC","balancing_authority":"ERCO","nameplate_mw":1.2,"max_grid_voltage_kv":138,"technologies":["Natural Gas Internal Combustion Engine"],"note":"Generation capacity + interconnected grid voltage, used as a proxy for nearby transmission density. NOT substation headroom (that data is CEII-restricted, 18 CFR 388.113, and not public) -- treat as an estimate."}},{"type":"Feature","geometry":{"type":"Point","coordinates":[-96.79668,33.05537]},"properties":{"plant_code":67314,"name":"HEB00790","county":"Collin","utility":"Generate ER-NG, LLC","balancing_authority":"ERCO","nameplate_mw":1.2,"max_grid_voltage_kv":138,"technologies":["Natural Gas Internal Combustion Engine"],"note":"Generation capacity + interconnected grid voltage, used as a proxy for nearby transmission density. NOT substation headroom (that data is CEII-restricted, 18 CFR 388.113, and not public) -- treat as an estimate."}},{"type":"Feature","geometry":{"type":"Point","coordinates":[-96.65308,33.11662]},"properties":{"plant_code":67315,"name":"HEB00796","county":"Collin","utility":"Generate ER-NG, LLC","balancing_authority":"ERCO","nameplate_mw":1.2,"max_grid_voltage_kv":138,"technologies":["Natural Gas Internal Combustion Engine"],"note":"Generation capacity + interconnected grid voltage, used as a proxy for nearby transmission density. NOT substation headroom (that data is CEII-restricted, 18 CFR 388.113, and not public) -- treat as an estimate."}},{"type":"Feature","geometry":{"type":"Point","coordinates":[-95.61913,29.70563]},"properties":{"plant_code":67316,"name":"OTHERNFBWA","county":"Fort Bend","utility":"Texas Microgrid, LLC","balancing_authority":"ERCO","nameplate_mw":2.4,"max_grid_voltage_kv":138,"technologies":["Natural Gas Internal Combustion Engine"],"note":"Generation capacity + interconnected grid voltage, used as a proxy for nearby transmission density. NOT substation headroom (that data is CEII-restricted, 18 CFR 388.113, and not public) -- treat as an estimate."}},{"type":"Feature","geometry":{"type":"Point","coordinates":[-97.36118,31.15239]},"properties":{"plant_code":67317,"name":"HEBTEMDistCenter","county":"Bell","utility":"Texas Microgrid, LLC","balancing_authority":"ERCO","nameplate_mw":6.4,"max_grid_voltage_kv":138,"technologies":["Natural Gas Internal Combustion Engine"],"note":"Generation capacity + interconnected grid voltage, used as a proxy for nearby transmission density. NOT substation headroom (that data is CEII-restricted, 18 CFR 388.113, and not public) -- treat as an estimate."}},{"type":"Feature","geometry":{"type":"Point","coordinates":[-96.46097,30.64195]},"properties":{"plant_code":67318,"name":"OTHERTexasA&M","county":"Brazos","utility":"Texas Microgrid, LLC","balancing_authority":"ERCO","nameplate_mw":9.6,"max_grid_voltage_kv":138,"technologies":["Natural Gas Internal Combustion Engine"],"note":"Generation capacity + interconnected grid voltage, used as a proxy for nearby transmission density. NOT substation headroom (that data is CEII-restricted, 18 CFR 388.113, and not public) -- treat as an estimate."}},{"type":"Feature","geometry":{"type":"Point","coordinates":[-95.15068,29.55391]},"properties":{"plant_code":67319,"name":"HEB00769","county":"Harris","utility":"Texas Microgrid, LLC","balancing_authority":"ERCO","nameplate_mw":1.2,"max_grid_voltage_kv":138,"technologies":["Natural Gas Internal Combustion Engine"],"note":"Generation capacity + interconnected grid voltage, used as a proxy for nearby transmission density. NOT substation headroom (that data is CEII-restricted, 18 CFR 388.113, and not public) -- treat as an estimate."}},{"type":"Feature","geometry":{"type":"Point","coordinates":[-95.33785,33.63124]},"properties":{"plant_code":67341,"name":"SGT Hoskins Solar Project Hybrid","county":"Lamar","utility":"SGT Hoskins Solar Project, LLC","balancing_authority":"ERCO","nameplate_mw":0.0,"max_grid_voltage_kv":138,"technologies":[],"note":"Generation capacity + interconnected grid voltage, used as a proxy for nearby transmission density. NOT substation headroom (that data is CEII-restricted, 18 CFR 388.113, and not public) -- treat as an estimate."}},{"type":"Feature","geometry":{"type":"Point","coordinates":[-98.17853,32.08949]},"properties":{"plant_code":67353,"name":"Erath County Solar","county":"Erath","utility":"Erath County Solar LLC","balancing_authority":"ERCO","nameplate_mw":0.0,"max_grid_voltage_kv":345,"technologies":[],"note":"Generation capacity + interconnected grid voltage, used as a proxy for nearby transmission density. NOT substation headroom (that data is CEII-restricted, 18 CFR 388.113, and not public) -- treat as an estimate."}},{"type":"Feature","geometry":{"type":"Point","coordinates":[-96.7914,31.71062]},"properties":{"plant_code":67354,"name":"Waco Solar II","county":"Limestone","utility":"Waco Solar II, LLC","balancing_authority":"ERCO","nameplate_mw":0.0,"max_grid_voltage_kv":345,"technologies":[],"note":"Generation capacity + interconnected grid voltage, used as a proxy for nearby transmission density. NOT substation headroom (that data is CEII-restricted, 18 CFR 388.113, and not public) -- treat as an estimate."}},{"type":"Feature","geometry":{"type":"Point","coordinates":[-99.47612,33.21347]},"properties":{"plant_code":67356,"name":"Throckmorton Wind","county":"Haskell","utility":"Throckmorton Wind, LLC","balancing_authority":"ERCO","nameplate_mw":0.0,"max_grid_voltage_kv":345,"technologies":[],"note":"Generation capacity + interconnected grid voltage, used as a proxy for nearby transmission density. NOT substation headroom (that data is CEII-restricted, 18 CFR 388.113, and not public) -- treat as an estimate."}},{"type":"Feature","geometry":{"type":"Point","coordinates":[-99.88089,32.79692]},"properties":{"plant_code":67357,"name":"Tiger Solar","county":"Jones","utility":"Vaca Del Sol, LLC","balancing_authority":"ERCO","nameplate_mw":0.0,"max_grid_voltage_kv":345,"technologies":[],"note":"Generation capacity + interconnected grid voltage, used as a proxy for nearby transmission density. NOT substation headroom (that data is CEII-restricted, 18 CFR 388.113, and not public) -- treat as an estimate."}},{"type":"Feature","geometry":{"type":"Point","coordinates":[-97.39844,31.83764]},"properties":{"plant_code":67358,"name":"Lake Whitney Solar","county":"Bosque","utility":"Lake Whitney Solar, LLC","balancing_authority":"ERCO","nameplate_mw":0.0,"max_grid_voltage_kv":345,"technologies":[],"note":"Generation capacity + interconnected grid voltage, used as a proxy for nearby transmission density. NOT substation headroom (that data is CEII-restricted, 18 CFR 388.113, and not public) -- treat as an estimate."}},{"type":"Feature","geometry":{"type":"Point","coordinates":[-99.72019,32.78367]},"properties":{"plant_code":67359,"name":"Funston Solar","county":"Jones","utility":"Funston Solar, LLC","balancing_authority":"ERCO","nameplate_mw":0.0,"max_grid_voltage_kv":null,"technologies":[],"note":"Generation capacity + interconnected grid voltage, used as a proxy for nearby transmission density. NOT substation headroom (that data is CEII-restricted, 18 CFR 388.113, and not public) -- treat as an estimate."}},{"type":"Feature","geometry":{"type":"Point","coordinates":[-97.40833,32.70717]},"properties":{"plant_code":67381,"name":"OTHERTraditionClearfork","county":"Tarrant","utility":"Texas Microgrid, LLC","balancing_authority":"ERCO","nameplate_mw":1.2,"max_grid_voltage_kv":138,"technologies":["Natural Gas Internal Combustion Engine"],"note":"Generation capacity + interconnected grid voltage, used as a proxy for nearby transmission density. NOT substation headroom (that data is CEII-restricted, 18 CFR 388.113, and not public) -- treat as an estimate."}},{"type":"Feature","geometry":{"type":"Point","coordinates":[-95.4621,33.21732]},"properties":{"plant_code":67424,"name":"Hopkins Energy LLC","county":"Hopkins","utility":"Hopkins Energy LLC","balancing_authority":"ERCO","nameplate_mw":250.0,"max_grid_voltage_kv":345,"technologies":["Solar Photovoltaic"],"note":"Generation capacity + interconnected grid voltage, used as a proxy for nearby transmission density. NOT substation headroom (that data is CEII-restricted, 18 CFR 388.113, and not public) -- treat as an estimate."}},{"type":"Feature","geometry":{"type":"Point","coordinates":[-99.15911,32.42869]},"properties":{"plant_code":67425,"name":"Century Oak Wind Project, LLC","county":"Eastland","utility":"Century Oak Wind Project, LLC","balancing_authority":"ERCO","nameplate_mw":151.5,"max_grid_voltage_kv":345,"technologies":["Onshore Wind Turbine"],"note":"Generation capacity + interconnected grid voltage, used as a proxy for nearby transmission density. NOT substation headroom (that data is CEII-restricted, 18 CFR 388.113, and not public) -- treat as an estimate."}},{"type":"Feature","geometry":{"type":"Point","coordinates":[-96.72842,33.17581]},"properties":{"plant_code":67433,"name":"HEB00794","county":"Collin","utility":"Generate ER-NG, LLC","balancing_authority":"ERCO","nameplate_mw":1.2,"max_grid_voltage_kv":138,"technologies":["Natural Gas Internal Combustion Engine"],"note":"Generation capacity + interconnected grid voltage, used as a proxy for nearby transmission density. NOT substation headroom (that data is CEII-restricted, 18 CFR 388.113, and not public) -- treat as an estimate."}},{"type":"Feature","geometry":{"type":"Point","coordinates":[-95.68197,30.22115]},"properties":{"plant_code":67434,"name":"HEB00767","county":"Montgomery","utility":"Generate ER-NG, LLC","balancing_authority":"ERCO","nameplate_mw":1.2,"max_grid_voltage_kv":138,"technologies":["Natural Gas Internal Combustion Engine"],"note":"Generation capacity + interconnected grid voltage, used as a proxy for nearby transmission density. NOT substation headroom (that data is CEII-restricted, 18 CFR 388.113, and not public) -- treat as an estimate."}},{"type":"Feature","geometry":{"type":"Point","coordinates":[-96.0296,29.20973]},"properties":{"plant_code":67443,"name":"Lane City Wind","county":"Wharton","utility":"RWE Clean Energy","balancing_authority":"ERCO","nameplate_mw":202.5,"max_grid_voltage_kv":345,"technologies":["Onshore Wind Turbine"],"note":"Generation capacity + interconnected grid voltage, used as a proxy for nearby transmission density. NOT substation headroom (that data is CEII-restricted, 18 CFR 388.113, and not public) -- treat as an estimate."}},{"type":"Feature","geometry":{"type":"Point","coordinates":[-96.1262,28.99411]},"properties":{"plant_code":67493,"name":"Pavlov","county":"Matagorda","utility":"HEN Infrastructure, L.L.C.","balancing_authority":"ERCO","nameplate_mw":9.9,"max_grid_voltage_kv":12.47,"technologies":["Batteries"],"note":"Generation capacity + interconnected grid voltage, used as a proxy for nearby transmission density. NOT substation headroom (that data is CEII-restricted, 18 CFR 388.113, and not public) -- treat as an estimate."}},{"type":"Feature","geometry":{"type":"Point","coordinates":[-95.04077,29.39521]},"properties":{"plant_code":67494,"name":"Mainland","county":"Galveston","utility":"HEN Infrastructure, L.L.C.","balancing_authority":"ERCO","nameplate_mw":9.9,"max_grid_voltage_kv":12.47,"technologies":["Batteries"],"note":"Generation capacity + interconnected grid voltage, used as a proxy for nearby transmission density. NOT substation headroom (that data is CEII-restricted, 18 CFR 388.113, and not public) -- treat as an estimate."}},{"type":"Feature","geometry":{"type":"Point","coordinates":[-101.46036,31.18349]},"properties":{"plant_code":67495,"name":"Russek","county":"Reagan","utility":"HEN Infrastructure, L.L.C.","balancing_authority":"ERCO","nameplate_mw":9.9,"max_grid_voltage_kv":12.47,"technologies":["Batteries"],"note":"Generation capacity + interconnected grid voltage, used as a proxy for nearby transmission density. NOT substation headroom (that data is CEII-restricted, 18 CFR 388.113, and not public) -- treat as an estimate."}},{"type":"Feature","geometry":{"type":"Point","coordinates":[-103.61755,31.50879]},"properties":{"plant_code":67496,"name":"Sandlake","county":"Reeves","utility":"HEN Infrastructure, L.L.C.","balancing_authority":"ERCO","nameplate_mw":9.9,"max_grid_voltage_kv":24.9,"technologies":["Batteries"],"note":"Generation capacity + interconnected grid voltage, used as a proxy for nearby transmission density. NOT substation headroom (that data is CEII-restricted, 18 CFR 388.113, and not public) -- treat as an estimate."}},{"type":"Feature","geometry":{"type":"Point","coordinates":[-96.11058,31.8937]},"properties":{"plant_code":67500,"name":"Pin Oak Creek Energy Center, LLC","county":"Freestone","utility":"Freestone Power Generation LLC","balancing_authority":"ERCO","nameplate_mw":0.0,"max_grid_voltage_kv":345,"technologies":[],"note":"Generation capacity + interconnected grid voltage, used as a proxy for nearby transmission density. NOT substation headroom (that data is CEII-restricted, 18 CFR 388.113, and not public) -- treat as an estimate."}},{"type":"Feature","geometry":{"type":"Point","coordinates":[-95.66797,29.13752]},"properties":{"plant_code":67535,"name":"Bell Creek BESS LLC","county":"Brazoria","utility":"Nexus Renewables U.S. Inc.","balancing_authority":"ERCO","nameplate_mw":0.0,"max_grid_voltage_kv":138,"technologies":[],"note":"Generation capacity + interconnected grid voltage, used as a proxy for nearby transmission density. NOT substation headroom (that data is CEII-restricted, 18 CFR 388.113, and not public) -- treat as an estimate."}},{"type":"Feature","geometry":{"type":"Point","coordinates":[-101.36361,30.2336]},"properties":{"plant_code":67542,"name":"Blue Hills Wind Project","county":"Val Verde","utility":"Greenalia Wind Power Blue Hills, LLC","balancing_authority":"ERCO","nameplate_mw":0.0,"max_grid_voltage_kv":138,"technologies":[],"note":"Generation capacity + interconnected grid voltage, used as a proxy for nearby transmission density. NOT substation headroom (that data is CEII-restricted, 18 CFR 388.113, and not public) -- treat as an estimate."}},{"type":"Feature","geometry":{"type":"Point","coordinates":[-100.87276,33.79625]},"properties":{"plant_code":67543,"name":"Donegal Solar Project","county":"Dickens","utility":"HE-Cottonwood Solar, LLC","balancing_authority":"ERCO","nameplate_mw":0.0,"max_grid_voltage_kv":345,"technologies":[],"note":"Generation capacity + interconnected grid voltage, used as a proxy for nearby transmission density. NOT substation headroom (that data is CEII-restricted, 18 CFR 388.113, and not public) -- treat as an estimate."}},{"type":"Feature","geometry":{"type":"Point","coordinates":[-97.20278,31.79623]},"properties":{"plant_code":67544,"name":"Leitrim Solar Park","county":"Hill","utility":"Greenalia Solar Power Leitrim, LLC","balancing_authority":"ERCO","nameplate_mw":0.0,"max_grid_voltage_kv":138,"technologies":[],"note":"Generation capacity + interconnected grid voltage, used as a proxy for nearby transmission density. NOT substation headroom (that data is CEII-restricted, 18 CFR 388.113, and not public) -- treat as an estimate."}},{"type":"Feature","geometry":{"type":"Point","coordinates":[-96.30476,32.11358]},"properties":{"plant_code":67552,"name":"Elm Flats Solar","county":"Navarro","utility":"Birch Creek Development","balancing_authority":"ERCO","nameplate_mw":0.0,"max_grid_voltage_kv":138,"technologies":[],"note":"Generation capacity + interconnected grid voltage, used as a proxy for nearby transmission density. NOT substation headroom (that data is CEII-restricted, 18 CFR 388.113, and not public) -- treat as an estimate."}},{"type":"Feature","geometry":{"type":"Point","coordinates":[-98.12439,27.38393]},"properties":{"plant_code":67553,"name":"Jim Wells BESS","county":"Jim Hogg","utility":"RIC Development, LLC","balancing_authority":"ERCO","nameplate_mw":0.0,"max_grid_voltage_kv":69,"technologies":[],"note":"Generation capacity + interconnected grid voltage, used as a proxy for nearby transmission density. NOT substation headroom (that data is CEII-restricted, 18 CFR 388.113, and not public) -- treat as an estimate."}},{"type":"Feature","geometry":{"type":"Point","coordinates":[-98.85746,31.70705]},"properties":{"plant_code":67555,"name":"Zephyr Storage","county":"Brown","utility":"RIC Development, LLC","balancing_authority":"ERCO","nameplate_mw":0.0,"max_grid_voltage_kv":138,"technologies":[],"note":"Generation capacity + interconnected grid voltage, used as a proxy for nearby transmission density. NOT substation headroom (that data is CEII-restricted, 18 CFR 388.113, and not public) -- treat as an estimate."}},{"type":"Feature","geometry":{"type":"Point","coordinates":[-100.54873,28.8379]},"properties":{"plant_code":67556,"name":"Serrano BESS","county":"Maverick","utility":"RIC Development, LLC","balancing_authority":"ERCO","nameplate_mw":0.0,"max_grid_voltage_kv":69,"technologies":[],"note":"Generation capacity + interconnected grid voltage, used as a proxy for nearby transmission density. NOT substation headroom (that data is CEII-restricted, 18 CFR 388.113, and not public) -- treat as an estimate."}},{"type":"Feature","geometry":{"type":"Point","coordinates":[-95.99499,28.97488]},"properties":{"plant_code":67558,"name":"Blackcat BESS","county":"Matagorda","utility":"RIC Development, LLC","balancing_authority":"ERCO","nameplate_mw":0.0,"max_grid_voltage_kv":69,"technologies":[],"note":"Generation capacity + interconnected grid voltage, used as a proxy for nearby transmission density. NOT substation headroom (that data is CEII-restricted, 18 CFR 388.113, and not public) -- treat as an estimate."}},{"type":"Feature","geometry":{"type":"Point","coordinates":[-99.09725,29.31467]},"properties":{"plant_code":67559,"name":"Dunlay Solar","county":"Medina","utility":"RIC Development, LLC","balancing_authority":"ERCO","nameplate_mw":0.0,"max_grid_voltage_kv":138,"technologies":[],"note":"Generation capacity + interconnected grid voltage, used as a proxy for nearby transmission density. NOT substation headroom (that data is CEII-restricted, 18 CFR 388.113, and not public) -- treat as an estimate."}},{"type":"Feature","geometry":{"type":"Point","coordinates":[-97.11104,32.06313]},"properties":{"plant_code":67560,"name":"Edens Solar","county":"Hill","utility":"RIC Development, LLC","balancing_authority":"ERCO","nameplate_mw":0.0,"max_grid_voltage_kv":69,"technologies":[],"note":"Generation capacity + interconnected grid voltage, used as a proxy for nearby transmission density. NOT substation headroom (that data is CEII-restricted, 18 CFR 388.113, and not public) -- treat as an estimate."}},{"type":"Feature","geometry":{"type":"Point","coordinates":[-99.60118,30.99093]},"properties":{"plant_code":67561,"name":"Callan Solar","county":"McCulloch","utility":"RIC Development, LLC","balancing_authority":"ERCO","nameplate_mw":0.0,"max_grid_voltage_kv":69,"technologies":[],"note":"Generation capacity + interconnected grid voltage, used as a proxy for nearby transmission density. NOT substation headroom (that data is CEII-restricted, 18 CFR 388.113, and not public) -- treat as an estimate."}},{"type":"Feature","geometry":{"type":"Point","coordinates":[-100.23079,33.17418]},"properties":{"plant_code":67562,"name":"Stonewall Solar","county":"Stonewall","utility":"RIC Development, LLC","balancing_authority":"ERCO","nameplate_mw":0.0,"max_grid_voltage_kv":69,"technologies":[],"note":"Generation capacity + interconnected grid voltage, used as a proxy for nearby transmission density. NOT substation headroom (that data is CEII-restricted, 18 CFR 388.113, and not public) -- treat as an estimate."}},{"type":"Feature","geometry":{"type":"Point","coordinates":[-95.81602,30.21706]},"properties":{"plant_code":67563,"name":"Ratcliff Solar Park","county":"Freestone","utility":"Greenalia Solar Power Ratcliff, LLC","balancing_authority":"ERCO","nameplate_mw":0.0,"max_grid_voltage_kv":138,"technologies":[],"note":"Generation capacity + interconnected grid voltage, used as a proxy for nearby transmission density. NOT substation headroom (that data is CEII-restricted, 18 CFR 388.113, and not public) -- treat as an estimate."}},{"type":"Feature","geometry":{"type":"Point","coordinates":[-98.45369,28.65276]},"properties":{"plant_code":67564,"name":"Reis Solar Park","county":"Atascosa","utility":"Greenalia Solar Power Reis, LLC","balancing_authority":"ERCO","nameplate_mw":0.0,"max_grid_voltage_kv":138,"technologies":[],"note":"Generation capacity + interconnected grid voltage, used as a proxy for nearby transmission density. NOT substation headroom (that data is CEII-restricted, 18 CFR 388.113, and not public) -- treat as an estimate."}},{"type":"Feature","geometry":{"type":"Point","coordinates":[-95.69587,33.63172]},"properties":{"plant_code":67566,"name":"Roscommon Solar Park","county":"Lamar","utility":"Greenalia Solar Power Roscommon, LLC","balancing_authority":"ERCO","nameplate_mw":0.0,"max_grid_voltage_kv":138,"technologies":[],"note":"Generation capacity + interconnected grid voltage, used as a proxy for nearby transmission density. NOT substation headroom (that data is CEII-restricted, 18 CFR 388.113, and not public) -- treat as an estimate."}},{"type":"Feature","geometry":{"type":"Point","coordinates":[-96.37123,32.30026]},"properties":{"plant_code":67567,"name":"Wensowitch Solar Park","county":"Navarro","utility":"Greenalia Solar Power Wensowitch, LLC","balancing_authority":"ERCO","nameplate_mw":0.0,"max_grid_voltage_kv":138,"technologies":[],"note":"Generation capacity + interconnected grid voltage, used as a proxy for nearby transmission density. NOT substation headroom (that data is CEII-restricted, 18 CFR 388.113, and not public) -- treat as an estimate."}},{"type":"Feature","geometry":{"type":"Point","coordinates":[-95.87476,29.24506]},"properties":{"plant_code":67568,"name":"Wittig Solar Park","county":"Wharton","utility":"Greenalia Solar Power Wittig, LLC","balancing_authority":"ERCO","nameplate_mw":0.0,"max_grid_voltage_kv":138,"technologies":[],"note":"Generation capacity + interconnected grid voltage, used as a proxy for nearby transmission density. NOT substation headroom (that data is CEII-restricted, 18 CFR 388.113, and not public) -- treat as an estimate."}},{"type":"Feature","geometry":{"type":"Point","coordinates":[-96.92511,32.61214]},"properties":{"plant_code":67570,"name":"Cedar Hill ESS","county":"Dallas","utility":"Cedar Hill ESS Assets, LLC","balancing_authority":"ERCO","nameplate_mw":0.0,"max_grid_voltage_kv":24.9,"technologies":[],"note":"Generation capacity + interconnected grid voltage, used as a proxy for nearby transmission density. NOT substation headroom (that data is CEII-restricted, 18 CFR 388.113, and not public) -- treat as an estimate."}},{"type":"Feature","geometry":{"type":"Point","coordinates":[-101.97,34.49]},"properties":{"plant_code":67575,"name":"TX Nazareth Solar","county":"Swisher","utility":"Vesper Energy Development LLC","balancing_authority":"ERCO","nameplate_mw":0.0,"max_grid_voltage_kv":345,"technologies":[],"note":"Generation capacity + interconnected grid voltage, used as a proxy for nearby transmission density. NOT substation headroom (that data is CEII-restricted, 18 CFR 388.113, and not public) -- treat as an estimate."}},{"type":"Feature","geometry":{"type":"Point","coordinates":[-97.37488,31.69479]},"properties":{"plant_code":67580,"name":"Markum Solar Farm","county":"Bosque","utility":"Markum Solar Farm, LLC","balancing_authority":"ERCO","nameplate_mw":161.0,"max_grid_voltage_kv":138,"technologies":["Solar Photovoltaic"],"note":"Generation capacity + interconnected grid voltage, used as a proxy for nearby transmission density. NOT substation headroom (that data is CEII-restricted, 18 CFR 388.113, and not public) -- treat as an estimate."}},{"type":"Feature","geometry":{"type":"Point","coordinates":[-100.19749,29.26997]},"properties":{"plant_code":67581,"name":"Cairos Solar and Storage","county":"Kinney","utility":"Samsung C&T Renewables, LLC","balancing_authority":"ERCO","nameplate_mw":0.0,"max_grid_voltage_kv":138,"technologies":[],"note":"Generation capacity + interconnected grid voltage, used as a proxy for nearby transmission density. NOT substation headroom (that data is CEII-restricted, 18 CFR 388.113, and not public) -- treat as an estimate."}},{"type":"Feature","geometry":{"type":"Point","coordinates":[-97.07263,32.45228]},"properties":{"plant_code":67598,"name":"Desert Willow Energy Storage","county":"Ellis","utility":"Desert Willow Energy Storage","balancing_authority":"ERCO","nameplate_mw":150.0,"max_grid_voltage_kv":345,"technologies":["Batteries"],"note":"Generation capacity + interconnected grid voltage, used as a proxy for nearby transmission density. NOT substation headroom (that data is CEII-restricted, 18 CFR 388.113, and not public) -- treat as an estimate."}},{"type":"Feature","geometry":{"type":"Point","coordinates":[-99.02301,33.71926]},"properties":{"plant_code":67601,"name":"Diversion Wind Energy LLC","county":"Baylor","utility":"Southwestern Electric Power Co","balancing_authority":"SWPP","nameplate_mw":200.6,"max_grid_voltage_kv":345,"technologies":["Onshore Wind Turbine"],"note":"Generation capacity + interconnected grid voltage, used as a proxy for nearby transmission density. NOT substation headroom (that data is CEII-restricted, 18 CFR 388.113, and not public) -- treat as an estimate."}},{"type":"Feature","geometry":{"type":"Point","coordinates":[-96.11463,31.86193]},"properties":{"plant_code":67649,"name":"Amerada","county":"Freestone","utility":"Cypress Creek Renewables","balancing_authority":"ERCO","nameplate_mw":0.0,"max_grid_voltage_kv":345,"technologies":[],"note":"Generation capacity + interconnected grid voltage, used as a proxy for nearby transmission density. NOT substation headroom (that data is CEII-restricted, 18 CFR 388.113, and not public) -- treat as an estimate."}},{"type":"Feature","geometry":{"type":"Point","coordinates":[-95.08195,29.50069]},"properties":{"plant_code":67651,"name":"Berkman Storage","county":"Galveston","utility":"Cypress Creek Renewables","balancing_authority":"ERCO","nameplate_mw":0.0,"max_grid_voltage_kv":138,"technologies":[],"note":"Generation capacity + interconnected grid voltage, used as a proxy for nearby transmission density. NOT substation headroom (that data is CEII-restricted, 18 CFR 388.113, and not public) -- treat as an estimate."}},{"type":"Feature","geometry":{"type":"Point","coordinates":[-101.33776,32.31219]},"properties":{"plant_code":67652,"name":"Bhalu","county":"Howard","utility":"Cypress Creek Renewables","balancing_authority":"ERCO","nameplate_mw":0.0,"max_grid_voltage_kv":138,"technologies":[],"note":"Generation capacity + interconnected grid voltage, used as a proxy for nearby transmission density. NOT substation headroom (that data is CEII-restricted, 18 CFR 388.113, and not public) -- treat as an estimate."}},{"type":"Feature","geometry":{"type":"Point","coordinates":[-95.02366,29.88719]},"properties":{"plant_code":67654,"name":"Destiny Storage","county":"Harris","utility":"Cypress Creek Renewables","balancing_authority":"ERCO","nameplate_mw":0.0,"max_grid_voltage_kv":138,"technologies":[],"note":"Generation capacity + interconnected grid voltage, used as a proxy for nearby transmission density. NOT substation headroom (that data is CEII-restricted, 18 CFR 388.113, and not public) -- treat as an estimate."}},{"type":"Feature","geometry":{"type":"Point","coordinates":[-97.21465,32.63329]},"properties":{"plant_code":67656,"name":"Fort Watt Storage","county":"Tarrant","utility":"Cypress Creek Renewables","balancing_authority":"ERCO","nameplate_mw":0.0,"max_grid_voltage_kv":138,"technologies":[],"note":"Generation capacity + interconnected grid voltage, used as a proxy for nearby transmission density. NOT substation headroom (that data is CEII-restricted, 18 CFR 388.113, and not public) -- treat as an estimate."}},{"type":"Feature","geometry":{"type":"Point","coordinates":[-99.51389,31.69037]},"properties":{"plant_code":67657,"name":"Hanson","county":"Coleman","utility":"Cypress Creek Renewables","balancing_authority":"ERCO","nameplate_mw":0.0,"max_grid_voltage_kv":345,"technologies":[],"note":"Generation capacity + interconnected grid voltage, used as a proxy for nearby transmission density. NOT substation headroom (that data is CEII-restricted, 18 CFR 388.113, and not public) -- treat as an estimate."}},{"type":"Feature","geometry":{"type":"Point","coordinates":[-98.10893,26.23116]},"properties":{"plant_code":67658,"name":"Jerboa Storage","county":"Hidalgo","utility":"Cypress Creek Renewables","balancing_authority":"ERCO","nameplate_mw":0.0,"max_grid_voltage_kv":138,"technologies":[],"note":"Generation capacity + interconnected grid voltage, used as a proxy for nearby transmission density. NOT substation headroom (that data is CEII-restricted, 18 CFR 388.113, and not public) -- treat as an estimate."}},{"type":"Feature","geometry":{"type":"Point","coordinates":[-97.46654,31.89859]},"properties":{"plant_code":67659,"name":"Langer","county":"Bosque","utility":"Cypress Creek Renewables","balancing_authority":"ERCO","nameplate_mw":0.0,"max_grid_voltage_kv":345,"technologies":[],"note":"Generation capacity + interconnected grid voltage, used as a proxy for nearby transmission density. NOT substation headroom (that data is CEII-restricted, 18 CFR 388.113, and not public) -- treat as an estimate."}},{"type":"Feature","geometry":{"type":"Point","coordinates":[-96.54739,32.67516]},"properties":{"plant_code":67660,"name":"Malala","county":"Dallas","utility":"Cypress Creek Renewables","balancing_authority":"ERCO","nameplate_mw":0.0,"max_grid_voltage_kv":138,"technologies":[],"note":"Generation capacity + interconnected grid voltage, used as a proxy for nearby transmission density. NOT substation headroom (that data is CEII-restricted, 18 CFR 388.113, and not public) -- treat as an estimate."}},{"type":"Feature","geometry":{"type":"Point","coordinates":[-98.04552,33.79925]},"properties":{"plant_code":67664,"name":"Soleil","county":"Clay","utility":"Cypress Creek Renewables","balancing_authority":"ERCO","nameplate_mw":0.0,"max_grid_voltage_kv":345,"technologies":[],"note":"Generation capacity + interconnected grid voltage, used as a proxy for nearby transmission density. NOT substation headroom (that data is CEII-restricted, 18 CFR 388.113, and not public) -- treat as an estimate."}},{"type":"Feature","geometry":{"type":"Point","coordinates":[-96.55642,28.85233]},"properties":{"plant_code":67667,"name":"Third Coast BESS, LLC","county":"Jackson","utility":"Cypress Creek Renewables","balancing_authority":"ERCO","nameplate_mw":0.0,"max_grid_voltage_kv":138,"technologies":[],"note":"Generation capacity + interconnected grid voltage, used as a proxy for nearby transmission density. NOT substation headroom (that data is CEII-restricted, 18 CFR 388.113, and not public) -- treat as an estimate."}},{"type":"Feature","geometry":{"type":"Point","coordinates":[-101.51124,32.27269]},"properties":{"plant_code":67668,"name":"Wallie Storage","county":"Howard","utility":"Cypress Creek Renewables","balancing_authority":"ERCO","nameplate_mw":0.0,"max_grid_voltage_kv":138,"technologies":[],"note":"Generation capacity + interconnected grid voltage, used as a proxy for nearby transmission density. NOT substation headroom (that data is CEII-restricted, 18 CFR 388.113, and not public) -- treat as an estimate."}},{"type":"Feature","geometry":{"type":"Point","coordinates":[-95.2548,33.3015]},"properties":{"plant_code":67674,"name":"Lupinus Storage 3","county":"Franklin","utility":"Sunraycer Assets I LLC","balancing_authority":"ERCO","nameplate_mw":0.0,"max_grid_voltage_kv":138,"technologies":[],"note":"Generation capacity + interconnected grid voltage, used as a proxy for nearby transmission density. NOT substation headroom (that data is CEII-restricted, 18 CFR 388.113, and not public) -- treat as an estimate."}},{"type":"Feature","geometry":{"type":"Point","coordinates":[-95.86518,28.89678]},"properties":{"plant_code":67700,"name":"Peyton Creek Wind Farm II","county":"Matagorda","utility":"RWE Clean Energy","balancing_authority":"ERCO","nameplate_mw":243.0,"max_grid_voltage_kv":345,"technologies":["Onshore Wind Turbine"],"note":"Generation capacity + interconnected grid voltage, used as a proxy for nearby transmission density. NOT substation headroom (that data is CEII-restricted, 18 CFR 388.113, and not public) -- treat as an estimate."}},{"type":"Feature","geometry":{"type":"Point","coordinates":[-101.9378,32.7171]},"properties":{"plant_code":67721,"name":"Al Pastor Battery Storage Plant","county":"Dawson","utility":"Al Pastor BESS LLC","balancing_authority":"ERCO","nameplate_mw":100.3,"max_grid_voltage_kv":138,"technologies":["Batteries"],"note":"Generation capacity + interconnected grid voltage, used as a proxy for nearby transmission density. NOT substation headroom (that data is CEII-restricted, 18 CFR 388.113, and not public) -- treat as an estimate."}},{"type":"Feature","geometry":{"type":"Point","coordinates":[-95.31001,29.45566]},"properties":{"plant_code":67737,"name":"SMT Ironman Battery Storage Plant","county":"Brazoria","utility":"SMT Ironman BESS LLC","balancing_authority":"ERCO","nameplate_mw":304.0,"max_grid_voltage_kv":345,"technologies":["Batteries"],"note":"Generation capacity + interconnected grid voltage, used as a proxy for nearby transmission density. NOT substation headroom (that data is CEII-restricted, 18 CFR 388.113, and not public) -- treat as an estimate."}},{"type":"Feature","geometry":{"type":"Point","coordinates":[-95.01824,29.87404]},"properties":{"plant_code":67738,"name":"Citadel Battery Storage Plant","county":"Harris","utility":"Citadel BESS LLC","balancing_authority":"ERCO","nameplate_mw":204.0,"max_grid_voltage_kv":138,"technologies":["Batteries"],"note":"Generation capacity + interconnected grid voltage, used as a proxy for nearby transmission density. NOT substation headroom (that data is CEII-restricted, 18 CFR 388.113, and not public) -- treat as an estimate."}},{"type":"Feature","geometry":{"type":"Point","coordinates":[-96.3572,33.03035]},"properties":{"plant_code":67739,"name":"Wigeon Whistle Battery Storage Plant","county":"Collin","utility":"Wigeon Whistle BESS LLC","balancing_authority":"ERCO","nameplate_mw":120.0,"max_grid_voltage_kv":138,"technologies":["Batteries"],"note":"Generation capacity + interconnected grid voltage, used as a proxy for nearby transmission density. NOT substation headroom (that data is CEII-restricted, 18 CFR 388.113, and not public) -- treat as an estimate."}},{"type":"Feature","geometry":{"type":"Point","coordinates":[-96.53993,32.55208]},"properties":{"plant_code":67740,"name":"Anole Energy Storage","county":"Dallas","utility":"Anole Energy Storage, LLC","balancing_authority":"ERCO","nameplate_mw":240.0,"max_grid_voltage_kv":345,"technologies":["Batteries"],"note":"Generation capacity + interconnected grid voltage, used as a proxy for nearby transmission density. NOT substation headroom (that data is CEII-restricted, 18 CFR 388.113, and not public) -- treat as an estimate."}},{"type":"Feature","geometry":{"type":"Point","coordinates":[-100.40353,28.69954]},"properties":{"plant_code":67752,"name":"Fort Duncan BESS","county":"Maverick","utility":"Fort Duncan BESS,  LLC","balancing_authority":"ERCO","nameplate_mw":102.6,"max_grid_voltage_kv":138,"technologies":["Batteries"],"note":"Generation capacity + interconnected grid voltage, used as a proxy for nearby transmission density. NOT substation headroom (that data is CEII-restricted, 18 CFR 388.113, and not public) -- treat as an estimate."}},{"type":"Feature","geometry":{"type":"Point","coordinates":[-95.62164,29.48445]},"properties":{"plant_code":67761,"name":"Bypass BESS","county":"Fort Bend","utility":"Bypass BESS LLC","balancing_authority":"ERCO","nameplate_mw":0.0,"max_grid_voltage_kv":345,"technologies":[],"note":"Generation capacity + interconnected grid voltage, used as a proxy for nearby transmission density. NOT substation headroom (that data is CEII-restricted, 18 CFR 388.113, and not public) -- treat as an estimate."}},{"type":"Feature","geometry":{"type":"Point","coordinates":[-95.31923,33.20132]},"properties":{"plant_code":67762,"name":"Stampede Solar Hybrid","county":"Hopkins","utility":"Stampede Solar Project LLC","balancing_authority":"ERCO","nameplate_mw":328.1,"max_grid_voltage_kv":345,"technologies":["Batteries","Solar Photovoltaic"],"note":"Generation capacity + interconnected grid voltage, used as a proxy for nearby transmission density. NOT substation headroom (that data is CEII-restricted, 18 CFR 388.113, and not public) -- treat as an estimate."}},{"type":"Feature","geometry":{"type":"Point","coordinates":[-102.05372,34.37855]},"properties":{"plant_code":67763,"name":"Hart Wind","county":"Castro","utility":"Hart Wind Project, LLC","balancing_authority":"ERCO","nameplate_mw":166.4,"max_grid_voltage_kv":345,"technologies":["Onshore Wind Turbine"],"note":"Generation capacity + interconnected grid voltage, used as a proxy for nearby transmission density. NOT substation headroom (that data is CEII-restricted, 18 CFR 388.113, and not public) -- treat as an estimate."}},{"type":"Feature","geometry":{"type":"Point","coordinates":[-97.28961,33.45736]},"properties":{"plant_code":67765,"name":"Compadre Solar","county":"Cooke","utility":"Compadre Solar, LLC","balancing_authority":"ERCO","nameplate_mw":0.0,"max_grid_voltage_kv":345,"technologies":[],"note":"Generation capacity + interconnected grid voltage, used as a proxy for nearby transmission density. NOT substation headroom (that data is CEII-restricted, 18 CFR 388.113, and not public) -- treat as an estimate."}},{"type":"Feature","geometry":{"type":"Point","coordinates":[-99.72318,28.95563]},"properties":{"plant_code":67767,"name":"Bramble Energy Center","county":"Zavala","utility":"Mission Clean Energy Devco LLC","balancing_authority":"ERCO","nameplate_mw":0.0,"max_grid_voltage_kv":138,"technologies":[],"note":"Generation capacity + interconnected grid voltage, used as a proxy for nearby transmission density. NOT substation headroom (that data is CEII-restricted, 18 CFR 388.113, and not public) -- treat as an estimate."}},{"type":"Feature","geometry":{"type":"Point","coordinates":[-97.44955,27.73908]},"properties":{"plant_code":67768,"name":"Cumbia Energy Center","county":"Nueces","utility":"Mission Clean Energy Devco LLC","balancing_authority":"ERCO","nameplate_mw":0.0,"max_grid_voltage_kv":138,"technologies":[],"note":"Generation capacity + interconnected grid voltage, used as a proxy for nearby transmission density. NOT substation headroom (that data is CEII-restricted, 18 CFR 388.113, and not public) -- treat as an estimate."}},{"type":"Feature","geometry":{"type":"Point","coordinates":[-97.21786,31.34904]},"properties":{"plant_code":67772,"name":"Braswell Solar","county":"McLennan","utility":"Gransolar Texas Nine LLC","balancing_authority":"ERCO","nameplate_mw":0.0,"max_grid_voltage_kv":69,"technologies":[],"note":"Generation capacity + interconnected grid voltage, used as a proxy for nearby transmission density. NOT substation headroom (that data is CEII-restricted, 18 CFR 388.113, and not public) -- treat as an estimate."}},{"type":"Feature","geometry":{"type":"Point","coordinates":[-97.79587,30.99423]},"properties":{"plant_code":67773,"name":"Cosper Solar","county":"Bell","utility":"Gransolar Texas Twenty LLC","balancing_authority":"ERCO","nameplate_mw":0.0,"max_grid_voltage_kv":138,"technologies":[],"note":"Generation capacity + interconnected grid voltage, used as a proxy for nearby transmission density. NOT substation headroom (that data is CEII-restricted, 18 CFR 388.113, and not public) -- treat as an estimate."}},{"type":"Feature","geometry":{"type":"Point","coordinates":[-96.22328,31.07867]},"properties":{"plant_code":67774,"name":"Pecan BESS","county":"Leon","utility":"Gransolar Texas Three, LLC","balancing_authority":"ERCO","nameplate_mw":0.0,"max_grid_voltage_kv":138,"technologies":[],"note":"Generation capacity + interconnected grid voltage, used as a proxy for nearby transmission density. NOT substation headroom (that data is CEII-restricted, 18 CFR 388.113, and not public) -- treat as an estimate."}},{"type":"Feature","geometry":{"type":"Point","coordinates":[-99.18445,27.64418]},"properties":{"plant_code":67776,"name":"Cuchillas PV and BESS","county":"Webb","utility":"Gransolar Texas Two LLC","balancing_authority":"ERCO","nameplate_mw":0.0,"max_grid_voltage_kv":345,"technologies":[],"note":"Generation capacity + interconnected grid voltage, used as a proxy for nearby transmission density. NOT substation headroom (that data is CEII-restricted, 18 CFR 388.113, and not public) -- treat as an estimate."}},{"type":"Feature","geometry":{"type":"Point","coordinates":[-97.63249,26.27603]},"properties":{"plant_code":67777,"name":"Harryoung PV and BESS","county":"Cameron","utility":"Gransolar Texas Four LLC","balancing_authority":"ERCO","nameplate_mw":0.0,"max_grid_voltage_kv":138,"technologies":[],"note":"Generation capacity + interconnected grid voltage, used as a proxy for nearby transmission density. NOT substation headroom (that data is CEII-restricted, 18 CFR 388.113, and not public) -- treat as an estimate."}},{"type":"Feature","geometry":{"type":"Point","coordinates":[-96.77961,31.64339]},"properties":{"plant_code":67778,"name":"Findley PV and BESS","county":"Limestone","utility":"Gransolar Texas Sixteen, LLC","balancing_authority":"ERCO","nameplate_mw":0.0,"max_grid_voltage_kv":69,"technologies":[],"note":"Generation capacity + interconnected grid voltage, used as a proxy for nearby transmission density. NOT substation headroom (that data is CEII-restricted, 18 CFR 388.113, and not public) -- treat as an estimate."}},{"type":"Feature","geometry":{"type":"Point","coordinates":[-100.29262,32.02291]},"properties":{"plant_code":67779,"name":"Hayrick BESS","county":"Coke","utility":"Gransolar Texas Five LLC","balancing_authority":"ERCO","nameplate_mw":0.0,"max_grid_voltage_kv":138,"technologies":[],"note":"Generation capacity + interconnected grid voltage, used as a proxy for nearby transmission density. NOT substation headroom (that data is CEII-restricted, 18 CFR 388.113, and not public) -- treat as an estimate."}},{"type":"Feature","geometry":{"type":"Point","coordinates":[-96.47887,30.31052]},"properties":{"plant_code":67781,"name":"Lampe Solar","county":"Washington","utility":"Gransolar Texas Seven LLC","balancing_authority":"ERCO","nameplate_mw":0.0,"max_grid_voltage_kv":138,"technologies":[],"note":"Generation capacity + interconnected grid voltage, used as a proxy for nearby transmission density. NOT substation headroom (that data is CEII-restricted, 18 CFR 388.113, and not public) -- treat as an estimate."}},{"type":"Feature","geometry":{"type":"Point","coordinates":[-98.20217,30.78489]},"properties":{"plant_code":67782,"name":"RedSun PV and BESS","county":"Burnet","utility":"Gransolar Texas Twenty Two LLC","balancing_authority":"ERCO","nameplate_mw":0.0,"max_grid_voltage_kv":138,"technologies":[],"note":"Generation capacity + interconnected grid voltage, used as a proxy for nearby transmission density. NOT substation headroom (that data is CEII-restricted, 18 CFR 388.113, and not public) -- treat as an estimate."}},{"type":"Feature","geometry":{"type":"Point","coordinates":[-95.99381,28.97448]},"properties":{"plant_code":67783,"name":"Ventures BESS","county":"Matagorda","utility":"Gransolar Texas Twelve LLC","balancing_authority":"ERCO","nameplate_mw":0.0,"max_grid_voltage_kv":138,"technologies":[],"note":"Generation capacity + interconnected grid voltage, used as a proxy for nearby transmission density. NOT substation headroom (that data is CEII-restricted, 18 CFR 388.113, and not public) -- treat as an estimate."}},{"type":"Feature","geometry":{"type":"Point","coordinates":[-97.06248,31.95377]},"properties":{"plant_code":67784,"name":"Vial BESS","county":"Hill","utility":"Gransolar Texas Eleven LLC","balancing_authority":"ERCO","nameplate_mw":0.0,"max_grid_voltage_kv":138,"technologies":[],"note":"Generation capacity + interconnected grid voltage, used as a proxy for nearby transmission density. NOT substation headroom (that data is CEII-restricted, 18 CFR 388.113, and not public) -- treat as an estimate."}},{"type":"Feature","geometry":{"type":"Point","coordinates":[-96.43658,31.985]},"properties":{"plant_code":67785,"name":"Whistle Solar","county":"Navarro","utility":"Gransolar Texas Nineteen LLC","balancing_authority":"ERCO","nameplate_mw":0.0,"max_grid_voltage_kv":138,"technologies":[],"note":"Generation capacity + interconnected grid voltage, used as a proxy for nearby transmission density. NOT substation headroom (that data is CEII-restricted, 18 CFR 388.113, and not public) -- treat as an estimate."}},{"type":"Feature","geometry":{"type":"Point","coordinates":[-96.75536,31.8525]},"properties":{"plant_code":67788,"name":"Payne Battlecreek Solar","county":"Hill","utility":"Gransolar Texas Ten LLC","balancing_authority":"ERCO","nameplate_mw":0.0,"max_grid_voltage_kv":138,"technologies":[],"note":"Generation capacity + interconnected grid voltage, used as a proxy for nearby transmission density. NOT substation headroom (that data is CEII-restricted, 18 CFR 388.113, and not public) -- treat as an estimate."}},{"type":"Feature","geometry":{"type":"Point","coordinates":[-97.6686,30.2047]},"properties":{"plant_code":67791,"name":"ABIA Parking Structure","county":"Travis","utility":"SoCore Energy LLC","balancing_authority":"SWPP","nameplate_mw":1.8,"max_grid_voltage_kv":0.48,"technologies":["Solar Photovoltaic"],"note":"Generation capacity + interconnected grid voltage, used as a proxy for nearby transmission density. NOT substation headroom (that data is CEII-restricted, 18 CFR 388.113, and not public) -- treat as an estimate."}},{"type":"Feature","geometry":{"type":"Point","coordinates":[-96.15789,33.6331]},"properties":{"plant_code":67798,"name":"Steelhead Energy Storage","county":"Fannin","utility":"GRS BESS Texas Seven, LLC","balancing_authority":"ERCO","nameplate_mw":0.0,"max_grid_voltage_kv":138,"technologies":[],"note":"Generation capacity + interconnected grid voltage, used as a proxy for nearby transmission density. NOT substation headroom (that data is CEII-restricted, 18 CFR 388.113, and not public) -- treat as an estimate."}},{"type":"Feature","geometry":{"type":"Point","coordinates":[-106.33779,31.80773]},"properties":{"plant_code":67827,"name":"TJX 2021 DG El Paso DC","county":"El Paso","utility":"SoCore Energy LLC","balancing_authority":"EPE","nameplate_mw":1.5,"max_grid_voltage_kv":0.48,"technologies":["Solar Photovoltaic"],"note":"Generation capacity + interconnected grid voltage, used as a proxy for nearby transmission density. NOT substation headroom (that data is CEII-restricted, 18 CFR 388.113, and not public) -- treat as an estimate."}},{"type":"Feature","geometry":{"type":"Point","coordinates":[-97.724,28.628]},"properties":{"plant_code":67837,"name":"Ray Ranch Solar","county":"Goliad","utility":"Ray Ranch Solar LLC","balancing_authority":"ERCO","nameplate_mw":0.0,"max_grid_voltage_kv":138,"technologies":[],"note":"Generation capacity + interconnected grid voltage, used as a proxy for nearby transmission density. NOT substation headroom (that data is CEII-restricted, 18 CFR 388.113, and not public) -- treat as an estimate."}},{"type":"Feature","geometry":{"type":"Point","coordinates":[-96.402,33.158]},"properties":{"plant_code":67843,"name":"Farmersville West","county":"Collin","utility":"SBESS TX7 LLC","balancing_authority":"ERCO","nameplate_mw":9.9,"max_grid_voltage_kv":22,"technologies":["Batteries"],"note":"Generation capacity + interconnected grid voltage, used as a proxy for nearby transmission density. NOT substation headroom (that data is CEII-restricted, 18 CFR 388.113, and not public) -- treat as an estimate."}},{"type":"Feature","geometry":{"type":"Point","coordinates":[-95.0332,29.4919]},"properties":{"plant_code":67844,"name":"Hidden Lakes","county":"Galveston","utility":"SBESS TX6 LLC","balancing_authority":"ERCO","nameplate_mw":0.0,"max_grid_voltage_kv":12.47,"technologies":[],"note":"Generation capacity + interconnected grid voltage, used as a proxy for nearby transmission density. NOT substation headroom (that data is CEII-restricted, 18 CFR 388.113, and not public) -- treat as an estimate."}},{"type":"Feature","geometry":{"type":"Point","coordinates":[-99.76763,30.51653]},"properties":{"plant_code":67845,"name":"Junction BESS","county":"Kimble","utility":"SBESS TX5 LLC","balancing_authority":"ERCO","nameplate_mw":9.9,"max_grid_voltage_kv":24.9,"technologies":["Batteries"],"note":"Generation capacity + interconnected grid voltage, used as a proxy for nearby transmission density. NOT substation headroom (that data is CEII-restricted, 18 CFR 388.113, and not public) -- treat as an estimate."}},{"type":"Feature","geometry":{"type":"Point","coordinates":[-96.086,32.986]},"properties":{"plant_code":67849,"name":"BT Signal Ranch","county":"Hunt","utility":"BT Signal Ranch, LLC","balancing_authority":"ERCO","nameplate_mw":50.0,"max_grid_voltage_kv":138,"technologies":["Solar Photovoltaic"],"note":"Generation capacity + interconnected grid voltage, used as a proxy for nearby transmission density. NOT substation headroom (that data is CEII-restricted, 18 CFR 388.113, and not public) -- treat as an estimate."}},{"type":"Feature","geometry":{"type":"Point","coordinates":[-97.61883,30.22828]},"properties":{"plant_code":67860,"name":"GFTX BESS","county":"Travis","utility":"Giga Texas Energy LLC","balancing_authority":"ERCO","nameplate_mw":125.0,"max_grid_voltage_kv":345,"technologies":["Batteries"],"note":"Generation capacity + interconnected grid voltage, used as a proxy for nearby transmission density. NOT substation headroom (that data is CEII-restricted, 18 CFR 388.113, and not public) -- treat as an estimate."}},{"type":"Feature","geometry":{"type":"Point","coordinates":[-97.41899,33.21073]},"properties":{"plant_code":67861,"name":"Connolly BESS","county":"Wise","utility":"BT Connolly Storage, LLC","balancing_authority":"ERCO","nameplate_mw":125.0,"max_grid_voltage_kv":138,"technologies":["Batteries"],"note":"Generation capacity + interconnected grid voltage, used as a proxy for nearby transmission density. NOT substation headroom (that data is CEII-restricted, 18 CFR 388.113, and not public) -- treat as an estimate."}},{"type":"Feature","geometry":{"type":"Point","coordinates":[-95.04083,30.00966]},"properties":{"plant_code":67867,"name":"Liberty Hybrid Solar and Storage Project","county":"Harris","utility":"Liberty 1 Solar LLC","balancing_authority":"ERCO","nameplate_mw":67.2,"max_grid_voltage_kv":138,"technologies":["Solar Photovoltaic"],"note":"Generation capacity + interconnected grid voltage, used as a proxy for nearby transmission density. NOT substation headroom (that data is CEII-restricted, 18 CFR 388.113, and not public) -- treat as an estimate."}},{"type":"Feature","geometry":{"type":"Point","coordinates":[-98.28588,26.46146]},"properties":{"plant_code":67875,"name":"Monte Cristo 1","county":"Hidalgo","utility":"Terra-Gen Operating Co-Wind","balancing_authority":"ERCO","nameplate_mw":238.5,"max_grid_voltage_kv":345,"technologies":["Onshore Wind Turbine"],"note":"Generation capacity + interconnected grid voltage, used as a proxy for nearby transmission density. NOT substation headroom (that data is CEII-restricted, 18 CFR 388.113, and not public) -- treat as an estimate."}},{"type":"Feature","geometry":{"type":"Point","coordinates":[-95.96143,32.11151]},"properties":{"plant_code":67895,"name":"Brittlebush Solar and Battery Storage","county":"Henderson","utility":"210MS 8me, LLC","balancing_authority":"ERCO","nameplate_mw":0.0,"max_grid_voltage_kv":345,"technologies":[],"note":"Generation capacity + interconnected grid voltage, used as a proxy for nearby transmission density. NOT substation headroom (that data is CEII-restricted, 18 CFR 388.113, and not public) -- treat as an estimate."}},{"type":"Feature","geometry":{"type":"Point","coordinates":[-100.15901,32.0819]},"properties":{"plant_code":67896,"name":"Holstein 2 Battery Storage","county":"Nolan","utility":"229HD 8me, LLC","balancing_authority":"ERCO","nameplate_mw":0.0,"max_grid_voltage_kv":345,"technologies":[],"note":"Generation capacity + interconnected grid voltage, used as a proxy for nearby transmission density. NOT substation headroom (that data is CEII-restricted, 18 CFR 388.113, and not public) -- treat as an estimate."}},{"type":"Feature","geometry":{"type":"Point","coordinates":[-101.73838,31.87157]},"properties":{"plant_code":67917,"name":"Champaign BESS, LLC","county":"Glasscock","utility":"Samsung C&T Renewables, LLC","balancing_authority":"ERCO","nameplate_mw":0.0,"max_grid_voltage_kv":138,"technologies":[],"note":"Generation capacity + interconnected grid voltage, used as a proxy for nearby transmission density. NOT substation headroom (that data is CEII-restricted, 18 CFR 388.113, and not public) -- treat as an estimate."}},{"type":"Feature","geometry":{"type":"Point","coordinates":[-96.5051,29.013]},"properties":{"plant_code":67918,"name":"Dios BESS, LLC","county":"Jackson","utility":"Samsung C&T Renewables, LLC","balancing_authority":"ERCO","nameplate_mw":0.0,"max_grid_voltage_kv":138,"technologies":[],"note":"Generation capacity + interconnected grid voltage, used as a proxy for nearby transmission density. NOT substation headroom (that data is CEII-restricted, 18 CFR 388.113, and not public) -- treat as an estimate."}},{"type":"Feature","geometry":{"type":"Point","coordinates":[-100.90177,32.48406]},"properties":{"plant_code":67919,"name":"Dolce BESS, LLC","county":"Mitchell","utility":"Samsung C&T Renewables, LLC","balancing_authority":"ERCO","nameplate_mw":0.0,"max_grid_voltage_kv":138,"technologies":[],"note":"Generation capacity + interconnected grid voltage, used as a proxy for nearby transmission density. NOT substation headroom (that data is CEII-restricted, 18 CFR 388.113, and not public) -- treat as an estimate."}},{"type":"Feature","geometry":{"type":"Point","coordinates":[-99.29691,34.10963]},"properties":{"plant_code":67934,"name":"Vernon Solar and Storage","county":"Wilbarger","utility":"Vernon Solar and Storage, LLC","balancing_authority":"ERCO","nameplate_mw":0.0,"max_grid_voltage_kv":69,"technologies":[],"note":"Generation capacity + interconnected grid voltage, used as a proxy for nearby transmission density. NOT substation headroom (that data is CEII-restricted, 18 CFR 388.113, and not public) -- treat as an estimate."}},{"type":"Feature","geometry":{"type":"Point","coordinates":[-98.60988,29.03863]},"properties":{"plant_code":67949,"name":"Poteet","county":"Atascosa","utility":"HEN Infrastructure, L.L.C.","balancing_authority":"ERCO","nameplate_mw":0.0,"max_grid_voltage_kv":12.47,"technologies":[],"note":"Generation capacity + interconnected grid voltage, used as a proxy for nearby transmission density. NOT substation headroom (that data is CEII-restricted, 18 CFR 388.113, and not public) -- treat as an estimate."}},{"type":"Feature","geometry":{"type":"Point","coordinates":[-99.93435,31.46549]},"properties":{"plant_code":67956,"name":"Concho Pearl Solar and Storage","county":"Concho","utility":"Red River Clean Energy","balancing_authority":"ERCO","nameplate_mw":0.0,"max_grid_voltage_kv":345,"technologies":[],"note":"Generation capacity + interconnected grid voltage, used as a proxy for nearby transmission density. NOT substation headroom (that data is CEII-restricted, 18 CFR 388.113, and not public) -- treat as an estimate."}},{"type":"Feature","geometry":{"type":"Point","coordinates":[-97.7729,28.18404]},"properties":{"plant_code":67963,"name":"Tynan","county":"Bee","utility":"HEN Infrastructure, L.L.C.","balancing_authority":"ERCO","nameplate_mw":9.9,"max_grid_voltage_kv":12.47,"technologies":["Batteries"],"note":"Generation capacity + interconnected grid voltage, used as a proxy for nearby transmission density. NOT substation headroom (that data is CEII-restricted, 18 CFR 388.113, and not public) -- treat as an estimate."}},{"type":"Feature","geometry":{"type":"Point","coordinates":[-100.8775,33.78151]},"properties":{"plant_code":67968,"name":"Burksol Energy Storage","county":"Dickens","utility":"Burksol, LLC","balancing_authority":"ERCO","nameplate_mw":100.0,"max_grid_voltage_kv":345,"technologies":["Batteries"],"note":"Generation capacity + interconnected grid voltage, used as a proxy for nearby transmission density. NOT substation headroom (that data is CEII-restricted, 18 CFR 388.113, and not public) -- treat as an estimate."}},{"type":"Feature","geometry":{"type":"Point","coordinates":[-96.85732,31.08356]},"properties":{"plant_code":67976,"name":"Cattlemen Solar II","county":"Milam","utility":"Cattlemen Solar Park II LLC","balancing_authority":"ERCO","nameplate_mw":0.0,"max_grid_voltage_kv":345,"technologies":[],"note":"Generation capacity + interconnected grid voltage, used as a proxy for nearby transmission density. NOT substation headroom (that data is CEII-restricted, 18 CFR 388.113, and not public) -- treat as an estimate."}},{"type":"Feature","geometry":{"type":"Point","coordinates":[-101.96986,34.48341]},"properties":{"plant_code":67985,"name":"Hornet Solar II (TX) (Hybrid)","county":"Swisher","utility":"Vesper Energy Development LLC","balancing_authority":"ERCO","nameplate_mw":0.0,"max_grid_voltage_kv":345,"technologies":[],"note":"Generation capacity + interconnected grid voltage, used as a proxy for nearby transmission density. NOT substation headroom (that data is CEII-restricted, 18 CFR 388.113, and not public) -- treat as an estimate."}},{"type":"Feature","geometry":{"type":"Point","coordinates":[-96.19042,32.82126]},"properties":{"plant_code":67987,"name":"Mystic Springs Renewable Energy (Hybrid)","county":"Kaufman","utility":"Vesper Energy Development LLC","balancing_authority":"ERCO","nameplate_mw":0.0,"max_grid_voltage_kv":345,"technologies":[],"note":"Generation capacity + interconnected grid voltage, used as a proxy for nearby transmission density. NOT substation headroom (that data is CEII-restricted, 18 CFR 388.113, and not public) -- treat as an estimate."}},{"type":"Feature","geometry":{"type":"Point","coordinates":[-95.66965,30.71868]},"properties":{"plant_code":67995,"name":"Piney Woods Solar","county":"Walker","utility":"Piney Woods Solar, LLC","balancing_authority":"MISO","nameplate_mw":0.0,"max_grid_voltage_kv":230,"technologies":[],"note":"Generation capacity + interconnected grid voltage, used as a proxy for nearby transmission density. NOT substation headroom (that data is CEII-restricted, 18 CFR 388.113, and not public) -- treat as an estimate."}},{"type":"Feature","geometry":{"type":"Point","coordinates":[-100.24633,32.49301]},"properties":{"plant_code":67996,"name":"Leuven Solar LLC","county":"Nolan","utility":"Belgian Renewable Energy Group (BREG)","balancing_authority":"ERCO","nameplate_mw":0.0,"max_grid_voltage_kv":138,"technologies":[],"note":"Generation capacity + interconnected grid voltage, used as a proxy for nearby transmission density. NOT substation headroom (that data is CEII-restricted, 18 CFR 388.113, and not public) -- treat as an estimate."}},{"type":"Feature","geometry":{"type":"Point","coordinates":[-96.87545,32.58039]},"properties":{"plant_code":68015,"name":"Emerald Hill Energy Storage","county":"Dallas","utility":"Vesper Energy Development LLC","balancing_authority":"ERCO","nameplate_mw":0.0,"max_grid_voltage_kv":345,"technologies":[],"note":"Generation capacity + interconnected grid voltage, used as a proxy for nearby transmission density. NOT substation headroom (that data is CEII-restricted, 18 CFR 388.113, and not public) -- treat as an estimate."}},{"type":"Feature","geometry":{"type":"Point","coordinates":[-98.612,33.56494]},"properties":{"plant_code":68030,"name":"Red Hollow Renewable Energy","county":"Archer","utility":"Vesper Energy Development LLC","balancing_authority":"ERCO","nameplate_mw":0.0,"max_grid_voltage_kv":345,"technologies":[],"note":"Generation capacity + interconnected grid voltage, used as a proxy for nearby transmission density. NOT substation headroom (that data is CEII-restricted, 18 CFR 388.113, and not public) -- treat as an estimate."}},{"type":"Feature","geometry":{"type":"Point","coordinates":[-96.12137,29.67423]},"properties":{"plant_code":68033,"name":"Sunrose Renewable Energy","county":"Austin","utility":"Vesper Energy Development LLC","balancing_authority":"ERCO","nameplate_mw":0.0,"max_grid_voltage_kv":138,"technologies":[],"note":"Generation capacity + interconnected grid voltage, used as a proxy for nearby transmission density. NOT substation headroom (that data is CEII-restricted, 18 CFR 388.113, and not public) -- treat as an estimate."}},{"type":"Feature","geometry":{"type":"Point","coordinates":[-97.79994,27.8192]},"properties":{"plant_code":68034,"name":"Sunscape Renewable Energy","county":"Nueces","utility":"Vesper Energy Development LLC","balancing_authority":"ERCO","nameplate_mw":0.0,"max_grid_voltage_kv":345,"technologies":[],"note":"Generation capacity + interconnected grid voltage, used as a proxy for nearby transmission density. NOT substation headroom (that data is CEII-restricted, 18 CFR 388.113, and not public) -- treat as an estimate."}},{"type":"Feature","geometry":{"type":"Point","coordinates":[-93.99573,29.88022]},"properties":{"plant_code":68053,"name":"Legend Power Station","county":"Jefferson","utility":"Entergy Texas Inc.","balancing_authority":"ERCO","nameplate_mw":0.0,"max_grid_voltage_kv":230,"technologies":[],"note":"Generation capacity + interconnected grid voltage, used as a proxy for nearby transmission density. NOT substation headroom (that data is CEII-restricted, 18 CFR 388.113, and not public) -- treat as an estimate."}},{"type":"Feature","geometry":{"type":"Point","coordinates":[-97.262,31.006]},"properties":{"plant_code":68065,"name":"Chillingham Solar","county":"Bell","utility":"Chillingham Solar LLC","balancing_authority":"ERCO","nameplate_mw":0.0,"max_grid_voltage_kv":345,"technologies":[],"note":"Generation capacity + interconnected grid voltage, used as a proxy for nearby transmission density. NOT substation headroom (that data is CEII-restricted, 18 CFR 388.113, and not public) -- treat as an estimate."}},{"type":"Feature","geometry":{"type":"Point","coordinates":[-98.82195,31.56893]},"properties":{"plant_code":68078,"name":"Chisme Solar and Storage","county":"Brown","utility":"Red River Clean Energy","balancing_authority":"ERCO","nameplate_mw":0.0,"max_grid_voltage_kv":345,"technologies":[],"note":"Generation capacity + interconnected grid voltage, used as a proxy for nearby transmission density. NOT substation headroom (that data is CEII-restricted, 18 CFR 388.113, and not public) -- treat as an estimate."}},{"type":"Feature","geometry":{"type":"Point","coordinates":[-97.71017,28.90498]},"properties":{"plant_code":68080,"name":"Marcos PV and BESS","county":"Victoria","utility":"GRS BESS Texas Eight LLC","balancing_authority":"ERCO","nameplate_mw":0.0,"max_grid_voltage_kv":138,"technologies":[],"note":"Generation capacity + interconnected grid voltage, used as a proxy for nearby transmission density. NOT substation headroom (that data is CEII-restricted, 18 CFR 388.113, and not public) -- treat as an estimate."}},{"type":"Feature","geometry":{"type":"Point","coordinates":[-96.30097,32.14386]},"properties":{"plant_code":68082,"name":"Bluebonnet Prairie Wind","county":"Navarro","utility":"Leeward Asset Management, LLC","balancing_authority":"ERCO","nameplate_mw":0.0,"max_grid_voltage_kv":138,"technologies":[],"note":"Generation capacity + interconnected grid voltage, used as a proxy for nearby transmission density. NOT substation headroom (that data is CEII-restricted, 18 CFR 388.113, and not public) -- treat as an estimate."}},{"type":"Feature","geometry":{"type":"Point","coordinates":[-99.08318,28.93624]},"properties":{"plant_code":68084,"name":"Morrow Lake BESS","county":"Frio","utility":"Leeward Asset Management, LLC","balancing_authority":"ERCO","nameplate_mw":0.0,"max_grid_voltage_kv":138,"technologies":[],"note":"Generation capacity + interconnected grid voltage, used as a proxy for nearby transmission density. NOT substation headroom (that data is CEII-restricted, 18 CFR 388.113, and not public) -- treat as an estimate."}},{"type":"Feature","geometry":{"type":"Point","coordinates":[-95.13416,29.24952]},"properties":{"plant_code":68090,"name":"Willow Beach Wind","county":"Brazoria","utility":"AES Clean Energy","balancing_authority":"ERCO","nameplate_mw":0.0,"max_grid_voltage_kv":138,"technologies":[],"note":"Generation capacity + interconnected grid voltage, used as a proxy for nearby transmission density. NOT substation headroom (that data is CEII-restricted, 18 CFR 388.113, and not public) -- treat as an estimate."}},{"type":"Feature","geometry":{"type":"Point","coordinates":[-100.58,31.51]},"properties":{"plant_code":68145,"name":"Angelo Solar","county":"Tom Green","utility":"Angelo Solar, LLC","balancing_authority":"ERCO","nameplate_mw":195.0,"max_grid_voltage_kv":345,"technologies":["Solar Photovoltaic"],"note":"Generation capacity + interconnected grid voltage, used as a proxy for nearby transmission density. NOT substation headroom (that data is CEII-restricted, 18 CFR 388.113, and not public) -- treat as an estimate."}},{"type":"Feature","geometry":{"type":"Point","coordinates":[-100.58357,31.51364]},"properties":{"plant_code":68146,"name":"Angelo Storage","county":"Tom Green","utility":"Angelo Storage, LLC","balancing_authority":"ERCO","nameplate_mw":100.0,"max_grid_voltage_kv":345,"technologies":["Batteries"],"note":"Generation capacity + interconnected grid voltage, used as a proxy for nearby transmission density. NOT substation headroom (that data is CEII-restricted, 18 CFR 388.113, and not public) -- treat as an estimate."}},{"type":"Feature","geometry":{"type":"Point","coordinates":[-96.08872,29.57562]},"properties":{"plant_code":68149,"name":"Raven Storage","county":"Wharton","utility":"Raven Storage, LLC","balancing_authority":"ERCO","nameplate_mw":0.0,"max_grid_voltage_kv":138,"technologies":[],"note":"Generation capacity + interconnected grid voltage, used as a proxy for nearby transmission density. NOT substation headroom (that data is CEII-restricted, 18 CFR 388.113, and not public) -- treat as an estimate."}},{"type":"Feature","geometry":{"type":"Point","coordinates":[-99.09524,29.75613]},"properties":{"plant_code":68155,"name":"Rio Lago Solar","county":"Bandera","utility":"Rio Lago Solar, LLC","balancing_authority":"ERCO","nameplate_mw":0.0,"max_grid_voltage_kv":138,"technologies":[],"note":"Generation capacity + interconnected grid voltage, used as a proxy for nearby transmission density. NOT substation headroom (that data is CEII-restricted, 18 CFR 388.113, and not public) -- treat as an estimate."}},{"type":"Feature","geometry":{"type":"Point","coordinates":[-98.61335,26.2996]},"properties":{"plant_code":68164,"name":"Augite Storage","county":"Starr","utility":"Belltown Power Texas 2, LLC","balancing_authority":"ERCO","nameplate_mw":0.0,"max_grid_voltage_kv":138,"technologies":[],"note":"Generation capacity + interconnected grid voltage, used as a proxy for nearby transmission density. NOT substation headroom (that data is CEII-restricted, 18 CFR 388.113, and not public) -- treat as an estimate."}},{"type":"Feature","geometry":{"type":"Point","coordinates":[-95.73988,31.68791]},"properties":{"plant_code":68165,"name":"Brotherton Storage","county":"Anderson","utility":"Belltown Power Texas 2, LLC","balancing_authority":"ERCO","nameplate_mw":0.0,"max_grid_voltage_kv":138,"technologies":[],"note":"Generation capacity + interconnected grid voltage, used as a proxy for nearby transmission density. NOT substation headroom (that data is CEII-restricted, 18 CFR 388.113, and not public) -- treat as an estimate."}},{"type":"Feature","geometry":{"type":"Point","coordinates":[-96.73774,32.45614]},"properties":{"plant_code":68166,"name":"Dolomite Storage","county":"Ellis","utility":"Belltown Power Texas 2, LLC","balancing_authority":"ERCO","nameplate_mw":0.0,"max_grid_voltage_kv":69,"technologies":[],"note":"Generation capacity + interconnected grid voltage, used as a proxy for nearby transmission density. NOT substation headroom (that data is CEII-restricted, 18 CFR 388.113, and not public) -- treat as an estimate."}},{"type":"Feature","geometry":{"type":"Point","coordinates":[-96.99263,30.41673]},"properties":{"plant_code":68167,"name":"Hooper Solar and Storage","county":"Lee","utility":"Belltown Power Texas 2, LLC","balancing_authority":"ERCO","nameplate_mw":0.0,"max_grid_voltage_kv":138,"technologies":[],"note":"Generation capacity + interconnected grid voltage, used as a proxy for nearby transmission density. NOT substation headroom (that data is CEII-restricted, 18 CFR 388.113, and not public) -- treat as an estimate."}},{"type":"Feature","geometry":{"type":"Point","coordinates":[-96.26071,31.3257]},"properties":{"plant_code":68168,"name":"Kahla Storage","county":"Leon","utility":"Belltown Power Texas 2, LLC","balancing_authority":"ERCO","nameplate_mw":0.0,"max_grid_voltage_kv":345,"technologies":[],"note":"Generation capacity + interconnected grid voltage, used as a proxy for nearby transmission density. NOT substation headroom (that data is CEII-restricted, 18 CFR 388.113, and not public) -- treat as an estimate."}},{"type":"Feature","geometry":{"type":"Point","coordinates":[-98.59111,26.41999]},"properties":{"plant_code":68169,"name":"Kobernat Solar and Storage","county":"Starr","utility":"Belltown Power Texas 2, LLC","balancing_authority":"ERCO","nameplate_mw":0.0,"max_grid_voltage_kv":138,"technologies":[],"note":"Generation capacity + interconnected grid voltage, used as a proxy for nearby transmission density. NOT substation headroom (that data is CEII-restricted, 18 CFR 388.113, and not public) -- treat as an estimate."}},{"type":"Feature","geometry":{"type":"Point","coordinates":[-95.71031,32.33732]},"properties":{"plant_code":68170,"name":"Mcgee Storage","county":"Henderson","utility":"Belltown Power Texas 2, LLC","balancing_authority":"ERCO","nameplate_mw":0.0,"max_grid_voltage_kv":138,"technologies":[],"note":"Generation capacity + interconnected grid voltage, used as a proxy for nearby transmission density. NOT substation headroom (that data is CEII-restricted, 18 CFR 388.113, and not public) -- treat as an estimate."}},{"type":"Feature","geometry":{"type":"Point","coordinates":[-95.80922,33.17966]},"properties":{"plant_code":68171,"name":"Mcmurtre Storage","county":"Hunt","utility":"Belltown Power Texas 2, LLC","balancing_authority":"ERCO","nameplate_mw":0.0,"max_grid_voltage_kv":138,"technologies":[],"note":"Generation capacity + interconnected grid voltage, used as a proxy for nearby transmission density. NOT substation headroom (that data is CEII-restricted, 18 CFR 388.113, and not public) -- treat as an estimate."}},{"type":"Feature","geometry":{"type":"Point","coordinates":[-97.70934,28.42004]},"properties":{"plant_code":68172,"name":"Myers Solar and Storage","county":"Goliad","utility":"Belltown Power Texas 2, LLC","balancing_authority":"ERCO","nameplate_mw":0.0,"max_grid_voltage_kv":69,"technologies":[],"note":"Generation capacity + interconnected grid voltage, used as a proxy for nearby transmission density. NOT substation headroom (that data is CEII-restricted, 18 CFR 388.113, and not public) -- treat as an estimate."}},{"type":"Feature","geometry":{"type":"Point","coordinates":[-97.52777,33.30726]},"properties":{"plant_code":68173,"name":"Sandford Solar and Storage","county":"Wise","utility":"Belltown Power Texas 2, LLC","balancing_authority":"ERCO","nameplate_mw":0.0,"max_grid_voltage_kv":345,"technologies":[],"note":"Generation capacity + interconnected grid voltage, used as a proxy for nearby transmission density. NOT substation headroom (that data is CEII-restricted, 18 CFR 388.113, and not public) -- treat as an estimate."}},{"type":"Feature","geometry":{"type":"Point","coordinates":[-97.71032,30.9918]},"properties":{"plant_code":68174,"name":"Stegall Solar and Storage","county":"Bell","utility":"Belltown Power Texas 2, LLC","balancing_authority":"ERCO","nameplate_mw":0.0,"max_grid_voltage_kv":69,"technologies":[],"note":"Generation capacity + interconnected grid voltage, used as a proxy for nearby transmission density. NOT substation headroom (that data is CEII-restricted, 18 CFR 388.113, and not public) -- treat as an estimate."}},{"type":"Feature","geometry":{"type":"Point","coordinates":[-97.64211,31.62604]},"properties":{"plant_code":68175,"name":"Symank Solar","county":"Bosque","utility":"Belltown Power Texas 2, LLC","balancing_authority":"ERCO","nameplate_mw":0.0,"max_grid_voltage_kv":69,"technologies":[],"note":"Generation capacity + interconnected grid voltage, used as a proxy for nearby transmission density. NOT substation headroom (that data is CEII-restricted, 18 CFR 388.113, and not public) -- treat as an estimate."}},{"type":"Feature","geometry":{"type":"Point","coordinates":[-95.74785,32.87041]},"properties":{"plant_code":68176,"name":"Willis Storage","county":"Rains","utility":"Belltown Power Texas 2, LLC","balancing_authority":"ERCO","nameplate_mw":0.0,"max_grid_voltage_kv":138,"technologies":[],"note":"Generation capacity + interconnected grid voltage, used as a proxy for nearby transmission density. NOT substation headroom (that data is CEII-restricted, 18 CFR 388.113, and not public) -- treat as an estimate."}},{"type":"Feature","geometry":{"type":"Point","coordinates":[-95.45782,29.20622]},"properties":{"plant_code":68177,"name":"Windmill Ridge Storage","county":"Brazoria","utility":"Belltown Power Texas 2, LLC","balancing_authority":"ERCO","nameplate_mw":0.0,"max_grid_voltage_kv":138,"technologies":[],"note":"Generation capacity + interconnected grid voltage, used as a proxy for nearby transmission density. NOT substation headroom (that data is CEII-restricted, 18 CFR 388.113, and not public) -- treat as an estimate."}},{"type":"Feature","geometry":{"type":"Point","coordinates":[-97.88031,33.03319]},"properties":{"plant_code":68178,"name":"Yooperlite Storage","county":"Wise","utility":"Belltown Power Texas 2, LLC","balancing_authority":"ERCO","nameplate_mw":0.0,"max_grid_voltage_kv":69,"technologies":[],"note":"Generation capacity + interconnected grid voltage, used as a proxy for nearby transmission density. NOT substation headroom (that data is CEII-restricted, 18 CFR 388.113, and not public) -- treat as an estimate."}},{"type":"Feature","geometry":{"type":"Point","coordinates":[-97.21698,31.14105]},"properties":{"plant_code":68180,"name":"Big Elm Solar","county":"Bell","utility":"Big Elm Solar, LLC","balancing_authority":"ERCO","nameplate_mw":200.0,"max_grid_voltage_kv":345,"technologies":["Solar Photovoltaic"],"note":"Generation capacity + interconnected grid voltage, used as a proxy for nearby transmission density. NOT substation headroom (that data is CEII-restricted, 18 CFR 388.113, and not public) -- treat as an estimate."}},{"type":"Feature","geometry":{"type":"Point","coordinates":[-97.21698,31.14105]},"properties":{"plant_code":68181,"name":"Big Elm Storage","county":"Bell","utility":"Big Elm Storage, LLC","balancing_authority":"ERCO","nameplate_mw":0.0,"max_grid_voltage_kv":345,"technologies":[],"note":"Generation capacity + interconnected grid voltage, used as a proxy for nearby transmission density. NOT substation headroom (that data is CEII-restricted, 18 CFR 388.113, and not public) -- treat as an estimate."}},{"type":"Feature","geometry":{"type":"Point","coordinates":[-98.17188,26.10429]},"properties":{"plant_code":68189,"name":"Great Kiskadee Storage","county":"Hidalgo","utility":"Great Kiskadee Storage, LLC","balancing_authority":"ERCO","nameplate_mw":100.0,"max_grid_voltage_kv":138,"technologies":["Batteries"],"note":"Generation capacity + interconnected grid voltage, used as a proxy for nearby transmission density. NOT substation headroom (that data is CEII-restricted, 18 CFR 388.113, and not public) -- treat as an estimate."}},{"type":"Feature","geometry":{"type":"Point","coordinates":[-96.7357,30.86849]},"properties":{"plant_code":68198,"name":"Two Rivers Solar","county":"Milam","utility":"Two Rivers Solar, LLC","balancing_authority":"ERCO","nameplate_mw":0.0,"max_grid_voltage_kv":138,"technologies":[],"note":"Generation capacity + interconnected grid voltage, used as a proxy for nearby transmission density. NOT substation headroom (that data is CEII-restricted, 18 CFR 388.113, and not public) -- treat as an estimate."}},{"type":"Feature","geometry":{"type":"Point","coordinates":[-99.15766,32.43824]},"properties":{"plant_code":68200,"name":"Sequoia 1","county":"Eastland","utility":"Sequoia 1 Solar Project","balancing_authority":"ERCO","nameplate_mw":401.4,"max_grid_voltage_kv":345,"technologies":["Solar Photovoltaic"],"note":"Generation capacity + interconnected grid voltage, used as a proxy for nearby transmission density. NOT substation headroom (that data is CEII-restricted, 18 CFR 388.113, and not public) -- treat as an estimate."}},{"type":"Feature","geometry":{"type":"Point","coordinates":[-102.60763,34.99089]},"properties":{"plant_code":68201,"name":"IP Roman Solar","county":"Deaf Smith","utility":"Intersect USA, LLC","balancing_authority":"ERCO","nameplate_mw":0.0,"max_grid_voltage_kv":345,"technologies":[],"note":"Generation capacity + interconnected grid voltage, used as a proxy for nearby transmission density. NOT substation headroom (that data is CEII-restricted, 18 CFR 388.113, and not public) -- treat as an estimate."}},{"type":"Feature","geometry":{"type":"Point","coordinates":[-102.60763,34.99089]},"properties":{"plant_code":68202,"name":"IP Roman Wind","county":"Deaf Smith","utility":"Intersect USA, LLC","balancing_authority":"ERCO","nameplate_mw":0.0,"max_grid_voltage_kv":345,"technologies":[],"note":"Generation capacity + interconnected grid voltage, used as a proxy for nearby transmission density. NOT substation headroom (that data is CEII-restricted, 18 CFR 388.113, and not public) -- treat as an estimate."}},{"type":"Feature","geometry":{"type":"Point","coordinates":[-100.69406,35.56222]},"properties":{"plant_code":68203,"name":"IP Meitner Solar","county":"Gray","utility":"Intersect USA, LLC","balancing_authority":"ERCO","nameplate_mw":0.0,"max_grid_voltage_kv":345,"technologies":[],"note":"Generation capacity + interconnected grid voltage, used as a proxy for nearby transmission density. NOT substation headroom (that data is CEII-restricted, 18 CFR 388.113, and not public) -- treat as an estimate."}},{"type":"Feature","geometry":{"type":"Point","coordinates":[-100.82131,35.69697]},"properties":{"plant_code":68204,"name":"IP Meitner Wind","county":"Roberts","utility":"Intersect USA, LLC","balancing_authority":"ERCO","nameplate_mw":0.0,"max_grid_voltage_kv":345,"technologies":[],"note":"Generation capacity + interconnected grid voltage, used as a proxy for nearby transmission density. NOT substation headroom (that data is CEII-restricted, 18 CFR 388.113, and not public) -- treat as an estimate."}},{"type":"Feature","geometry":{"type":"Point","coordinates":[-97.08567,30.56932]},"properties":{"plant_code":68231,"name":"Walleye Solar (Sandow II)","county":"Milam","utility":"EDF Renewable Asset Holdings, Inc.","balancing_authority":"ERCO","nameplate_mw":0.0,"max_grid_voltage_kv":345,"technologies":[],"note":"Generation capacity + interconnected grid voltage, used as a proxy for nearby transmission density. NOT substation headroom (that data is CEII-restricted, 18 CFR 388.113, and not public) -- treat as an estimate."}},{"type":"Feature","geometry":{"type":"Point","coordinates":[-97.15475,30.59982]},"properties":{"plant_code":68244,"name":"Gransolar Texas One, LLC","county":"Milam","utility":"Gransolar Texas One, LLC","balancing_authority":"ERCO","nameplate_mw":50.0,"max_grid_voltage_kv":138,"technologies":["Solar Photovoltaic"],"note":"Generation capacity + interconnected grid voltage, used as a proxy for nearby transmission density. NOT substation headroom (that data is CEII-restricted, 18 CFR 388.113, and not public) -- treat as an estimate."}},{"type":"Feature","geometry":{"type":"Point","coordinates":[-97.05778,30.90376]},"properties":{"plant_code":68246,"name":"BT Jungmann","county":"Milam","utility":"BT Jungmann, LLC","balancing_authority":"ERCO","nameplate_mw":40.0,"max_grid_voltage_kv":69,"technologies":["Solar Photovoltaic"],"note":"Generation capacity + interconnected grid voltage, used as a proxy for nearby transmission density. NOT substation headroom (that data is CEII-restricted, 18 CFR 388.113, and not public) -- treat as an estimate."}},{"type":"Feature","geometry":{"type":"Point","coordinates":[-94.70564,33.21964]},"properties":{"plant_code":68273,"name":"Naples Power Plant","county":"Morris","utility":"Arkansas Electric Coop Corp","balancing_authority":"SWPP","nameplate_mw":0.0,"max_grid_voltage_kv":345,"technologies":[],"note":"Generation capacity + interconnected grid voltage, used as a proxy for nearby transmission density. NOT substation headroom (that data is CEII-restricted, 18 CFR 388.113, and not public) -- treat as an estimate."}},{"type":"Feature","geometry":{"type":"Point","coordinates":[-96.013,29.163]},"properties":{"plant_code":68275,"name":"Erin","county":"Wharton","utility":"Erin Solar LLC","balancing_authority":"ERCO","nameplate_mw":0.0,"max_grid_voltage_kv":345,"technologies":[],"note":"Generation capacity + interconnected grid voltage, used as a proxy for nearby transmission density. NOT substation headroom (that data is CEII-restricted, 18 CFR 388.113, and not public) -- treat as an estimate."}},{"type":"Feature","geometry":{"type":"Point","coordinates":[-97.59792,32.54739]},"properties":{"plant_code":68305,"name":"Gigawatt Solar","county":"Parker","utility":"Gigawatt Solar LLC","balancing_authority":"ERCO","nameplate_mw":0.0,"max_grid_voltage_kv":345,"technologies":[],"note":"Generation capacity + interconnected grid voltage, used as a proxy for nearby transmission density. NOT substation headroom (that data is CEII-restricted, 18 CFR 388.113, and not public) -- treat as an estimate."}},{"type":"Feature","geometry":{"type":"Point","coordinates":[-96.74108,32.21567]},"properties":{"plant_code":68306,"name":"Ion Solar (TX)","county":"Ellis","utility":"Ion Solar LLC (TX)","balancing_authority":"ERCO","nameplate_mw":0.0,"max_grid_voltage_kv":345,"technologies":[],"note":"Generation capacity + interconnected grid voltage, used as a proxy for nearby transmission density. NOT substation headroom (that data is CEII-restricted, 18 CFR 388.113, and not public) -- treat as an estimate."}},{"type":"Feature","geometry":{"type":"Point","coordinates":[-101.14062,29.74601]},"properties":{"plant_code":68334,"name":"Evans Creek Energy Storage Project","county":"Val Verde","utility":"Evans Creek Energy Storage LLC","balancing_authority":"ERCO","nameplate_mw":0.0,"max_grid_voltage_kv":138,"technologies":[],"note":"Generation capacity + interconnected grid voltage, used as a proxy for nearby transmission density. NOT substation headroom (that data is CEII-restricted, 18 CFR 388.113, and not public) -- treat as an estimate."}},{"type":"Feature","geometry":{"type":"Point","coordinates":[-97.84019,28.28824]},"properties":{"plant_code":68347,"name":"Abeja Solar Farm","county":"Bee","utility":"Abeja Solar Farm LLC","balancing_authority":"ERCO","nameplate_mw":0.0,"max_grid_voltage_kv":345,"technologies":[],"note":"Generation capacity + interconnected grid voltage, used as a proxy for nearby transmission density. NOT substation headroom (that data is CEII-restricted, 18 CFR 388.113, and not public) -- treat as an estimate."}},{"type":"Feature","geometry":{"type":"Point","coordinates":[-98.31948,29.3453]},"properties":{"plant_code":68348,"name":"Alamo City ESS","county":"Bexar","utility":"Alamo City ESS LLC","balancing_authority":"ERCO","nameplate_mw":0.0,"max_grid_voltage_kv":138,"technologies":[],"note":"Generation capacity + interconnected grid voltage, used as a proxy for nearby transmission density. NOT substation headroom (that data is CEII-restricted, 18 CFR 388.113, and not public) -- treat as an estimate."}},{"type":"Feature","geometry":{"type":"Point","coordinates":[-96.12222,31.62589]},"properties":{"plant_code":68349,"name":"Avant Prairie ESS","county":"Freestone","utility":"Avant Prairie ESS LLC","balancing_authority":"ERCO","nameplate_mw":0.0,"max_grid_voltage_kv":345,"technologies":[],"note":"Generation capacity + interconnected grid voltage, used as a proxy for nearby transmission density. NOT substation headroom (that data is CEII-restricted, 18 CFR 388.113, and not public) -- treat as an estimate."}},{"type":"Feature","geometry":{"type":"Point","coordinates":[-99.41187,27.28504]},"properties":{"plant_code":68350,"name":"Bravo ESS","county":"Zapata","utility":"Bravo ESS LLC","balancing_authority":"ERCO","nameplate_mw":0.0,"max_grid_voltage_kv":345,"technologies":[],"note":"Generation capacity + interconnected grid voltage, used as a proxy for nearby transmission density. NOT substation headroom (that data is CEII-restricted, 18 CFR 388.113, and not public) -- treat as an estimate."}},{"type":"Feature","geometry":{"type":"Point","coordinates":[-100.97582,33.37156]},"properties":{"plant_code":68351,"name":"Clairemont Solar","county":"Kent","utility":"Clairemont Solar LLC","balancing_authority":"ERCO","nameplate_mw":0.0,"max_grid_voltage_kv":345,"technologies":[],"note":"Generation capacity + interconnected grid voltage, used as a proxy for nearby transmission density. NOT substation headroom (that data is CEII-restricted, 18 CFR 388.113, and not public) -- treat as an estimate."}},{"type":"Feature","geometry":{"type":"Point","coordinates":[-99.05554,28.0947]},"properties":{"plant_code":68353,"name":"La Salle ESS","county":"LaSalle","utility":"La Salle ESS LLC","balancing_authority":"ERCO","nameplate_mw":0.0,"max_grid_voltage_kv":345,"technologies":[],"note":"Generation capacity + interconnected grid voltage, used as a proxy for nearby transmission density. NOT substation headroom (that data is CEII-restricted, 18 CFR 388.113, and not public) -- treat as an estimate."}},{"type":"Feature","geometry":{"type":"Point","coordinates":[-99.05701,28.09252]},"properties":{"plant_code":68354,"name":"La Salle Solar","county":"LaSalle","utility":"La Salle Solar LLC","balancing_authority":"ERCO","nameplate_mw":0.0,"max_grid_voltage_kv":345,"technologies":[],"note":"Generation capacity + interconnected grid voltage, used as a proxy for nearby transmission density. NOT substation headroom (that data is CEII-restricted, 18 CFR 388.113, and not public) -- treat as an estimate."}},{"type":"Feature","geometry":{"type":"Point","coordinates":[-99.87214,34.2655]},"properties":{"plant_code":68355,"name":"Lazy U ESS 1","county":"Hardeman","utility":"Lazy U ESS 1 LLC","balancing_authority":"ERCO","nameplate_mw":0.0,"max_grid_voltage_kv":345,"technologies":[],"note":"Generation capacity + interconnected grid voltage, used as a proxy for nearby transmission density. NOT substation headroom (that data is CEII-restricted, 18 CFR 388.113, and not public) -- treat as an estimate."}},{"type":"Feature","geometry":{"type":"Point","coordinates":[-99.87214,34.2655]},"properties":{"plant_code":68356,"name":"Lazy U ESS 2","county":"Hardeman","utility":"Lazy U ESS 2 LLC","balancing_authority":"ERCO","nameplate_mw":0.0,"max_grid_voltage_kv":345,"technologies":[],"note":"Generation capacity + interconnected grid voltage, used as a proxy for nearby transmission density. NOT substation headroom (that data is CEII-restricted, 18 CFR 388.113, and not public) -- treat as an estimate."}},{"type":"Feature","geometry":{"type":"Point","coordinates":[-99.87214,34.2655]},"properties":{"plant_code":68357,"name":"Lazy U Solar 1","county":"Hardeman","utility":"Lazy U Solar 1 LLC","balancing_authority":"ERCO","nameplate_mw":0.0,"max_grid_voltage_kv":345,"technologies":[],"note":"Generation capacity + interconnected grid voltage, used as a proxy for nearby transmission density. NOT substation headroom (that data is CEII-restricted, 18 CFR 388.113, and not public) -- treat as an estimate."}},{"type":"Feature","geometry":{"type":"Point","coordinates":[-99.87214,34.2655]},"properties":{"plant_code":68358,"name":"Lazy U Solar 2","county":"Hardeman","utility":"Lazy U Solar 2 LLC","balancing_authority":"ERCO","nameplate_mw":0.0,"max_grid_voltage_kv":345,"technologies":[],"note":"Generation capacity + interconnected grid voltage, used as a proxy for nearby transmission density. NOT substation headroom (that data is CEII-restricted, 18 CFR 388.113, and not public) -- treat as an estimate."}},{"type":"Feature","geometry":{"type":"Point","coordinates":[-97.04595,31.67836]},"properties":{"plant_code":68359,"name":"Pepper Solar Farm","county":"McLennan","utility":"Pepper Solar Farm, LLC","balancing_authority":"ERCO","nameplate_mw":0.0,"max_grid_voltage_kv":345,"technologies":[],"note":"Generation capacity + interconnected grid voltage, used as a proxy for nearby transmission density. NOT substation headroom (that data is CEII-restricted, 18 CFR 388.113, and not public) -- treat as an estimate."}},{"type":"Feature","geometry":{"type":"Point","coordinates":[-96.53331,29.95785]},"properties":{"plant_code":68360,"name":"Prost ESS","county":"Austin","utility":"Prost ESS LLC","balancing_authority":"ERCO","nameplate_mw":0.0,"max_grid_voltage_kv":138,"technologies":[],"note":"Generation capacity + interconnected grid voltage, used as a proxy for nearby transmission density. NOT substation headroom (that data is CEII-restricted, 18 CFR 388.113, and not public) -- treat as an estimate."}},{"type":"Feature","geometry":{"type":"Point","coordinates":[-98.29673,29.30764]},"properties":{"plant_code":68361,"name":"Rush ESS","county":"Bexar","utility":"Rush ESS LLC","balancing_authority":"ERCO","nameplate_mw":0.0,"max_grid_voltage_kv":345,"technologies":[],"note":"Generation capacity + interconnected grid voltage, used as a proxy for nearby transmission density. NOT substation headroom (that data is CEII-restricted, 18 CFR 388.113, and not public) -- treat as an estimate."}},{"type":"Feature","geometry":{"type":"Point","coordinates":[-94.66785,31.34595]},"properties":{"plant_code":68362,"name":"Sun Angel ESS","county":"Angelina","utility":"Sun Angel ESS LLC","balancing_authority":"ERCO","nameplate_mw":0.0,"max_grid_voltage_kv":138,"technologies":[],"note":"Generation capacity + interconnected grid voltage, used as a proxy for nearby transmission density. NOT substation headroom (that data is CEII-restricted, 18 CFR 388.113, and not public) -- treat as an estimate."}},{"type":"Feature","geometry":{"type":"Point","coordinates":[-99.83407,28.93712]},"properties":{"plant_code":68363,"name":"SunShiner ESS","county":"Zavala","utility":"SunShiner ESS LLC","balancing_authority":"ERCO","nameplate_mw":0.0,"max_grid_voltage_kv":138,"technologies":[],"note":"Generation capacity + interconnected grid voltage, used as a proxy for nearby transmission density. NOT substation headroom (that data is CEII-restricted, 18 CFR 388.113, and not public) -- treat as an estimate."}},{"type":"Feature","geometry":{"type":"Point","coordinates":[-96.03037,30.93057]},"properties":{"plant_code":68364,"name":"Tex-Bar ESS","county":"Madison","utility":"Tex-Bar ESS LLC","balancing_authority":"ERCO","nameplate_mw":0.0,"max_grid_voltage_kv":345,"technologies":[],"note":"Generation capacity + interconnected grid voltage, used as a proxy for nearby transmission density. NOT substation headroom (that data is CEII-restricted, 18 CFR 388.113, and not public) -- treat as an estimate."}},{"type":"Feature","geometry":{"type":"Point","coordinates":[-95.81184,29.3266]},"properties":{"plant_code":68365,"name":"Old 300 Storage Center","county":"Fort Bend","utility":"Old 300 Storage Center, LLC","balancing_authority":"ERCO","nameplate_mw":0.0,"max_grid_voltage_kv":345,"technologies":[],"note":"Generation capacity + interconnected grid voltage, used as a proxy for nearby transmission density. NOT substation headroom (that data is CEII-restricted, 18 CFR 388.113, and not public) -- treat as an estimate."}},{"type":"Feature","geometry":{"type":"Point","coordinates":[-95.93717,28.79722]},"properties":{"plant_code":68380,"name":"Isaac Solar","county":"Matagorda","utility":"Industrial Bravo Project, LLC","balancing_authority":"ERCO","nameplate_mw":0.0,"max_grid_voltage_kv":138,"technologies":[],"note":"Generation capacity + interconnected grid voltage, used as a proxy for nearby transmission density. NOT substation headroom (that data is CEII-restricted, 18 CFR 388.113, and not public) -- treat as an estimate."}},{"type":"Feature","geometry":{"type":"Point","coordinates":[-95.37108,29.13878]},"properties":{"plant_code":68410,"name":"Brazoria Solar I","county":"Brazoria","utility":"Brazoria Solar i, LLC","balancing_authority":"ERCO","nameplate_mw":0.0,"max_grid_voltage_kv":345,"technologies":[],"note":"Generation capacity + interconnected grid voltage, used as a proxy for nearby transmission density. NOT substation headroom (that data is CEII-restricted, 18 CFR 388.113, and not public) -- treat as an estimate."}},{"type":"Feature","geometry":{"type":"Point","coordinates":[-94.96756,29.90911]},"properties":{"plant_code":68411,"name":"Noor Solar","county":"Chambers","utility":"Industrial Kilo Project, LLC","balancing_authority":"ERCO","nameplate_mw":0.0,"max_grid_voltage_kv":138,"technologies":[],"note":"Generation capacity + interconnected grid voltage, used as a proxy for nearby transmission density. NOT substation headroom (that data is CEII-restricted, 18 CFR 388.113, and not public) -- treat as an estimate."}},{"type":"Feature","geometry":{"type":"Point","coordinates":[-94.4852,32.4607]},"properties":{"plant_code":68417,"name":"Hallsville","county":"Harrison","utility":"Southwestern Electric Power Co","balancing_authority":"SWPP","nameplate_mw":0.0,"max_grid_voltage_kv":138,"technologies":[],"note":"Generation capacity + interconnected grid voltage, used as a proxy for nearby transmission density. NOT substation headroom (that data is CEII-restricted, 18 CFR 388.113, and not public) -- treat as an estimate."}},{"type":"Feature","geometry":{"type":"Point","coordinates":[-95.45025,29.64534]},"properties":{"plant_code":68422,"name":"Callisto II Energy Center","county":"Harris","utility":"Callisto II Energy Center LLC","balancing_authority":"ERCO","nameplate_mw":0.0,"max_grid_voltage_kv":138,"technologies":[],"note":"Generation capacity + interconnected grid voltage, used as a proxy for nearby transmission density. NOT substation headroom (that data is CEII-restricted, 18 CFR 388.113, and not public) -- treat as an estimate."}},{"type":"Feature","geometry":{"type":"Point","coordinates":[-102.95312,30.92442]},"properties":{"plant_code":68423,"name":"St Gall Energy Storage II","county":"Pecos","utility":"St Gall Energy Storage II LLC","balancing_authority":"ERCO","nameplate_mw":100.0,"max_grid_voltage_kv":138,"technologies":["Batteries"],"note":"Generation capacity + interconnected grid voltage, used as a proxy for nearby transmission density. NOT substation headroom (that data is CEII-restricted, 18 CFR 388.113, and not public) -- treat as an estimate."}},{"type":"Feature","geometry":{"type":"Point","coordinates":[-96.66494,31.10306]},"properties":{"plant_code":68425,"name":"Tidwell Prairie II","county":"Robertson","utility":"Tidwell Prairie IIA LLC","balancing_authority":"ERCO","nameplate_mw":0.0,"max_grid_voltage_kv":345,"technologies":[],"note":"Generation capacity + interconnected grid voltage, used as a proxy for nearby transmission density. NOT substation headroom (that data is CEII-restricted, 18 CFR 388.113, and not public) -- treat as an estimate."}},{"type":"Feature","geometry":{"type":"Point","coordinates":[-101.78008,30.66418]},"properties":{"plant_code":68428,"name":"Gatsby Energy Storage Project","county":"Pecos","utility":"Gatsby Energy Storage LLC","balancing_authority":"ERCO","nameplate_mw":0.0,"max_grid_voltage_kv":138,"technologies":[],"note":"Generation capacity + interconnected grid voltage, used as a proxy for nearby transmission density. NOT substation headroom (that data is CEII-restricted, 18 CFR 388.113, and not public) -- treat as an estimate."}},{"type":"Feature","geometry":{"type":"Point","coordinates":[-99.36776,34.29193]},"properties":{"plant_code":68456,"name":"Blue Summit II Storage","county":"Wilbarger","utility":"Blue Summit II Storage, LLC","balancing_authority":"ERCO","nameplate_mw":0.0,"max_grid_voltage_kv":345,"technologies":[],"note":"Generation capacity + interconnected grid voltage, used as a proxy for nearby transmission density. NOT substation headroom (that data is CEII-restricted, 18 CFR 388.113, and not public) -- treat as an estimate."}},{"type":"Feature","geometry":{"type":"Point","coordinates":[-100.89025,33.87751]},"properties":{"plant_code":68458,"name":"Roaring Springs, LLC","county":"Motley","utility":"Roaring Springs, LLC","balancing_authority":"ERCO","nameplate_mw":250.0,"max_grid_voltage_kv":345,"technologies":["Solar Photovoltaic"],"note":"Generation capacity + interconnected grid voltage, used as a proxy for nearby transmission density. NOT substation headroom (that data is CEII-restricted, 18 CFR 388.113, and not public) -- treat as an estimate."}},{"type":"Feature","geometry":{"type":"Point","coordinates":[-101.22749,31.86881]},"properties":{"plant_code":68459,"name":"Bob Creek Wind, LLC","county":"Sterling","utility":"Bob Creek Wind, LLC","balancing_authority":"ERCO","nameplate_mw":0.0,"max_grid_voltage_kv":175,"technologies":[],"note":"Generation capacity + interconnected grid voltage, used as a proxy for nearby transmission density. NOT substation headroom (that data is CEII-restricted, 18 CFR 388.113, and not public) -- treat as an estimate."}},{"type":"Feature","geometry":{"type":"Point","coordinates":[-99.10774,32.41419]},"properties":{"plant_code":68460,"name":"Roadrunner Crossing Energy Storage","county":"Eastland","utility":"Roadrunner Crossing Energy Storage LLC","balancing_authority":"ERCO","nameplate_mw":150.0,"max_grid_voltage_kv":345,"technologies":["Batteries"],"note":"Generation capacity + interconnected grid voltage, used as a proxy for nearby transmission density. NOT substation headroom (that data is CEII-restricted, 18 CFR 388.113, and not public) -- treat as an estimate."}},{"type":"Feature","geometry":{"type":"Point","coordinates":[-94.8719,31.40391]},"properties":{"plant_code":68470,"name":"Azalea Springs Solar Park","county":"Angelina","utility":"Azalea Springs Solar Park LLC","balancing_authority":"ERCO","nameplate_mw":180.0,"max_grid_voltage_kv":138,"technologies":["Solar Photovoltaic"],"note":"Generation capacity + interconnected grid voltage, used as a proxy for nearby transmission density. NOT substation headroom (that data is CEII-restricted, 18 CFR 388.113, and not public) -- treat as an estimate."}},{"type":"Feature","geometry":{"type":"Point","coordinates":[-97.3879,28.0004]},"properties":{"plant_code":68474,"name":"Peacock Energy Project","county":"San Patricio","utility":"Lightsource Renewable Energy Asset Management, LLC","balancing_authority":"ERCO","nameplate_mw":150.0,"max_grid_voltage_kv":138,"technologies":["Solar Photovoltaic"],"note":"Generation capacity + interconnected grid voltage, used as a proxy for nearby transmission density. NOT substation headroom (that data is CEII-restricted, 18 CFR 388.113, and not public) -- treat as an estimate."}},{"type":"Feature","geometry":{"type":"Point","coordinates":[-98.4241,31.92853]},"properties":{"plant_code":68478,"name":"Darkwood Solar","county":"Comanche","utility":"Mustang Creek Solar I, LLC","balancing_authority":"ERCO","nameplate_mw":0.0,"max_grid_voltage_kv":345,"technologies":[],"note":"Generation capacity + interconnected grid voltage, used as a proxy for nearby transmission density. NOT substation headroom (that data is CEII-restricted, 18 CFR 388.113, and not public) -- treat as an estimate."}},{"type":"Feature","geometry":{"type":"Point","coordinates":[-98.8013,34.01762]},"properties":{"plant_code":68479,"name":"Short Creek Solar","county":"Wichita","utility":"Wichita Solar I, LLC","balancing_authority":"ERCO","nameplate_mw":0.0,"max_grid_voltage_kv":345,"technologies":[],"note":"Generation capacity + interconnected grid voltage, used as a proxy for nearby transmission density. NOT substation headroom (that data is CEII-restricted, 18 CFR 388.113, and not public) -- treat as an estimate."}},{"type":"Feature","geometry":{"type":"Point","coordinates":[-97.06783,32.1152]},"properties":{"plant_code":68481,"name":"Hill Solar II","county":"Hill","utility":"Hill Solar II, LLC","balancing_authority":"ERCO","nameplate_mw":0.0,"max_grid_voltage_kv":345,"technologies":[],"note":"Generation capacity + interconnected grid voltage, used as a proxy for nearby transmission density. NOT substation headroom (that data is CEII-restricted, 18 CFR 388.113, and not public) -- treat as an estimate."}},{"type":"Feature","geometry":{"type":"Point","coordinates":[-96.39,31.25]},"properties":{"plant_code":68483,"name":"Diver Solar, LLC","county":"Limestone","utility":"Diver Solar, LLC","balancing_authority":"ERCO","nameplate_mw":225.0,"max_grid_voltage_kv":345,"technologies":["Solar Photovoltaic"],"note":"Generation capacity + interconnected grid voltage, used as a proxy for nearby transmission density. NOT substation headroom (that data is CEII-restricted, 18 CFR 388.113, and not public) -- treat as an estimate."}},{"type":"Feature","geometry":{"type":"Point","coordinates":[-97.86231,28.15867]},"properties":{"plant_code":68495,"name":"Bird Dog Energy Storage","county":"San Patricio","utility":"VESI 37 LLC","balancing_authority":"ERCO","nameplate_mw":0.0,"max_grid_voltage_kv":69,"technologies":[],"note":"Generation capacity + interconnected grid voltage, used as a proxy for nearby transmission density. NOT substation headroom (that data is CEII-restricted, 18 CFR 388.113, and not public) -- treat as an estimate."}},{"type":"Feature","geometry":{"type":"Point","coordinates":[-98.05889,26.20694]},"properties":{"plant_code":68496,"name":"Lower Rio Energy Storage","county":"Hidalgo","utility":"VESI 38 LLC","balancing_authority":"ERCO","nameplate_mw":60.0,"max_grid_voltage_kv":138,"technologies":["Batteries"],"note":"Generation capacity + interconnected grid voltage, used as a proxy for nearby transmission density. NOT substation headroom (that data is CEII-restricted, 18 CFR 388.113, and not public) -- treat as an estimate."}},{"type":"Feature","geometry":{"type":"Point","coordinates":[-95.61892,29.48223]},"properties":{"plant_code":68499,"name":"Crowned Heron 1 - Storage, LLC","county":"Fort Bend","utility":"RWE Clean Energy","balancing_authority":"ERCO","nameplate_mw":0.0,"max_grid_voltage_kv":345,"technologies":[],"note":"Generation capacity + interconnected grid voltage, used as a proxy for nearby transmission density. NOT substation headroom (that data is CEII-restricted, 18 CFR 388.113, and not public) -- treat as an estimate."}},{"type":"Feature","geometry":{"type":"Point","coordinates":[-95.61996,29.48267]},"properties":{"plant_code":68500,"name":"Crowned Heron 2 - Storage, LLC","county":"Fort Bend","utility":"RWE Clean Energy","balancing_authority":"ERCO","nameplate_mw":0.0,"max_grid_voltage_kv":345,"technologies":[],"note":"Generation capacity + interconnected grid voltage, used as a proxy for nearby transmission density. NOT substation headroom (that data is CEII-restricted, 18 CFR 388.113, and not public) -- treat as an estimate."}},{"type":"Feature","geometry":{"type":"Point","coordinates":[-97.19124,30.41944]},"properties":{"plant_code":68504,"name":"Sandow Lakes Energy Station","county":"Lee","utility":"SL Energy Power Plant I, LLC","balancing_authority":"ERCO","nameplate_mw":0.0,"max_grid_voltage_kv":138,"technologies":[],"note":"Generation capacity + interconnected grid voltage, used as a proxy for nearby transmission density. NOT substation headroom (that data is CEII-restricted, 18 CFR 388.113, and not public) -- treat as an estimate."}},{"type":"Feature","geometry":{"type":"Point","coordinates":[-95.6151,33.09119]},"properties":{"plant_code":68513,"name":"Cartwheel 1 - Storage, LLC","county":"Hopkins","utility":"RWE Clean Energy","balancing_authority":"ERCO","nameplate_mw":300.0,"max_grid_voltage_kv":345,"technologies":["Batteries"],"note":"Generation capacity + interconnected grid voltage, used as a proxy for nearby transmission density. NOT substation headroom (that data is CEII-restricted, 18 CFR 388.113, and not public) -- treat as an estimate."}},{"type":"Feature","geometry":{"type":"Point","coordinates":[-102.696,31.7688]},"properties":{"plant_code":68537,"name":"Swift Air Solar I","county":"Ector","utility":"Origis Energy USA, Inc","balancing_authority":"ERCO","nameplate_mw":145.0,"max_grid_voltage_kv":138,"technologies":["Solar Photovoltaic"],"note":"Generation capacity + interconnected grid voltage, used as a proxy for nearby transmission density. NOT substation headroom (that data is CEII-restricted, 18 CFR 388.113, and not public) -- treat as an estimate."}},{"type":"Feature","geometry":{"type":"Point","coordinates":[-102.85525,30.91606]},"properties":{"plant_code":68580,"name":"Headcamp BESS","county":"Pecos","utility":"Lydian Energy","balancing_authority":"ERCO","nameplate_mw":0.0,"max_grid_voltage_kv":138,"technologies":[],"note":"Generation capacity + interconnected grid voltage, used as a proxy for nearby transmission density. NOT substation headroom (that data is CEII-restricted, 18 CFR 388.113, and not public) -- treat as an estimate."}},{"type":"Feature","geometry":{"type":"Point","coordinates":[-102.31592,31.19371]},"properties":{"plant_code":68581,"name":"Mendoza Trail BESS","county":"Crane","utility":"Lydian Energy","balancing_authority":"ERCO","nameplate_mw":0.0,"max_grid_voltage_kv":138,"technologies":[],"note":"Generation capacity + interconnected grid voltage, used as a proxy for nearby transmission density. NOT substation headroom (that data is CEII-restricted, 18 CFR 388.113, and not public) -- treat as an estimate."}},{"type":"Feature","geometry":{"type":"Point","coordinates":[-97.44014,28.04268]},"properties":{"plant_code":68582,"name":"Pintail BESS","county":"San Patricio","utility":"Lydian Energy","balancing_authority":"ERCO","nameplate_mw":0.0,"max_grid_voltage_kv":345,"technologies":[],"note":"Generation capacity + interconnected grid voltage, used as a proxy for nearby transmission density. NOT substation headroom (that data is CEII-restricted, 18 CFR 388.113, and not public) -- treat as an estimate."}},{"type":"Feature","geometry":{"type":"Point","coordinates":[-95.42218,29.29937]},"properties":{"plant_code":68583,"name":"Rock N' Roll","county":"Brazoria","utility":"Lydian Energy","balancing_authority":"ERCO","nameplate_mw":0.0,"max_grid_voltage_kv":138,"technologies":[],"note":"Generation capacity + interconnected grid voltage, used as a proxy for nearby transmission density. NOT substation headroom (that data is CEII-restricted, 18 CFR 388.113, and not public) -- treat as an estimate."}},{"type":"Feature","geometry":{"type":"Point","coordinates":[-102.51965,31.72309]},"properties":{"plant_code":68587,"name":"Swift Air Solar II","county":"Ector","utility":"Origis Energy USA, Inc","balancing_authority":"ERCO","nameplate_mw":173.6,"max_grid_voltage_kv":345,"technologies":["Solar Photovoltaic"],"note":"Generation capacity + interconnected grid voltage, used as a proxy for nearby transmission density. NOT substation headroom (that data is CEII-restricted, 18 CFR 388.113, and not public) -- treat as an estimate."}},{"type":"Feature","geometry":{"type":"Point","coordinates":[-102.51965,31.72309]},"properties":{"plant_code":68588,"name":"Swift Air Solar III","county":"Ector","utility":"Origis Energy USA, Inc","balancing_authority":"ERCO","nameplate_mw":100.0,"max_grid_voltage_kv":345,"technologies":["Solar Photovoltaic"],"note":"Generation capacity + interconnected grid voltage, used as a proxy for nearby transmission density. NOT substation headroom (that data is CEII-restricted, 18 CFR 388.113, and not public) -- treat as an estimate."}},{"type":"Feature","geometry":{"type":"Point","coordinates":[-102.51965,31.72309]},"properties":{"plant_code":68592,"name":"Rockhound A","county":"Ector","utility":"Origis Energy USA, Inc","balancing_authority":"ERCO","nameplate_mw":0.0,"max_grid_voltage_kv":345,"technologies":[],"note":"Generation capacity + interconnected grid voltage, used as a proxy for nearby transmission density. NOT substation headroom (that data is CEII-restricted, 18 CFR 388.113, and not public) -- treat as an estimate."}},{"type":"Feature","geometry":{"type":"Point","coordinates":[-102.51965,31.72309]},"properties":{"plant_code":68593,"name":"Rockhound C","county":"Ector","utility":"Origis Energy USA, Inc","balancing_authority":"ERCO","nameplate_mw":0.0,"max_grid_voltage_kv":345,"technologies":[],"note":"Generation capacity + interconnected grid voltage, used as a proxy for nearby transmission density. NOT substation headroom (that data is CEII-restricted, 18 CFR 388.113, and not public) -- treat as an estimate."}},{"type":"Feature","geometry":{"type":"Point","coordinates":[-102.518,31.6859]},"properties":{"plant_code":68594,"name":"Rockhound D","county":"Ector","utility":"Origis Energy USA, Inc","balancing_authority":"ERCO","nameplate_mw":0.0,"max_grid_voltage_kv":345,"technologies":[],"note":"Generation capacity + interconnected grid voltage, used as a proxy for nearby transmission density. NOT substation headroom (that data is CEII-restricted, 18 CFR 388.113, and not public) -- treat as an estimate."}},{"type":"Feature","geometry":{"type":"Point","coordinates":[-98.96762,28.3696]},"properties":{"plant_code":68604,"name":"Dahlia Energy","county":"La Salle","utility":"Dahlia Energy LLC","balancing_authority":"ERCO","nameplate_mw":0.0,"max_grid_voltage_kv":138,"technologies":[],"note":"Generation capacity + interconnected grid voltage, used as a proxy for nearby transmission density. NOT substation headroom (that data is CEII-restricted, 18 CFR 388.113, and not public) -- treat as an estimate."}},{"type":"Feature","geometry":{"type":"Point","coordinates":[-94.92114,29.75113]},"properties":{"plant_code":68606,"name":"Cedar Bayou 5","county":"Chambers","utility":"Cedar Bayou 5 LLC","balancing_authority":"ERCO","nameplate_mw":0.0,"max_grid_voltage_kv":345,"technologies":[],"note":"Generation capacity + interconnected grid voltage, used as a proxy for nearby transmission density. NOT substation headroom (that data is CEII-restricted, 18 CFR 388.113, and not public) -- treat as an estimate."}},{"type":"Feature","geometry":{"type":"Point","coordinates":[-99.26639,27.62889]},"properties":{"plant_code":68613,"name":"Guajillo Energy Storage","county":"Webb","utility":"Guajillo Energy Storage, LLC","balancing_authority":"ERCO","nameplate_mw":228.7,"max_grid_voltage_kv":345,"technologies":["Batteries"],"note":"Generation capacity + interconnected grid voltage, used as a proxy for nearby transmission density. NOT substation headroom (that data is CEII-restricted, 18 CFR 388.113, and not public) -- treat as an estimate."}},{"type":"Feature","geometry":{"type":"Point","coordinates":[-99.79563,32.51289]},"properties":{"plant_code":68665,"name":"Summerhill BESS","county":"Taylor","utility":"RIC Development, LLC","balancing_authority":"ERCO","nameplate_mw":0.0,"max_grid_voltage_kv":138,"technologies":[],"note":"Generation capacity + interconnected grid voltage, used as a proxy for nearby transmission density. NOT substation headroom (that data is CEII-restricted, 18 CFR 388.113, and not public) -- treat as an estimate."}},{"type":"Feature","geometry":{"type":"Point","coordinates":[-100.3982,33.2466]},"properties":{"plant_code":68666,"name":"Stonewall BESS","county":"Stonewall","utility":"RIC Development, LLC","balancing_authority":"ERCO","nameplate_mw":0.0,"max_grid_voltage_kv":138,"technologies":[],"note":"Generation capacity + interconnected grid voltage, used as a proxy for nearby transmission density. NOT substation headroom (that data is CEII-restricted, 18 CFR 388.113, and not public) -- treat as an estimate."}},{"type":"Feature","geometry":{"type":"Point","coordinates":[-99.84846,32.38749]},"properties":{"plant_code":68667,"name":"Chimney Rock BESS","county":"Taylor","utility":"RIC Development, LLC","balancing_authority":"ERCO","nameplate_mw":0.0,"max_grid_voltage_kv":138,"technologies":[],"note":"Generation capacity + interconnected grid voltage, used as a proxy for nearby transmission density. NOT substation headroom (that data is CEII-restricted, 18 CFR 388.113, and not public) -- treat as an estimate."}},{"type":"Feature","geometry":{"type":"Point","coordinates":[-100.76377,31.8625]},"properties":{"plant_code":68668,"name":"Coke BESS","county":"Coke","utility":"RIC Development, LLC","balancing_authority":"ERCO","nameplate_mw":0.0,"max_grid_voltage_kv":345,"technologies":[],"note":"Generation capacity + interconnected grid voltage, used as a proxy for nearby transmission density. NOT substation headroom (that data is CEII-restricted, 18 CFR 388.113, and not public) -- treat as an estimate."}},{"type":"Feature","geometry":{"type":"Point","coordinates":[-95.57699,31.23901]},"properties":{"plant_code":68671,"name":"Houston County BESS","county":"Houston","utility":"RIC Development, LLC","balancing_authority":"ERCO","nameplate_mw":0.0,"max_grid_voltage_kv":138,"technologies":[],"note":"Generation capacity + interconnected grid voltage, used as a proxy for nearby transmission density. NOT substation headroom (that data is CEII-restricted, 18 CFR 388.113, and not public) -- treat as an estimate."}},{"type":"Feature","geometry":{"type":"Point","coordinates":[-95.37989,29.77682]},"properties":{"plant_code":68683,"name":"Crockett BESS","county":"Harris","utility":"Prologis Logistics Services Incorporated BESS","balancing_authority":"ERCO","nameplate_mw":10.0,"max_grid_voltage_kv":12.47,"technologies":["Batteries"],"note":"Generation capacity + interconnected grid voltage, used as a proxy for nearby transmission density. NOT substation headroom (that data is CEII-restricted, 18 CFR 388.113, and not public) -- treat as an estimate."}},{"type":"Feature","geometry":{"type":"Point","coordinates":[-97.08325,32.68657]},"properties":{"plant_code":68684,"name":"Century BESS","county":"Tarrant","utility":"Prologis Logistics Services Incorporated BESS","balancing_authority":"ERCO","nameplate_mw":10.0,"max_grid_voltage_kv":24.9,"technologies":["Batteries"],"note":"Generation capacity + interconnected grid voltage, used as a proxy for nearby transmission density. NOT substation headroom (that data is CEII-restricted, 18 CFR 388.113, and not public) -- treat as an estimate."}},{"type":"Feature","geometry":{"type":"Point","coordinates":[-97.025,32.81479]},"properties":{"plant_code":68685,"name":"Liggett Switch","county":"Tarrant","utility":"Prologis Logistics Services Incorporated BESS","balancing_authority":"ERCO","nameplate_mw":10.0,"max_grid_voltage_kv":12.47,"technologies":["Batteries"],"note":"Generation capacity + interconnected grid voltage, used as a proxy for nearby transmission density. NOT substation headroom (that data is CEII-restricted, 18 CFR 388.113, and not public) -- treat as an estimate."}},{"type":"Feature","geometry":{"type":"Point","coordinates":[-98.35149,26.32162]},"properties":{"plant_code":68686,"name":"Citrus City BESS","county":"Hidalgo","utility":"Prologis Logistics Services Incorporated BESS","balancing_authority":"ERCO","nameplate_mw":9.9,"max_grid_voltage_kv":12.47,"technologies":["Batteries"],"note":"Generation capacity + interconnected grid voltage, used as a proxy for nearby transmission density. NOT substation headroom (that data is CEII-restricted, 18 CFR 388.113, and not public) -- treat as an estimate."}},{"type":"Feature","geometry":{"type":"Point","coordinates":[-98.81941,26.39279]},"properties":{"plant_code":68687,"name":"Rio Grande City BESS 2","county":"Starr","utility":"Prologis Logistics Services Incorporated BESS","balancing_authority":"ERCO","nameplate_mw":9.9,"max_grid_voltage_kv":12.47,"technologies":["Batteries"],"note":"Generation capacity + interconnected grid voltage, used as a proxy for nearby transmission density. NOT substation headroom (that data is CEII-restricted, 18 CFR 388.113, and not public) -- treat as an estimate."}},{"type":"Feature","geometry":{"type":"Point","coordinates":[-97.1148,32.56722]},"properties":{"plant_code":68730,"name":"HEB00750","county":"Tarrant","utility":"Generate ER-NG, LLC","balancing_authority":"ERCO","nameplate_mw":1.2,"max_grid_voltage_kv":138,"technologies":["Natural Gas Internal Combustion Engine"],"note":"Generation capacity + interconnected grid voltage, used as a proxy for nearby transmission density. NOT substation headroom (that data is CEII-restricted, 18 CFR 388.113, and not public) -- treat as an estimate."}},{"type":"Feature","geometry":{"type":"Point","coordinates":[-95.35447,29.68217]},"properties":{"plant_code":68731,"name":"HEB00779","county":"Harris","utility":"Generate ER-NG, LLC","balancing_authority":"ERCO","nameplate_mw":1.2,"max_grid_voltage_kv":138,"technologies":["Natural Gas Internal Combustion Engine"],"note":"Generation capacity + interconnected grid voltage, used as a proxy for nearby transmission density. NOT substation headroom (that data is CEII-restricted, 18 CFR 388.113, and not public) -- treat as an estimate."}},{"type":"Feature","geometry":{"type":"Point","coordinates":[-95.80365,29.81723]},"properties":{"plant_code":68732,"name":"HEB00797","county":"Harris","utility":"Generate ER-NG, LLC","balancing_authority":"ERCO","nameplate_mw":1.2,"max_grid_voltage_kv":138,"technologies":["Natural Gas Internal Combustion Engine"],"note":"Generation capacity + interconnected grid voltage, used as a proxy for nearby transmission density. NOT substation headroom (that data is CEII-restricted, 18 CFR 388.113, and not public) -- treat as an estimate."}},{"type":"Feature","geometry":{"type":"Point","coordinates":[-95.20735,29.95737]},"properties":{"plant_code":68733,"name":"HEB00798","county":"Harris","utility":"Generate ER-NG, LLC","balancing_authority":"ERCO","nameplate_mw":1.2,"max_grid_voltage_kv":138,"technologies":["Natural Gas Internal Combustion Engine"],"note":"Generation capacity + interconnected grid voltage, used as a proxy for nearby transmission density. NOT substation headroom (that data is CEII-restricted, 18 CFR 388.113, and not public) -- treat as an estimate."}},{"type":"Feature","geometry":{"type":"Point","coordinates":[-97.30894,32.9145]},"properties":{"plant_code":68734,"name":"HEB00801","county":"Tarrant","utility":"Generate ER-NG, LLC","balancing_authority":"ERCO","nameplate_mw":1.2,"max_grid_voltage_kv":138,"technologies":["Natural Gas Internal Combustion Engine"],"note":"Generation capacity + interconnected grid voltage, used as a proxy for nearby transmission density. NOT substation headroom (that data is CEII-restricted, 18 CFR 388.113, and not public) -- treat as an estimate."}},{"type":"Feature","geometry":{"type":"Point","coordinates":[-97.36118,31.15239]},"properties":{"plant_code":68736,"name":"HEBTEMDistCenter2A","county":"Bell","utility":"Texas Microgrid, LLC","balancing_authority":"ERCO","nameplate_mw":6.4,"max_grid_voltage_kv":138,"technologies":["Natural Gas Internal Combustion Engine"],"note":"Generation capacity + interconnected grid voltage, used as a proxy for nearby transmission density. NOT substation headroom (that data is CEII-restricted, 18 CFR 388.113, and not public) -- treat as an estimate."}},{"type":"Feature","geometry":{"type":"Point","coordinates":[-95.42708,29.68461]},"properties":{"plant_code":68737,"name":"OTHERTraditionBuffalo","county":"Harris","utility":"Texas Microgrid, LLC","balancing_authority":"ERCO","nameplate_mw":1.2,"max_grid_voltage_kv":138,"technologies":["Natural Gas Internal Combustion Engine"],"note":"Generation capacity + interconnected grid voltage, used as a proxy for nearby transmission density. NOT substation headroom (that data is CEII-restricted, 18 CFR 388.113, and not public) -- treat as an estimate."}},{"type":"Feature","geometry":{"type":"Point","coordinates":[-101.28402,32.02386]},"properties":{"plant_code":68738,"name":"Cannibal Draw Solar and Storage","county":"Glasscock","utility":"Red River Clean Energy","balancing_authority":"ERCO","nameplate_mw":0.0,"max_grid_voltage_kv":345,"technologies":[],"note":"Generation capacity + interconnected grid voltage, used as a proxy for nearby transmission density. NOT substation headroom (that data is CEII-restricted, 18 CFR 388.113, and not public) -- treat as an estimate."}},{"type":"Feature","geometry":{"type":"Point","coordinates":[-101.50442,32.67976]},"properties":{"plant_code":68739,"name":"Uva Creek Solar","county":"Borden","utility":"Red River Clean Energy","balancing_authority":"ERCO","nameplate_mw":0.0,"max_grid_voltage_kv":345,"technologies":[],"note":"Generation capacity + interconnected grid voltage, used as a proxy for nearby transmission density. NOT substation headroom (that data is CEII-restricted, 18 CFR 388.113, and not public) -- treat as an estimate."}},{"type":"Feature","geometry":{"type":"Point","coordinates":[-100.87342,29.34911]},"properties":{"plant_code":68748,"name":"Tierra Seca","county":"Val Verde","utility":"Tierra Seca BESS, LLC","balancing_authority":"ERCO","nameplate_mw":0.0,"max_grid_voltage_kv":138,"technologies":[],"note":"Generation capacity + interconnected grid voltage, used as a proxy for nearby transmission density. NOT substation headroom (that data is CEII-restricted, 18 CFR 388.113, and not public) -- treat as an estimate."}},{"type":"Feature","geometry":{"type":"Point","coordinates":[-99.5604,33.0121]},"properties":{"plant_code":68759,"name":"Quantum BESS","county":"Haskell","utility":"Intersect USA, LLC","balancing_authority":"ERCO","nameplate_mw":0.0,"max_grid_voltage_kv":345,"technologies":[],"note":"Generation capacity + interconnected grid voltage, used as a proxy for nearby transmission density. NOT substation headroom (that data is CEII-restricted, 18 CFR 388.113, and not public) -- treat as an estimate."}},{"type":"Feature","geometry":{"type":"Point","coordinates":[-99.5604,33.0129]},"properties":{"plant_code":68760,"name":"Quantum Solar","county":"Haskell","utility":"Intersect USA, LLC","balancing_authority":"ERCO","nameplate_mw":0.0,"max_grid_voltage_kv":345,"technologies":[],"note":"Generation capacity + interconnected grid voltage, used as a proxy for nearby transmission density. NOT substation headroom (that data is CEII-restricted, 18 CFR 388.113, and not public) -- treat as an estimate."}},{"type":"Feature","geometry":{"type":"Point","coordinates":[-99.5719,33.135]},"properties":{"plant_code":68761,"name":"Quantum II BESS","county":"Haskell","utility":"Intersect USA, LLC","balancing_authority":"ERCO","nameplate_mw":0.0,"max_grid_voltage_kv":345,"technologies":[],"note":"Generation capacity + interconnected grid voltage, used as a proxy for nearby transmission density. NOT substation headroom (that data is CEII-restricted, 18 CFR 388.113, and not public) -- treat as an estimate."}},{"type":"Feature","geometry":{"type":"Point","coordinates":[-99.57,33.1377]},"properties":{"plant_code":68762,"name":"Quantum II Solar","county":"Haskell","utility":"Intersect USA, LLC","balancing_authority":"ERCO","nameplate_mw":0.0,"max_grid_voltage_kv":345,"technologies":[],"note":"Generation capacity + interconnected grid voltage, used as a proxy for nearby transmission density. NOT substation headroom (that data is CEII-restricted, 18 CFR 388.113, and not public) -- treat as an estimate."}},{"type":"Feature","geometry":{"type":"Point","coordinates":[-99.26568,34.02533]},"properties":{"plant_code":68765,"name":"Hutcherson Solar","county":"Wilbarger","utility":"Greenalia Solar Power Hutcherson, LLC","balancing_authority":"ERCO","nameplate_mw":0.0,"max_grid_voltage_kv":345,"technologies":[],"note":"Generation capacity + interconnected grid voltage, used as a proxy for nearby transmission density. NOT substation headroom (that data is CEII-restricted, 18 CFR 388.113, and not public) -- treat as an estimate."}},{"type":"Feature","geometry":{"type":"Point","coordinates":[-100.21176,31.19494]},"properties":{"plant_code":68766,"name":"Pioneer Field Wind Power","county":"Tom Green","utility":"Greenalia Wind Power Pioneer Field, LLC","balancing_authority":"ERCO","nameplate_mw":0.0,"max_grid_voltage_kv":138,"technologies":[],"note":"Generation capacity + interconnected grid voltage, used as a proxy for nearby transmission density. NOT substation headroom (that data is CEII-restricted, 18 CFR 388.113, and not public) -- treat as an estimate."}},{"type":"Feature","geometry":{"type":"Point","coordinates":[-102.18648,30.81256]},"properties":{"plant_code":68767,"name":"Greenalia Solar Power Blackwelder Ranch","county":"Pecos","utility":"Greenalia Solar Power Blackwelder Ranch, LLC","balancing_authority":"ERCO","nameplate_mw":0.0,"max_grid_voltage_kv":138,"technologies":[],"note":"Generation capacity + interconnected grid voltage, used as a proxy for nearby transmission density. NOT substation headroom (that data is CEII-restricted, 18 CFR 388.113, and not public) -- treat as an estimate."}},{"type":"Feature","geometry":{"type":"Point","coordinates":[-102.18648,30.81256]},"properties":{"plant_code":68768,"name":"Blackwelder Ranch Wind","county":"Pecos","utility":"Greenalia Wind Power Blackwelder Ranch, LLC","balancing_authority":"ERCO","nameplate_mw":0.0,"max_grid_voltage_kv":138,"technologies":[],"note":"Generation capacity + interconnected grid voltage, used as a proxy for nearby transmission density. NOT substation headroom (that data is CEII-restricted, 18 CFR 388.113, and not public) -- treat as an estimate."}},{"type":"Feature","geometry":{"type":"Point","coordinates":[-100.06679,34.34376]},"properties":{"plant_code":68769,"name":"Greenalia Solar Power Misae III","county":"Childress","utility":"Greenlia Solar Power Misae III, LLC","balancing_authority":"ERCO","nameplate_mw":0.0,"max_grid_voltage_kv":345,"technologies":[],"note":"Generation capacity + interconnected grid voltage, used as a proxy for nearby transmission density. NOT substation headroom (that data is CEII-restricted, 18 CFR 388.113, and not public) -- treat as an estimate."}},{"type":"Feature","geometry":{"type":"Point","coordinates":[-95.03651,29.48896]},"properties":{"plant_code":68809,"name":"Hidden Lakes Reliability Project","county":"Galveston","utility":"Evelyn Energy Storage LLC","balancing_authority":"ERCO","nameplate_mw":220.0,"max_grid_voltage_kv":138,"technologies":["Batteries"],"note":"Generation capacity + interconnected grid voltage, used as a proxy for nearby transmission density. NOT substation headroom (that data is CEII-restricted, 18 CFR 388.113, and not public) -- treat as an estimate."}},{"type":"Feature","geometry":{"type":"Point","coordinates":[-95.62124,29.15041]},"properties":{"plant_code":68814,"name":"Brazos River BESS LLC","county":"Brazoria","utility":"Nexus Renewables U.S. Inc.","balancing_authority":"ERCO","nameplate_mw":0.0,"max_grid_voltage_kv":138,"technologies":[],"note":"Generation capacity + interconnected grid voltage, used as a proxy for nearby transmission density. NOT substation headroom (that data is CEII-restricted, 18 CFR 388.113, and not public) -- treat as an estimate."}},{"type":"Feature","geometry":{"type":"Point","coordinates":[-99.16174,27.85923]},"properties":{"plant_code":68838,"name":"Hecate Energy Outpost Solar LLC","county":"Webb","utility":"Repsol Renewables NA","balancing_authority":"ERCO","nameplate_mw":515.0,"max_grid_voltage_kv":345,"technologies":["Solar Photovoltaic"],"note":"Generation capacity + interconnected grid voltage, used as a proxy for nearby transmission density. NOT substation headroom (that data is CEII-restricted, 18 CFR 388.113, and not public) -- treat as an estimate."}},{"type":"Feature","geometry":{"type":"Point","coordinates":[-98.34052,33.04417]},"properties":{"plant_code":68839,"name":"Hecate Energy Longhorn Solar LLC","county":"Jack","utility":"Repsol Renewables NA","balancing_authority":"ERCO","nameplate_mw":0.0,"max_grid_voltage_kv":345,"technologies":[],"note":"Generation capacity + interconnected grid voltage, used as a proxy for nearby transmission density. NOT substation headroom (that data is CEII-restricted, 18 CFR 388.113, and not public) -- treat as an estimate."}},{"type":"Feature","geometry":{"type":"Point","coordinates":[-97.26319,31.0053]},"properties":{"plant_code":68842,"name":"Chillingham Storage","county":"Bell","utility":"Chillingham Storage LLC","balancing_authority":"ERCO","nameplate_mw":150.0,"max_grid_voltage_kv":345,"technologies":["Batteries"],"note":"Generation capacity + interconnected grid voltage, used as a proxy for nearby transmission density. NOT substation headroom (that data is CEII-restricted, 18 CFR 388.113, and not public) -- treat as an estimate."}},{"type":"Feature","geometry":{"type":"Point","coordinates":[-102.7089,33.02248]},"properties":{"plant_code":68847,"name":"1000 Mile Solar","county":"Yoakum","utility":"1000 Mile Solar, LLC","balancing_authority":"SWPP","nameplate_mw":0.0,"max_grid_voltage_kv":230,"technologies":[],"note":"Generation capacity + interconnected grid voltage, used as a proxy for nearby transmission density. NOT substation headroom (that data is CEII-restricted, 18 CFR 388.113, and not public) -- treat as an estimate."}},{"type":"Feature","geometry":{"type":"Point","coordinates":[-97.14982,30.98984]},"properties":{"plant_code":68851,"name":"Hermes Solar PV","county":"Bell","utility":"Bell 1 Solar, LLC","balancing_authority":"ERCO","nameplate_mw":0.0,"max_grid_voltage_kv":345,"technologies":[],"note":"Generation capacity + interconnected grid voltage, used as a proxy for nearby transmission density. NOT substation headroom (that data is CEII-restricted, 18 CFR 388.113, and not public) -- treat as an estimate."}},{"type":"Feature","geometry":{"type":"Point","coordinates":[-97.1429,30.98159]},"properties":{"plant_code":68852,"name":"Hermes Storage BESS","county":"Bell","utility":"Bell 1 Storage, LLC","balancing_authority":"ERCO","nameplate_mw":0.0,"max_grid_voltage_kv":345,"technologies":[],"note":"Generation capacity + interconnected grid voltage, used as a proxy for nearby transmission density. NOT substation headroom (that data is CEII-restricted, 18 CFR 388.113, and not public) -- treat as an estimate."}},{"type":"Feature","geometry":{"type":"Point","coordinates":[-97.26139,31.12936]},"properties":{"plant_code":68853,"name":"Limewood Bell Renewables Solar","county":"Bell","utility":"Limewood Bell Renewables LLC","balancing_authority":"ERCO","nameplate_mw":0.0,"max_grid_voltage_kv":138,"technologies":[],"note":"Generation capacity + interconnected grid voltage, used as a proxy for nearby transmission density. NOT substation headroom (that data is CEII-restricted, 18 CFR 388.113, and not public) -- treat as an estimate."}},{"type":"Feature","geometry":{"type":"Point","coordinates":[-95.62704,33.6449]},"properties":{"plant_code":68856,"name":"Tyson Nick","county":"Lamar","utility":"Tyson Nick Solar Project, LLC","balancing_authority":"ERCO","nameplate_mw":90.5,"max_grid_voltage_kv":138,"technologies":["Solar Photovoltaic"],"note":"Generation capacity + interconnected grid voltage, used as a proxy for nearby transmission density. NOT substation headroom (that data is CEII-restricted, 18 CFR 388.113, and not public) -- treat as an estimate."}},{"type":"Feature","geometry":{"type":"Point","coordinates":[-101.85053,30.98188]},"properties":{"plant_code":68873,"name":"Big Sampson Wind","county":"Crockett","utility":"Big Sampson Wind Project, LLC","balancing_authority":"ERCO","nameplate_mw":0.0,"max_grid_voltage_kv":345,"technologies":[],"note":"Generation capacity + interconnected grid voltage, used as a proxy for nearby transmission density. NOT substation headroom (that data is CEII-restricted, 18 CFR 388.113, and not public) -- treat as an estimate."}},{"type":"Feature","geometry":{"type":"Point","coordinates":[-99.56774,33.17728]},"properties":{"plant_code":68874,"name":"Inertia Energy Storage","county":"Haskell","utility":"Inertia Energy Storage LLC","balancing_authority":"ERCO","nameplate_mw":13.0,"max_grid_voltage_kv":345,"technologies":["Batteries"],"note":"Generation capacity + interconnected grid voltage, used as a proxy for nearby transmission density. NOT substation headroom (that data is CEII-restricted, 18 CFR 388.113, and not public) -- treat as an estimate."}},{"type":"Feature","geometry":{"type":"Point","coordinates":[-102.8773,33.52418]},"properties":{"plant_code":68877,"name":"Wildcat Ranch Energy Storage","county":"Cochran","utility":"Wildcat Ranch Energy Storage, LLC","balancing_authority":"PNM","nameplate_mw":0.0,"max_grid_voltage_kv":115,"technologies":[],"note":"Generation capacity + interconnected grid voltage, used as a proxy for nearby transmission density. NOT substation headroom (that data is CEII-restricted, 18 CFR 388.113, and not public) -- treat as an estimate."}},{"type":"Feature","geometry":{"type":"Point","coordinates":[-99.15911,32.42869]},"properties":{"plant_code":68878,"name":"Longhorn Storage","county":"Eastland","utility":"Longhorn Storage LLC","balancing_authority":"ERCO","nameplate_mw":165.0,"max_grid_voltage_kv":345,"technologies":["Batteries"],"note":"Generation capacity + interconnected grid voltage, used as a proxy for nearby transmission density. NOT substation headroom (that data is CEII-restricted, 18 CFR 388.113, and not public) -- treat as an estimate."}},{"type":"Feature","geometry":{"type":"Point","coordinates":[-95.2511,29.43542]},"properties":{"plant_code":68879,"name":"Bocanova Energy Storage","county":"Brazoria","utility":"Bocanova Power LLC","balancing_authority":"ERCO","nameplate_mw":150.0,"max_grid_voltage_kv":138,"technologies":["Batteries"],"note":"Generation capacity + interconnected grid voltage, used as a proxy for nearby transmission density. NOT substation headroom (that data is CEII-restricted, 18 CFR 388.113, and not public) -- treat as an estimate."}},{"type":"Feature","geometry":{"type":"Point","coordinates":[-98.00284,29.46659]},"properties":{"plant_code":68895,"name":"Libra Storage","county":"Guadalupe","utility":"Libra Storage LLC","balancing_authority":"ERCO","nameplate_mw":236.3,"max_grid_voltage_kv":345,"technologies":["Batteries"],"note":"Generation capacity + interconnected grid voltage, used as a proxy for nearby transmission density. NOT substation headroom (that data is CEII-restricted, 18 CFR 388.113, and not public) -- treat as an estimate."}},{"type":"Feature","geometry":{"type":"Point","coordinates":[-97.01713,31.85784]},"properties":{"plant_code":68896,"name":"Sun Valley Storage","county":"Hill","utility":"Sun Valley Storage LLC","balancing_authority":"ERCO","nameplate_mw":123.3,"max_grid_voltage_kv":345,"technologies":["Batteries"],"note":"Generation capacity + interconnected grid voltage, used as a proxy for nearby transmission density. NOT substation headroom (that data is CEII-restricted, 18 CFR 388.113, and not public) -- treat as an estimate."}},{"type":"Feature","geometry":{"type":"Point","coordinates":[-95.82701,33.05748]},"properties":{"plant_code":68901,"name":"Cedar Range Solar","county":"Hopkins","utility":"Cedar Range LLC","balancing_authority":"ERCO","nameplate_mw":0.0,"max_grid_voltage_kv":345,"technologies":[],"note":"Generation capacity + interconnected grid voltage, used as a proxy for nearby transmission density. NOT substation headroom (that data is CEII-restricted, 18 CFR 388.113, and not public) -- treat as an estimate."}},{"type":"Feature","geometry":{"type":"Point","coordinates":[-95.45837,33.61647]},"properties":{"plant_code":68902,"name":"Echols Grove Solar","county":"Lamar","utility":"Echols Grove LLC","balancing_authority":"ERCO","nameplate_mw":0.0,"max_grid_voltage_kv":138,"technologies":[],"note":"Generation capacity + interconnected grid voltage, used as a proxy for nearby transmission density. NOT substation headroom (that data is CEII-restricted, 18 CFR 388.113, and not public) -- treat as an estimate."}},{"type":"Feature","geometry":{"type":"Point","coordinates":[-95.5803,32.16995]},"properties":{"plant_code":68903,"name":"Solex Ridge Solar","county":"Henderson","utility":"Solex Ridge, LLC","balancing_authority":"ERCO","nameplate_mw":0.0,"max_grid_voltage_kv":138,"technologies":[],"note":"Generation capacity + interconnected grid voltage, used as a proxy for nearby transmission density. NOT substation headroom (that data is CEII-restricted, 18 CFR 388.113, and not public) -- treat as an estimate."}},{"type":"Feature","geometry":{"type":"Point","coordinates":[-95.39229,33.10078]},"properties":{"plant_code":68906,"name":"Pine Forest Solar I","county":"Hopkins","utility":"Pine Forest Solar I, LLC","balancing_authority":"DOPD","nameplate_mw":500.0,"max_grid_voltage_kv":345,"technologies":["Batteries","Solar Photovoltaic"],"note":"Generation capacity + interconnected grid voltage, used as a proxy for nearby transmission density. NOT substation headroom (that data is CEII-restricted, 18 CFR 388.113, and not public) -- treat as an estimate."}},{"type":"Feature","geometry":{"type":"Point","coordinates":[-98.32561,29.32506]},"properties":{"plant_code":68912,"name":"Padua 1","county":"Bexar","utility":"Padua 1","balancing_authority":"ERCO","nameplate_mw":50.0,"max_grid_voltage_kv":138,"technologies":["Batteries"],"note":"Generation capacity + interconnected grid voltage, used as a proxy for nearby transmission density. NOT substation headroom (that data is CEII-restricted, 18 CFR 388.113, and not public) -- treat as an estimate."}},{"type":"Feature","geometry":{"type":"Point","coordinates":[-98.32561,29.32506]},"properties":{"plant_code":68913,"name":"Padua 2","county":"Bexar","utility":"Padua 2","balancing_authority":"ERCO","nameplate_mw":0.0,"max_grid_voltage_kv":138,"technologies":[],"note":"Generation capacity + interconnected grid voltage, used as a proxy for nearby transmission density. NOT substation headroom (that data is CEII-restricted, 18 CFR 388.113, and not public) -- treat as an estimate."}},{"type":"Feature","geometry":{"type":"Point","coordinates":[-98.32561,29.32506]},"properties":{"plant_code":68914,"name":"Padua 3","county":"Bexar","utility":"Padua 3","balancing_authority":"ERCO","nameplate_mw":0.0,"max_grid_voltage_kv":138,"technologies":[],"note":"Generation capacity + interconnected grid voltage, used as a proxy for nearby transmission density. NOT substation headroom (that data is CEII-restricted, 18 CFR 388.113, and not public) -- treat as an estimate."}},{"type":"Feature","geometry":{"type":"Point","coordinates":[-98.57653,29.34836]},"properties":{"plant_code":68915,"name":"Ferdinand Energy Center","county":"Bexar","utility":"Ferdinand Grid, LLC","balancing_authority":"ERCO","nameplate_mw":0.0,"max_grid_voltage_kv":138,"technologies":[],"note":"Generation capacity + interconnected grid voltage, used as a proxy for nearby transmission density. NOT substation headroom (that data is CEII-restricted, 18 CFR 388.113, and not public) -- treat as an estimate."}},{"type":"Feature","geometry":{"type":"Point","coordinates":[-95.676,29.244]},"properties":{"plant_code":68998,"name":"Long Point Solar","county":"Brazoria","utility":"MN8 Energy LLC","balancing_authority":"ERCO","nameplate_mw":120.0,"max_grid_voltage_kv":138,"technologies":["Solar Photovoltaic"],"note":"Generation capacity + interconnected grid voltage, used as a proxy for nearby transmission density. NOT substation headroom (that data is CEII-restricted, 18 CFR 388.113, and not public) -- treat as an estimate."}},{"type":"Feature","geometry":{"type":"Point","coordinates":[-97.2105,30.62238]},"properties":{"plant_code":69004,"name":"Adelite Storage Project LLC","county":"Milam","utility":"Acciona Energy USA Global, LLC","balancing_authority":"ERCO","nameplate_mw":0.0,"max_grid_voltage_kv":138,"technologies":[],"note":"Generation capacity + interconnected grid voltage, used as a proxy for nearby transmission density. NOT substation headroom (that data is CEII-restricted, 18 CFR 388.113, and not public) -- treat as an estimate."}},{"type":"Feature","geometry":{"type":"Point","coordinates":[-96.91386,31.97274]},"properties":{"plant_code":69010,"name":"Hubbard Wind II","county":"Hill","utility":"Hubbard Wind II, LLC","balancing_authority":"ERCO","nameplate_mw":0.0,"max_grid_voltage_kv":345,"technologies":[],"note":"Generation capacity + interconnected grid voltage, used as a proxy for nearby transmission density. NOT substation headroom (that data is CEII-restricted, 18 CFR 388.113, and not public) -- treat as an estimate."}},{"type":"Feature","geometry":{"type":"Point","coordinates":[-95.8376,32.23084]},"properties":{"plant_code":69026,"name":"Tanzanite Storage","county":"Henderson","utility":"Tanzanite Energy Storage LLC","balancing_authority":"ERCO","nameplate_mw":283.2,"max_grid_voltage_kv":138,"technologies":["Batteries"],"note":"Generation capacity + interconnected grid voltage, used as a proxy for nearby transmission density. NOT substation headroom (that data is CEII-restricted, 18 CFR 388.113, and not public) -- treat as an estimate."}},{"type":"Feature","geometry":{"type":"Point","coordinates":[-97.11043,30.56945]},"properties":{"plant_code":69027,"name":"Stoneridge Solar, LLC","county":"Milam","utility":"RWE Clean Energy","balancing_authority":"ERCO","nameplate_mw":200.0,"max_grid_voltage_kv":345,"technologies":["Solar Photovoltaic"],"note":"Generation capacity + interconnected grid voltage, used as a proxy for nearby transmission density. NOT substation headroom (that data is CEII-restricted, 18 CFR 388.113, and not public) -- treat as an estimate."}},{"type":"Feature","geometry":{"type":"Point","coordinates":[-96.37181,33.61094]},"properties":{"plant_code":69044,"name":"Platinum Storage","county":"Fannin","utility":"Platinum Energy Storage LLC","balancing_authority":"ERCO","nameplate_mw":0.0,"max_grid_voltage_kv":345,"technologies":[],"note":"Generation capacity + interconnected grid voltage, used as a proxy for nearby transmission density. NOT substation headroom (that data is CEII-restricted, 18 CFR 388.113, and not public) -- treat as an estimate."}},{"type":"Feature","geometry":{"type":"Point","coordinates":[-96.19867,29.84799]},"properties":{"plant_code":69045,"name":"Sealy BESS","county":"Austin","utility":"Sealy Power, LLC","balancing_authority":"ERCO","nameplate_mw":200.0,"max_grid_voltage_kv":138,"technologies":["Batteries"],"note":"Generation capacity + interconnected grid voltage, used as a proxy for nearby transmission density. NOT substation headroom (that data is CEII-restricted, 18 CFR 388.113, and not public) -- treat as an estimate."}},{"type":"Feature","geometry":{"type":"Point","coordinates":[-95.01671,30.41416]},"properties":{"plant_code":69077,"name":"Lone Star Power Station","county":"San Jacinto","utility":"Entergy Texas Inc.","balancing_authority":"MISO","nameplate_mw":0.0,"max_grid_voltage_kv":230,"technologies":[],"note":"Generation capacity + interconnected grid voltage, used as a proxy for nearby transmission density. NOT substation headroom (that data is CEII-restricted, 18 CFR 388.113, and not public) -- treat as an estimate."}},{"type":"Feature","geometry":{"type":"Point","coordinates":[-99.58652,33.22132]},"properties":{"plant_code":69101,"name":"Millers Branch Solar","county":"Haskell","utility":"Southern Power Co","balancing_authority":"ERCO","nameplate_mw":0.0,"max_grid_voltage_kv":345,"technologies":[],"note":"Generation capacity + interconnected grid voltage, used as a proxy for nearby transmission density. NOT substation headroom (that data is CEII-restricted, 18 CFR 388.113, and not public) -- treat as an estimate."}},{"type":"Feature","geometry":{"type":"Point","coordinates":[-94.9254,29.8547]},"properties":{"plant_code":69110,"name":"Coneflower Storage Project LLC","county":"Chambers","utility":"Acciona Energy USA Global, LLC","balancing_authority":"ERCO","nameplate_mw":0.0,"max_grid_voltage_kv":138,"technologies":[],"note":"Generation capacity + interconnected grid voltage, used as a proxy for nearby transmission density. NOT substation headroom (that data is CEII-restricted, 18 CFR 388.113, and not public) -- treat as an estimate."}},{"type":"Feature","geometry":{"type":"Point","coordinates":[-97.37263,25.97878]},"properties":{"plant_code":69120,"name":"Resaca Oasis Storage","county":"Cameron","utility":"Red River Clean Energy","balancing_authority":"ERCO","nameplate_mw":0.0,"max_grid_voltage_kv":138,"technologies":[],"note":"Generation capacity + interconnected grid voltage, used as a proxy for nearby transmission density. NOT substation headroom (that data is CEII-restricted, 18 CFR 388.113, and not public) -- treat as an estimate."}},{"type":"Feature","geometry":{"type":"Point","coordinates":[-99.91901,32.80561]},"properties":{"plant_code":69149,"name":"Anson 2 Solar","county":"Jones","utility":"Anson Solar Center 2, LLC","balancing_authority":"ERCO","nameplate_mw":0.0,"max_grid_voltage_kv":345,"technologies":[],"note":"Generation capacity + interconnected grid voltage, used as a proxy for nearby transmission density. NOT substation headroom (that data is CEII-restricted, 18 CFR 388.113, and not public) -- treat as an estimate."}},{"type":"Feature","geometry":{"type":"Point","coordinates":[-97.1944,30.87789]},"properties":{"plant_code":69150,"name":"Sypert Branch Solar","county":"Milam","utility":"Sypert Branch Solar LLC","balancing_authority":"ERCO","nameplate_mw":0.0,"max_grid_voltage_kv":345,"technologies":[],"note":"Generation capacity + interconnected grid voltage, used as a proxy for nearby transmission density. NOT substation headroom (that data is CEII-restricted, 18 CFR 388.113, and not public) -- treat as an estimate."}},{"type":"Feature","geometry":{"type":"Point","coordinates":[-97.61156,26.26431]},"properties":{"plant_code":69151,"name":"Arroyo Storage","county":"Cameron","utility":"BT Cantwell Solar, LLC","balancing_authority":"ERCO","nameplate_mw":0.0,"max_grid_voltage_kv":345,"technologies":[],"note":"Generation capacity + interconnected grid voltage, used as a proxy for nearby transmission density. NOT substation headroom (that data is CEII-restricted, 18 CFR 388.113, and not public) -- treat as an estimate."}},{"type":"Feature","geometry":{"type":"Point","coordinates":[-95.08513,29.49943]},"properties":{"plant_code":69152,"name":"Wizard Energy Storage","county":"Galveston","utility":"Wizard Energy Storage LLC","balancing_authority":"ERCO","nameplate_mw":0.0,"max_grid_voltage_kv":138,"technologies":[],"note":"Generation capacity + interconnected grid voltage, used as a proxy for nearby transmission density. NOT substation headroom (that data is CEII-restricted, 18 CFR 388.113, and not public) -- treat as an estimate."}},{"type":"Feature","geometry":{"type":"Point","coordinates":[-97.72782,32.38]},"properties":{"plant_code":69155,"name":"Apache Hill Energy Center","county":"Hood","utility":"Apache Hill Energy Center","balancing_authority":"ERCO","nameplate_mw":0.0,"max_grid_voltage_kv":138,"technologies":[],"note":"Generation capacity + interconnected grid voltage, used as a proxy for nearby transmission density. NOT substation headroom (that data is CEII-restricted, 18 CFR 388.113, and not public) -- treat as an estimate."}},{"type":"Feature","geometry":{"type":"Point","coordinates":[-98.25687,30.55021]},"properties":{"plant_code":69167,"name":"Backbone Creek BESS","county":"Burnet","utility":"Backbone BESS LLC","balancing_authority":"ERCO","nameplate_mw":0.0,"max_grid_voltage_kv":138,"technologies":[],"note":"Generation capacity + interconnected grid voltage, used as a proxy for nearby transmission density. NOT substation headroom (that data is CEII-restricted, 18 CFR 388.113, and not public) -- treat as an estimate."}},{"type":"Feature","geometry":{"type":"Point","coordinates":[-98.23883,26.24973]},"properties":{"plant_code":69168,"name":"Carambola BESS","county":"Hidalgo","utility":"Carambola BESS LLC","balancing_authority":"ERCO","nameplate_mw":0.0,"max_grid_voltage_kv":138,"technologies":[],"note":"Generation capacity + interconnected grid voltage, used as a proxy for nearby transmission density. NOT substation headroom (that data is CEII-restricted, 18 CFR 388.113, and not public) -- treat as an estimate."}},{"type":"Feature","geometry":{"type":"Point","coordinates":[-94.9,29.3822]},"properties":{"plant_code":69173,"name":"Air Products Texas City","county":"Galveston","utility":"Air Products & Chemicals Inc","balancing_authority":"ERCO","nameplate_mw":65.2,"max_grid_voltage_kv":138,"technologies":["All Other"],"note":"Generation capacity + interconnected grid voltage, used as a proxy for nearby transmission density. NOT substation headroom (that data is CEII-restricted, 18 CFR 388.113, and not public) -- treat as an estimate."}},{"type":"Feature","geometry":{"type":"Point","coordinates":[-104.21029,31.82651]},"properties":{"plant_code":69192,"name":"AETS Old Michigan Solar LLC","county":"Culberson","utility":"AETS OpCo Holdings LLC","balancing_authority":"ERCO","nameplate_mw":10.0,"max_grid_voltage_kv":24.9,"technologies":["Solar Photovoltaic"],"note":"Generation capacity + interconnected grid voltage, used as a proxy for nearby transmission density. NOT substation headroom (that data is CEII-restricted, 18 CFR 388.113, and not public) -- treat as an estimate."}},{"type":"Feature","geometry":{"type":"Point","coordinates":[-95.30828,29.45207]},"properties":{"plant_code":69200,"name":"SAHARA BESS (SOHO BESS)","county":"Brazoria","utility":"ESTX-PLD-HOUSTON2, LLC","balancing_authority":"ERCO","nameplate_mw":0.0,"max_grid_voltage_kv":345,"technologies":[],"note":"Generation capacity + interconnected grid voltage, used as a proxy for nearby transmission density. NOT substation headroom (that data is CEII-restricted, 18 CFR 388.113, and not public) -- treat as an estimate."}},{"type":"Feature","geometry":{"type":"Point","coordinates":[-101.0515,32.6913]},"properties":{"plant_code":69226,"name":"Knapp BESS","county":"Scurry","utility":"GoldenMax Energy Inc","balancing_authority":"ERCO","nameplate_mw":0.0,"max_grid_voltage_kv":12.47,"technologies":[],"note":"Generation capacity + interconnected grid voltage, used as a proxy for nearby transmission density. NOT substation headroom (that data is CEII-restricted, 18 CFR 388.113, and not public) -- treat as an estimate."}},{"type":"Feature","geometry":{"type":"Point","coordinates":[-97.22742,32.84591]},"properties":{"plant_code":69234,"name":"Meadow Park Energy Center","county":"Tarrant","utility":"CleanAmps AssetCo LLC","balancing_authority":"ERCO","nameplate_mw":0.0,"max_grid_voltage_kv":12.47,"technologies":[],"note":"Generation capacity + interconnected grid voltage, used as a proxy for nearby transmission density. NOT substation headroom (that data is CEII-restricted, 18 CFR 388.113, and not public) -- treat as an estimate."}},{"type":"Feature","geometry":{"type":"Point","coordinates":[-100.757,32.745]},"properties":{"plant_code":69244,"name":"Cross Trails Energy Storage Project","county":"Scurry","utility":"Energy Vault, Inc.","balancing_authority":"ERCO","nameplate_mw":58.3,"max_grid_voltage_kv":69,"technologies":["Batteries"],"note":"Generation capacity + interconnected grid voltage, used as a proxy for nearby transmission density. NOT substation headroom (that data is CEII-restricted, 18 CFR 388.113, and not public) -- treat as an estimate."}},{"type":"Feature","geometry":{"type":"Point","coordinates":[-99.72513,29.2593]},"properties":{"plant_code":69245,"name":"Nightfall Solar","county":"Uvalde","utility":"Sol Systems","balancing_authority":"ERCO","nameplate_mw":0.0,"max_grid_voltage_kv":138,"technologies":[],"note":"Generation capacity + interconnected grid voltage, used as a proxy for nearby transmission density. NOT substation headroom (that data is CEII-restricted, 18 CFR 388.113, and not public) -- treat as an estimate."}},{"type":"Feature","geometry":{"type":"Point","coordinates":[-95.43066,29.86648]},"properties":{"plant_code":69246,"name":"BESS TX Camarine - BSHOU001","county":"Harris","utility":"Prologis Logistics Services Incorporated BESS","balancing_authority":"ERCO","nameplate_mw":0.0,"max_grid_voltage_kv":12.47,"technologies":[],"note":"Generation capacity + interconnected grid voltage, used as a proxy for nearby transmission density. NOT substation headroom (that data is CEII-restricted, 18 CFR 388.113, and not public) -- treat as an estimate."}},{"type":"Feature","geometry":{"type":"Point","coordinates":[-95.25994,29.24264]},"properties":{"plant_code":69251,"name":"Cottonwood Bayou Storage","county":"Brazoria","utility":"Cottonwood Bayou Storage, LLC","balancing_authority":"ERCO","nameplate_mw":0.0,"max_grid_voltage_kv":345,"technologies":[],"note":"Generation capacity + interconnected grid voltage, used as a proxy for nearby transmission density. NOT substation headroom (that data is CEII-restricted, 18 CFR 388.113, and not public) -- treat as an estimate."}},{"type":"Feature","geometry":{"type":"Point","coordinates":[-97.70842,26.20611]},"properties":{"plant_code":69252,"name":"Harlingen #1 BESS 1","county":"Cameron","utility":"Harlingen ESS Assets LLC","balancing_authority":"ERCO","nameplate_mw":0.0,"max_grid_voltage_kv":12.47,"technologies":[],"note":"Generation capacity + interconnected grid voltage, used as a proxy for nearby transmission density. NOT substation headroom (that data is CEII-restricted, 18 CFR 388.113, and not public) -- treat as an estimate."}},{"type":"Feature","geometry":{"type":"Point","coordinates":[-98.18844,26.34719]},"properties":{"plant_code":69253,"name":"North Edinburg BESS 1","county":"Hidalgo","utility":"Edinburg ESS Assets LLC","balancing_authority":"ERCO","nameplate_mw":0.0,"max_grid_voltage_kv":12.47,"technologies":[],"note":"Generation capacity + interconnected grid voltage, used as a proxy for nearby transmission density. NOT substation headroom (that data is CEII-restricted, 18 CFR 388.113, and not public) -- treat as an estimate."}},{"type":"Feature","geometry":{"type":"Point","coordinates":[-95.03924,29.39299]},"properties":{"plant_code":69255,"name":"Vertus Energy Storage Plant","county":"Galveston","utility":"Vertus Energy Storage, LLC","balancing_authority":"ERCO","nameplate_mw":0.0,"max_grid_voltage_kv":138,"technologies":[],"note":"Generation capacity + interconnected grid voltage, used as a proxy for nearby transmission density. NOT substation headroom (that data is CEII-restricted, 18 CFR 388.113, and not public) -- treat as an estimate."}},{"type":"Feature","geometry":{"type":"Point","coordinates":[-96.5189,31.7056]},"properties":{"plant_code":69260,"name":"Mexia Solar Project","county":"Limestone","utility":"Ellomay USA Inc","balancing_authority":"ERCO","nameplate_mw":0.0,"max_grid_voltage_kv":34.5,"technologies":[],"note":"Generation capacity + interconnected grid voltage, used as a proxy for nearby transmission density. NOT substation headroom (that data is CEII-restricted, 18 CFR 388.113, and not public) -- treat as an estimate."}},{"type":"Feature","geometry":{"type":"Point","coordinates":[-96.01754,32.18331]},"properties":{"plant_code":69261,"name":"Malakoff Solar Project","county":"Henderson","utility":"Ellomay USA Inc","balancing_authority":"ERCO","nameplate_mw":10.0,"max_grid_voltage_kv":34.5,"technologies":["Solar Photovoltaic"],"note":"Generation capacity + interconnected grid voltage, used as a proxy for nearby transmission density. NOT substation headroom (that data is CEII-restricted, 18 CFR 388.113, and not public) -- treat as an estimate."}},{"type":"Feature","geometry":{"type":"Point","coordinates":[-97.14555,32.02964]},"properties":{"plant_code":69262,"name":"Hillsboro Solar Project","county":"Hill","utility":"Ellomay USA Inc","balancing_authority":"ERCO","nameplate_mw":0.0,"max_grid_voltage_kv":138,"technologies":[],"note":"Generation capacity + interconnected grid voltage, used as a proxy for nearby transmission density. NOT substation headroom (that data is CEII-restricted, 18 CFR 388.113, and not public) -- treat as an estimate."}},{"type":"Feature","geometry":{"type":"Point","coordinates":[-96.18667,31.71425]},"properties":{"plant_code":69263,"name":"Fairfield Solar Project","county":"Freestone","utility":"Ellomay USA Inc","balancing_authority":"ERCO","nameplate_mw":10.0,"max_grid_voltage_kv":24.9,"technologies":["Solar Photovoltaic"],"note":"Generation capacity + interconnected grid voltage, used as a proxy for nearby transmission density. NOT substation headroom (that data is CEII-restricted, 18 CFR 388.113, and not public) -- treat as an estimate."}},{"type":"Feature","geometry":{"type":"Point","coordinates":[-95.1732,33.3516]},"properties":{"plant_code":69265,"name":"Talco Solar Project","county":"Franklin","utility":"Ellomay USA Inc","balancing_authority":"ERCO","nameplate_mw":7.5,"max_grid_voltage_kv":138,"technologies":["Solar Photovoltaic"],"note":"Generation capacity + interconnected grid voltage, used as a proxy for nearby transmission density. NOT substation headroom (that data is CEII-restricted, 18 CFR 388.113, and not public) -- treat as an estimate."}},{"type":"Feature","geometry":{"type":"Point","coordinates":[-103.45069,31.51535]},"properties":{"plant_code":69267,"name":"Cedarvale Gas","county":"Ward","utility":"RPC Merchant, LLC","balancing_authority":"ERCO","nameplate_mw":0.0,"max_grid_voltage_kv":138,"technologies":[],"note":"Generation capacity + interconnected grid voltage, used as a proxy for nearby transmission density. NOT substation headroom (that data is CEII-restricted, 18 CFR 388.113, and not public) -- treat as an estimate."}},{"type":"Feature","geometry":{"type":"Point","coordinates":[-103.11264,31.27518]},"properties":{"plant_code":69268,"name":"Coyanosa Gas","county":"Pecos","utility":"RPC Merchant, LLC","balancing_authority":"ERCO","nameplate_mw":0.0,"max_grid_voltage_kv":138,"technologies":[],"note":"Generation capacity + interconnected grid voltage, used as a proxy for nearby transmission density. NOT substation headroom (that data is CEII-restricted, 18 CFR 388.113, and not public) -- treat as an estimate."}},{"type":"Feature","geometry":{"type":"Point","coordinates":[-103.09596,31.45311]},"properties":{"plant_code":69269,"name":"Pyote Gas","county":"Ward","utility":"RPC Merchant, LLC","balancing_authority":"ERCO","nameplate_mw":0.0,"max_grid_voltage_kv":138,"technologies":[],"note":"Generation capacity + interconnected grid voltage, used as a proxy for nearby transmission density. NOT substation headroom (that data is CEII-restricted, 18 CFR 388.113, and not public) -- treat as an estimate."}},{"type":"Feature","geometry":{"type":"Point","coordinates":[-103.08465,31.45784]},"properties":{"plant_code":69271,"name":"Staghorn Gas","county":"Ward","utility":"RPC Merchant, LLC","balancing_authority":"ERCO","nameplate_mw":0.0,"max_grid_voltage_kv":138,"technologies":[],"note":"Generation capacity + interconnected grid voltage, used as a proxy for nearby transmission density. NOT substation headroom (that data is CEII-restricted, 18 CFR 388.113, and not public) -- treat as an estimate."}},{"type":"Feature","geometry":{"type":"Point","coordinates":[-99.17308,32.34108]},"properties":{"plant_code":69272,"name":"Enbridge Solar (Sequoia II)","county":"Callahan","utility":"Enbridge Solar (Sequoia II), LLC","balancing_authority":"ERCO","nameplate_mw":0.0,"max_grid_voltage_kv":345,"technologies":[],"note":"Generation capacity + interconnected grid voltage, used as a proxy for nearby transmission density. NOT substation headroom (that data is CEII-restricted, 18 CFR 388.113, and not public) -- treat as an estimate."}},{"type":"Feature","geometry":{"type":"Point","coordinates":[-98.14851,26.31557]},"properties":{"plant_code":69277,"name":"Gunnar Reliability Project","county":"Hidalgo","utility":"Gunnar Reliability Project LLC","balancing_authority":"ERCO","nameplate_mw":0.0,"max_grid_voltage_kv":138,"technologies":[],"note":"Generation capacity + interconnected grid voltage, used as a proxy for nearby transmission density. NOT substation headroom (that data is CEII-restricted, 18 CFR 388.113, and not public) -- treat as an estimate."}},{"type":"Feature","geometry":{"type":"Point","coordinates":[-95.19985,29.93375]},"properties":{"plant_code":69279,"name":"NEWPP","county":"Harris","utility":"Generate ER-NG, LLC","balancing_authority":"ERCO","nameplate_mw":30.0,"max_grid_voltage_kv":24.9,"technologies":["Natural Gas Internal Combustion Engine"],"note":"Generation capacity + interconnected grid voltage, used as a proxy for nearby transmission density. NOT substation headroom (that data is CEII-restricted, 18 CFR 388.113, and not public) -- treat as an estimate."}},{"type":"Feature","geometry":{"type":"Point","coordinates":[-97.21424,32.0324]},"properties":{"plant_code":69283,"name":"Three W Solar","county":"Hill","utility":"Three W Solar LLC","balancing_authority":"ERCO","nameplate_mw":0.0,"max_grid_voltage_kv":138,"technologies":[],"note":"Generation capacity + interconnected grid voltage, used as a proxy for nearby transmission density. NOT substation headroom (that data is CEII-restricted, 18 CFR 388.113, and not public) -- treat as an estimate."}},{"type":"Feature","geometry":{"type":"Point","coordinates":[-97.73308,27.72916]},"properties":{"plant_code":69286,"name":"Project Lynx","county":"Nueces","utility":"Project Lynx - Giga Texas Energy","balancing_authority":"ERCO","nameplate_mw":0.0,"max_grid_voltage_kv":138,"technologies":[],"note":"Generation capacity + interconnected grid voltage, used as a proxy for nearby transmission density. NOT substation headroom (that data is CEII-restricted, 18 CFR 388.113, and not public) -- treat as an estimate."}},{"type":"Feature","geometry":{"type":"Point","coordinates":[-97.42367,31.41185]},"properties":{"plant_code":69289,"name":"EDFR Bluebonnet","county":"McLennan","utility":"Texas Bluebonnet Solar Partners, LLC","balancing_authority":"ERCO","nameplate_mw":9.9,"max_grid_voltage_kv":12.6,"technologies":["Solar Photovoltaic"],"note":"Generation capacity + interconnected grid voltage, used as a proxy for nearby transmission density. NOT substation headroom (that data is CEII-restricted, 18 CFR 388.113, and not public) -- treat as an estimate."}},{"type":"Feature","geometry":{"type":"Point","coordinates":[-96.08606,28.85459]},"properties":{"plant_code":69295,"name":"Duffy BESS","county":"Matagorda","utility":"Duffy Energy Storage LLC","balancing_authority":"ERCO","nameplate_mw":0.0,"max_grid_voltage_kv":345,"technologies":[],"note":"Generation capacity + interconnected grid voltage, used as a proxy for nearby transmission density. NOT substation headroom (that data is CEII-restricted, 18 CFR 388.113, and not public) -- treat as an estimate."}},{"type":"Feature","geometry":{"type":"Point","coordinates":[-97.81167,26.11688]},"properties":{"plant_code":69296,"name":"BESS La Feria","county":"Cameron","utility":"Grenergy USA LLC","balancing_authority":"ERCO","nameplate_mw":0.0,"max_grid_voltage_kv":69,"technologies":[],"note":"Generation capacity + interconnected grid voltage, used as a proxy for nearby transmission density. NOT substation headroom (that data is CEII-restricted, 18 CFR 388.113, and not public) -- treat as an estimate."}},{"type":"Feature","geometry":{"type":"Point","coordinates":[-98.05444,27.74593]},"properties":{"plant_code":69297,"name":"BESS Stadium","county":"Jim Wells","utility":"Grenergy USA LLC","balancing_authority":"ERCO","nameplate_mw":0.0,"max_grid_voltage_kv":69,"technologies":[],"note":"Generation capacity + interconnected grid voltage, used as a proxy for nearby transmission density. NOT substation headroom (that data is CEII-restricted, 18 CFR 388.113, and not public) -- treat as an estimate."}},{"type":"Feature","geometry":{"type":"Point","coordinates":[-96.97054,31.59992]},"properties":{"plant_code":69298,"name":"PP Jaguar BESS LLC","county":"McLennan","utility":"PP Jaguar BESS LLC","balancing_authority":"ERCO","nameplate_mw":300.0,"max_grid_voltage_kv":345,"technologies":["Batteries"],"note":"Generation capacity + interconnected grid voltage, used as a proxy for nearby transmission density. NOT substation headroom (that data is CEII-restricted, 18 CFR 388.113, and not public) -- treat as an estimate."}},{"type":"Feature","geometry":{"type":"Point","coordinates":[-98.6094,26.51485]},"properties":{"plant_code":69300,"name":"Regis Continental","county":"Starr","utility":"Regis Continental LLC","balancing_authority":"ERCO","nameplate_mw":9.9,"max_grid_voltage_kv":12.47,"technologies":["Batteries"],"note":"Generation capacity + interconnected grid voltage, used as a proxy for nearby transmission density. NOT substation headroom (that data is CEII-restricted, 18 CFR 388.113, and not public) -- treat as an estimate."}},{"type":"Feature","geometry":{"type":"Point","coordinates":[-97.30941,27.9214]},"properties":{"plant_code":69301,"name":"Regis Gregory","county":"San Patricio","utility":"Regis Gregory LLC","balancing_authority":"ERCO","nameplate_mw":9.9,"max_grid_voltage_kv":12.47,"technologies":["Batteries"],"note":"Generation capacity + interconnected grid voltage, used as a proxy for nearby transmission density. NOT substation headroom (that data is CEII-restricted, 18 CFR 388.113, and not public) -- treat as an estimate."}},{"type":"Feature","geometry":{"type":"Point","coordinates":[-96.21178,28.75703]},"properties":{"plant_code":69302,"name":"Regis Palacios","county":"Matagorda","utility":"Regis Palacios LLC","balancing_authority":"ERCO","nameplate_mw":9.9,"max_grid_voltage_kv":12.47,"technologies":["Batteries"],"note":"Generation capacity + interconnected grid voltage, used as a proxy for nearby transmission density. NOT substation headroom (that data is CEII-restricted, 18 CFR 388.113, and not public) -- treat as an estimate."}},{"type":"Feature","geometry":{"type":"Point","coordinates":[-102.36383,31.6757]},"properties":{"plant_code":69318,"name":"Apple BESS","county":"Ector","utility":"Apple Infra, LLC","balancing_authority":"ERCO","nameplate_mw":0.0,"max_grid_voltage_kv":24.7,"technologies":[],"note":"Generation capacity + interconnected grid voltage, used as a proxy for nearby transmission density. NOT substation headroom (that data is CEII-restricted, 18 CFR 388.113, and not public) -- treat as an estimate."}},{"type":"Feature","geometry":{"type":"Point","coordinates":[-95.943,29.979]},"properties":{"plant_code":69320,"name":"Parliament Solar","county":"Waller","utility":"Parliament Solar, LLC","balancing_authority":"ERCO","nameplate_mw":480.0,"max_grid_voltage_kv":345,"technologies":["Solar Photovoltaic"],"note":"Generation capacity + interconnected grid voltage, used as a proxy for nearby transmission density. NOT substation headroom (that data is CEII-restricted, 18 CFR 388.113, and not public) -- treat as an estimate."}},{"type":"Feature","geometry":{"type":"Point","coordinates":[-103.49939,31.42753]},"properties":{"plant_code":69322,"name":"Elm Street BESS","county":"Reeves","utility":"Elm St Infra LLC","balancing_authority":"ERCO","nameplate_mw":0.0,"max_grid_voltage_kv":12.47,"technologies":[],"note":"Generation capacity + interconnected grid voltage, used as a proxy for nearby transmission density. NOT substation headroom (that data is CEII-restricted, 18 CFR 388.113, and not public) -- treat as an estimate."}},{"type":"Feature","geometry":{"type":"Point","coordinates":[-96.13143,30.44232]},"properties":{"plant_code":69323,"name":"Highway 6 BESS","county":"Brazos","utility":"Hwy 6 Infra LLC","balancing_authority":"ERCO","nameplate_mw":0.0,"max_grid_voltage_kv":24.9,"technologies":[],"note":"Generation capacity + interconnected grid voltage, used as a proxy for nearby transmission density. NOT substation headroom (that data is CEII-restricted, 18 CFR 388.113, and not public) -- treat as an estimate."}},{"type":"Feature","geometry":{"type":"Point","coordinates":[-97.85101,30.07557]},"properties":{"plant_code":69324,"name":"Buda BESS","county":"Hays","utility":"Buda Infra LLC","balancing_authority":"ERCO","nameplate_mw":0.0,"max_grid_voltage_kv":24.9,"technologies":[],"note":"Generation capacity + interconnected grid voltage, used as a proxy for nearby transmission density. NOT substation headroom (that data is CEII-restricted, 18 CFR 388.113, and not public) -- treat as an estimate."}},{"type":"Feature","geometry":{"type":"Point","coordinates":[-96.34768,32.97116]},"properties":{"plant_code":69329,"name":"TE Smith Storage","county":"Rockwall","utility":"BT Smith Storage LLC","balancing_authority":"ERCO","nameplate_mw":0.0,"max_grid_voltage_kv":345,"technologies":[],"note":"Generation capacity + interconnected grid voltage, used as a proxy for nearby transmission density. NOT substation headroom (that data is CEII-restricted, 18 CFR 388.113, and not public) -- treat as an estimate."}},{"type":"Feature","geometry":{"type":"Point","coordinates":[-99.83378,28.51774]},"properties":{"plant_code":69331,"name":"Regis Carrizo Springs","county":"Dimmit","utility":"Regis Carrizo Springs LLC","balancing_authority":"ERCO","nameplate_mw":9.9,"max_grid_voltage_kv":12.47,"technologies":["Batteries"],"note":"Generation capacity + interconnected grid voltage, used as a proxy for nearby transmission density. NOT substation headroom (that data is CEII-restricted, 18 CFR 388.113, and not public) -- treat as an estimate."}},{"type":"Feature","geometry":{"type":"Point","coordinates":[-100.47465,28.73068]},"properties":{"plant_code":69332,"name":"Regis Escondido","county":"Maverick","utility":"Regis Escondido LLC","balancing_authority":"ERCO","nameplate_mw":0.0,"max_grid_voltage_kv":12.47,"technologies":[],"note":"Generation capacity + interconnected grid voltage, used as a proxy for nearby transmission density. NOT substation headroom (that data is CEII-restricted, 18 CFR 388.113, and not public) -- treat as an estimate."}},{"type":"Feature","geometry":{"type":"Point","coordinates":[-98.45167,26.24703]},"properties":{"plant_code":69333,"name":"Regis Goodwin LLC","county":"Starr","utility":"Regis Goodwin LLC","balancing_authority":"ERCO","nameplate_mw":9.9,"max_grid_voltage_kv":12.47,"technologies":["Batteries"],"note":"Generation capacity + interconnected grid voltage, used as a proxy for nearby transmission density. NOT substation headroom (that data is CEII-restricted, 18 CFR 388.113, and not public) -- treat as an estimate."}},{"type":"Feature","geometry":{"type":"Point","coordinates":[-98.39833,30.30044]},"properties":{"plant_code":69334,"name":"Johnson City BESS","county":"Blanco","utility":"Pedernales Electric Coop, Inc","balancing_authority":"ERCO","nameplate_mw":2.3,"max_grid_voltage_kv":138,"technologies":["Batteries"],"note":"Generation capacity + interconnected grid voltage, used as a proxy for nearby transmission density. NOT substation headroom (that data is CEII-restricted, 18 CFR 388.113, and not public) -- treat as an estimate."}},{"type":"Feature","geometry":{"type":"Point","coordinates":[-95.42364,29.90963]},"properties":{"plant_code":69335,"name":"Regis Hidden Valley","county":"Harris","utility":"Regis Hidden Valley LLC","balancing_authority":"ERCO","nameplate_mw":0.0,"max_grid_voltage_kv":34.5,"technologies":[],"note":"Generation capacity + interconnected grid voltage, used as a proxy for nearby transmission density. NOT substation headroom (that data is CEII-restricted, 18 CFR 388.113, and not public) -- treat as an estimate."}},{"type":"Feature","geometry":{"type":"Point","coordinates":[-95.44201,29.96241]},"properties":{"plant_code":69336,"name":"Regis Gears Harris","county":"Harris","utility":"Regis Gears Harris LLC","balancing_authority":"ERCO","nameplate_mw":0.0,"max_grid_voltage_kv":34.5,"technologies":[],"note":"Generation capacity + interconnected grid voltage, used as a proxy for nearby transmission density. NOT substation headroom (that data is CEII-restricted, 18 CFR 388.113, and not public) -- treat as an estimate."}},{"type":"Feature","geometry":{"type":"Point","coordinates":[-97.54792,26.1224]},"properties":{"plant_code":69337,"name":"Regis Laureles","county":"Cameron","utility":"Regis Laureles LLC","balancing_authority":"ERCO","nameplate_mw":0.0,"max_grid_voltage_kv":12.47,"technologies":[],"note":"Generation capacity + interconnected grid voltage, used as a proxy for nearby transmission density. NOT substation headroom (that data is CEII-restricted, 18 CFR 388.113, and not public) -- treat as an estimate."}},{"type":"Feature","geometry":{"type":"Point","coordinates":[-99.76172,29.68101]},"properties":{"plant_code":69338,"name":"Regis Leakey","county":"Real","utility":"Regis Leakey LLC","balancing_authority":"ERCO","nameplate_mw":0.0,"max_grid_voltage_kv":24.9,"technologies":[],"note":"Generation capacity + interconnected grid voltage, used as a proxy for nearby transmission density. NOT substation headroom (that data is CEII-restricted, 18 CFR 388.113, and not public) -- treat as an estimate."}},{"type":"Feature","geometry":{"type":"Point","coordinates":[-98.12413,28.89434]},"properties":{"plant_code":69339,"name":"Regis Lyssy","county":"Karnes","utility":"Regis Lyssy LLC","balancing_authority":"ERCO","nameplate_mw":0.0,"max_grid_voltage_kv":24.9,"technologies":[],"note":"Generation capacity + interconnected grid voltage, used as a proxy for nearby transmission density. NOT substation headroom (that data is CEII-restricted, 18 CFR 388.113, and not public) -- treat as an estimate."}},{"type":"Feature","geometry":{"type":"Point","coordinates":[-99.25467,29.80788]},"properties":{"plant_code":69340,"name":"Regis Medina","county":"Bandera","utility":"Regis Medina LLC","balancing_authority":"ERCO","nameplate_mw":0.0,"max_grid_voltage_kv":12.47,"technologies":[],"note":"Generation capacity + interconnected grid voltage, used as a proxy for nearby transmission density. NOT substation headroom (that data is CEII-restricted, 18 CFR 388.113, and not public) -- treat as an estimate."}},{"type":"Feature","geometry":{"type":"Point","coordinates":[-98.93509,29.61267]},"properties":{"plant_code":69341,"name":"Regis Medina Lake","county":"Bandera","utility":"Regis Medina Lake LLC","balancing_authority":"ERCO","nameplate_mw":0.0,"max_grid_voltage_kv":12.47,"technologies":[],"note":"Generation capacity + interconnected grid voltage, used as a proxy for nearby transmission density. NOT substation headroom (that data is CEII-restricted, 18 CFR 388.113, and not public) -- treat as an estimate."}},{"type":"Feature","geometry":{"type":"Point","coordinates":[-97.78802,29.0574]},"properties":{"plant_code":69342,"name":"Regis Milton","county":"Karnes","utility":"Regis Milton LLC","balancing_authority":"ERCO","nameplate_mw":0.0,"max_grid_voltage_kv":24.9,"technologies":[],"note":"Generation capacity + interconnected grid voltage, used as a proxy for nearby transmission density. NOT substation headroom (that data is CEII-restricted, 18 CFR 388.113, and not public) -- treat as an estimate."}},{"type":"Feature","geometry":{"type":"Point","coordinates":[-99.52352,29.64537]},"properties":{"plant_code":69343,"name":"Regis Utopia","county":"Bandera","utility":"Regis Utopia LLC","balancing_authority":"ERCO","nameplate_mw":0.0,"max_grid_voltage_kv":12.47,"technologies":[],"note":"Generation capacity + interconnected grid voltage, used as a proxy for nearby transmission density. NOT substation headroom (that data is CEII-restricted, 18 CFR 388.113, and not public) -- treat as an estimate."}},{"type":"Feature","geometry":{"type":"Point","coordinates":[-97.61106,27.84937]},"properties":{"plant_code":69344,"name":"Regis Hearn","county":"Nueces","utility":"Regis Hearn LLC","balancing_authority":"ERCO","nameplate_mw":9.9,"max_grid_voltage_kv":12.47,"technologies":["Batteries"],"note":"Generation capacity + interconnected grid voltage, used as a proxy for nearby transmission density. NOT substation headroom (that data is CEII-restricted, 18 CFR 388.113, and not public) -- treat as an estimate."}},{"type":"Feature","geometry":{"type":"Point","coordinates":[-99.23248,30.73845]},"properties":{"plant_code":69345,"name":"Regis Mason","county":"Mason","utility":"Regis Mason LLC","balancing_authority":"ERCO","nameplate_mw":9.9,"max_grid_voltage_kv":12.47,"technologies":["Batteries"],"note":"Generation capacity + interconnected grid voltage, used as a proxy for nearby transmission density. NOT substation headroom (that data is CEII-restricted, 18 CFR 388.113, and not public) -- treat as an estimate."}},{"type":"Feature","geometry":{"type":"Point","coordinates":[-98.31517,26.36037]},"properties":{"plant_code":69346,"name":"Regis Monte Cristo LLC","county":"Hidalgo","utility":"Regis Monte Cristo LLC","balancing_authority":"ERCO","nameplate_mw":9.9,"max_grid_voltage_kv":12.47,"technologies":["Batteries"],"note":"Generation capacity + interconnected grid voltage, used as a proxy for nearby transmission density. NOT substation headroom (that data is CEII-restricted, 18 CFR 388.113, and not public) -- treat as an estimate."}},{"type":"Feature","geometry":{"type":"Point","coordinates":[-97.33259,33.6411]},"properties":{"plant_code":69347,"name":"Regis Muenster","county":"Cooke","utility":"Regis Muenster LLC","balancing_authority":"ERCO","nameplate_mw":9.9,"max_grid_voltage_kv":12.47,"technologies":["Batteries"],"note":"Generation capacity + interconnected grid voltage, used as a proxy for nearby transmission density. NOT substation headroom (that data is CEII-restricted, 18 CFR 388.113, and not public) -- treat as an estimate."}},{"type":"Feature","geometry":{"type":"Point","coordinates":[-97.52049,28.02858]},"properties":{"plant_code":69348,"name":"Regis Pirate","county":"San Patricio","utility":"Regis Sinton-Pirate LLC","balancing_authority":"ERCO","nameplate_mw":9.9,"max_grid_voltage_kv":12.47,"technologies":["Batteries"],"note":"Generation capacity + interconnected grid voltage, used as a proxy for nearby transmission density. NOT substation headroom (that data is CEII-restricted, 18 CFR 388.113, and not public) -- treat as an estimate."}},{"type":"Feature","geometry":{"type":"Point","coordinates":[-98.14048,27.24136]},"properties":{"plant_code":69349,"name":"Regis Falfurrias","county":"Brooks","utility":"Regis Falfurrias LLC","balancing_authority":"ERCO","nameplate_mw":9.9,"max_grid_voltage_kv":12.47,"technologies":["Batteries"],"note":"Generation capacity + interconnected grid voltage, used as a proxy for nearby transmission density. NOT substation headroom (that data is CEII-restricted, 18 CFR 388.113, and not public) -- treat as an estimate."}},{"type":"Feature","geometry":{"type":"Point","coordinates":[-103.65261,31.04003]},"properties":{"plant_code":69350,"name":"Matta Power Station","county":"Reeves","utility":"Matta Power Station LLC","balancing_authority":"ERCO","nameplate_mw":10.0,"max_grid_voltage_kv":12.47,"technologies":["Batteries"],"note":"Generation capacity + interconnected grid voltage, used as a proxy for nearby transmission density. NOT substation headroom (that data is CEII-restricted, 18 CFR 388.113, and not public) -- treat as an estimate."}},{"type":"Feature","geometry":{"type":"Point","coordinates":[-97.77169,28.18434]},"properties":{"plant_code":69351,"name":"Honeycomb Solar and Storage","county":"Bee","utility":"Honeycomb Solar Holdco, LLC","balancing_authority":"ERCO","nameplate_mw":0.0,"max_grid_voltage_kv":69,"technologies":[],"note":"Generation capacity + interconnected grid voltage, used as a proxy for nearby transmission density. NOT substation headroom (that data is CEII-restricted, 18 CFR 388.113, and not public) -- treat as an estimate."}},{"type":"Feature","geometry":{"type":"Point","coordinates":[-97.69613,26.19067]},"properties":{"plant_code":69352,"name":"Citrus Flatts Energy Center, LLC","county":"Cameron","utility":"East Point Energy, LLC","balancing_authority":"ERCO","nameplate_mw":100.0,"max_grid_voltage_kv":138,"technologies":["Batteries"],"note":"Generation capacity + interconnected grid voltage, used as a proxy for nearby transmission density. NOT substation headroom (that data is CEII-restricted, 18 CFR 388.113, and not public) -- treat as an estimate."}},{"type":"Feature","geometry":{"type":"Point","coordinates":[-99.09626,28.92633]},"properties":{"plant_code":69353,"name":"Sunset Ridge Energy Center, LLC","county":"Frio","utility":"East Point Energy, LLC","balancing_authority":"ERCO","nameplate_mw":9.9,"max_grid_voltage_kv":12.47,"technologies":["Batteries"],"note":"Generation capacity + interconnected grid voltage, used as a proxy for nearby transmission density. NOT substation headroom (that data is CEII-restricted, 18 CFR 388.113, and not public) -- treat as an estimate."}},{"type":"Feature","geometry":{"type":"Point","coordinates":[-95.90306,32.95159]},"properties":{"plant_code":69359,"name":"Barrett Solar Project","county":"Rains","utility":"Barrett Solar Project LLC (RE)","balancing_authority":"ERCO","nameplate_mw":0.0,"max_grid_voltage_kv":138,"technologies":[],"note":"Generation capacity + interconnected grid voltage, used as a proxy for nearby transmission density. NOT substation headroom (that data is CEII-restricted, 18 CFR 388.113, and not public) -- treat as an estimate."}},{"type":"Feature","geometry":{"type":"Point","coordinates":[-97.66466,31.5851]},"properties":{"plant_code":69360,"name":"Bynum Solar Project","county":"Coryell","utility":"Bynum Solar Project LLC (RE)","balancing_authority":"ERCO","nameplate_mw":0.0,"max_grid_voltage_kv":69,"technologies":[],"note":"Generation capacity + interconnected grid voltage, used as a proxy for nearby transmission density. NOT substation headroom (that data is CEII-restricted, 18 CFR 388.113, and not public) -- treat as an estimate."}},{"type":"Feature","geometry":{"type":"Point","coordinates":[-99.8126,32.46489]},"properties":{"plant_code":69361,"name":"DGS Five Points","county":"Taylor","utility":"Distributed Generation Solutions LLC","balancing_authority":"ERCO","nameplate_mw":0.0,"max_grid_voltage_kv":138,"technologies":[],"note":"Generation capacity + interconnected grid voltage, used as a proxy for nearby transmission density. NOT substation headroom (that data is CEII-restricted, 18 CFR 388.113, and not public) -- treat as an estimate."}},{"type":"Feature","geometry":{"type":"Point","coordinates":[-99.78933,32.45759]},"properties":{"plant_code":69362,"name":"Plaza Street","county":"Taylor","utility":"DGSP2 LLC","balancing_authority":"ERCO","nameplate_mw":0.0,"max_grid_voltage_kv":138,"technologies":[],"note":"Generation capacity + interconnected grid voltage, used as a proxy for nearby transmission density. NOT substation headroom (that data is CEII-restricted, 18 CFR 388.113, and not public) -- treat as an estimate."}},{"type":"Feature","geometry":{"type":"Point","coordinates":[-95.0049,29.4229]},"properties":{"plant_code":69364,"name":"Red Egret","county":"Galveston","utility":"Red Egret, LLC","balancing_authority":"ERCO","nameplate_mw":0.0,"max_grid_voltage_kv":138,"technologies":[],"note":"Generation capacity + interconnected grid voltage, used as a proxy for nearby transmission density. NOT substation headroom (that data is CEII-restricted, 18 CFR 388.113, and not public) -- treat as an estimate."}},{"type":"Feature","geometry":{"type":"Point","coordinates":[-96.66501,32.77725]},"properties":{"plant_code":69365,"name":"SMT Dallas BESS","county":"Dallas","utility":"SMT Dallas LLC","balancing_authority":"ERCO","nameplate_mw":10.0,"max_grid_voltage_kv":13.2,"technologies":["Batteries"],"note":"Generation capacity + interconnected grid voltage, used as a proxy for nearby transmission density. NOT substation headroom (that data is CEII-restricted, 18 CFR 388.113, and not public) -- treat as an estimate."}},{"type":"Feature","geometry":{"type":"Point","coordinates":[-98.32448,26.16812]},"properties":{"plant_code":69366,"name":"SME Mission II BESS","county":"Hidalgo","utility":"SMT Mission II LLC","balancing_authority":"ERCO","nameplate_mw":10.0,"max_grid_voltage_kv":12.47,"technologies":["Batteries"],"note":"Generation capacity + interconnected grid voltage, used as a proxy for nearby transmission density. NOT substation headroom (that data is CEII-restricted, 18 CFR 388.113, and not public) -- treat as an estimate."}},{"type":"Feature","geometry":{"type":"Point","coordinates":[-96.86294,32.82504]},"properties":{"plant_code":69367,"name":"SMT Dallas III BESS","county":"Dallas","utility":"SMT Dallas III LLC","balancing_authority":"ERCO","nameplate_mw":0.0,"max_grid_voltage_kv":13.2,"technologies":[],"note":"Generation capacity + interconnected grid voltage, used as a proxy for nearby transmission density. NOT substation headroom (that data is CEII-restricted, 18 CFR 388.113, and not public) -- treat as an estimate."}},{"type":"Feature","geometry":{"type":"Point","coordinates":[-97.74735,30.42771]},"properties":{"plant_code":69378,"name":"RP SCG Texas Solar","county":"Travis","utility":"RP SCG Texas Solar LLC","balancing_authority":"ERCO","nameplate_mw":1.5,"max_grid_voltage_kv":13.8,"technologies":["Solar Photovoltaic"],"note":"Generation capacity + interconnected grid voltage, used as a proxy for nearby transmission density. NOT substation headroom (that data is CEII-restricted, 18 CFR 388.113, and not public) -- treat as an estimate."}},{"type":"Feature","geometry":{"type":"Point","coordinates":[-96.66494,31.10306]},"properties":{"plant_code":69392,"name":"Barton Branch IA","county":"Robertson","utility":"Barton Branch IA LLC","balancing_authority":"ERCO","nameplate_mw":0.0,"max_grid_voltage_kv":345,"technologies":[],"note":"Generation capacity + interconnected grid voltage, used as a proxy for nearby transmission density. NOT substation headroom (that data is CEII-restricted, 18 CFR 388.113, and not public) -- treat as an estimate."}},{"type":"Feature","geometry":{"type":"Point","coordinates":[-95.4502,29.64534]},"properties":{"plant_code":69393,"name":"Pamela Heights I Energy Center","county":"Harris","utility":"Pamela Heights I Energy Center LLC","balancing_authority":"ERCO","nameplate_mw":0.0,"max_grid_voltage_kv":138,"technologies":[],"note":"Generation capacity + interconnected grid voltage, used as a proxy for nearby transmission density. NOT substation headroom (that data is CEII-restricted, 18 CFR 388.113, and not public) -- treat as an estimate."}},{"type":"Feature","geometry":{"type":"Point","coordinates":[-101.43391,34.93716]},"properties":{"plant_code":69403,"name":"Goodnight Wind II","county":"Armstrong","utility":"FGE Goodnight II, LLC","balancing_authority":"ERCO","nameplate_mw":0.0,"max_grid_voltage_kv":345,"technologies":[],"note":"Generation capacity + interconnected grid voltage, used as a proxy for nearby transmission density. NOT substation headroom (that data is CEII-restricted, 18 CFR 388.113, and not public) -- treat as an estimate."}},{"type":"Feature","geometry":{"type":"Point","coordinates":[-102.85002,30.91866]},"properties":{"plant_code":69407,"name":"Dogfish BESS","county":"Pecos","utility":"Dogfish ESS Assets, LLC","balancing_authority":"ERCO","nameplate_mw":75.0,"max_grid_voltage_kv":138,"technologies":["Batteries"],"note":"Generation capacity + interconnected grid voltage, used as a proxy for nearby transmission density. NOT substation headroom (that data is CEII-restricted, 18 CFR 388.113, and not public) -- treat as an estimate."}},{"type":"Feature","geometry":{"type":"Point","coordinates":[-100.90595,32.70509]},"properties":{"plant_code":69411,"name":"Snyder BESS","county":"Scurry","utility":"Snyder ESS Assets, LLC","balancing_authority":"ERCO","nameplate_mw":10.0,"max_grid_voltage_kv":12.47,"technologies":["Batteries"],"note":"Generation capacity + interconnected grid voltage, used as a proxy for nearby transmission density. NOT substation headroom (that data is CEII-restricted, 18 CFR 388.113, and not public) -- treat as an estimate."}},{"type":"Feature","geometry":{"type":"Point","coordinates":[-100.44375,32.45751]},"properties":{"plant_code":69413,"name":"Sweetwater BESS","county":"Nolan","utility":"Sweetwater ESS Assets, LLC","balancing_authority":"ERCO","nameplate_mw":10.0,"max_grid_voltage_kv":12.47,"technologies":["Batteries"],"note":"Generation capacity + interconnected grid voltage, used as a proxy for nearby transmission density. NOT substation headroom (that data is CEII-restricted, 18 CFR 388.113, and not public) -- treat as an estimate."}},{"type":"Feature","geometry":{"type":"Point","coordinates":[-97.18508,31.21115]},"properties":{"plant_code":69414,"name":"Blevins Solar & Storage","county":"Falls","utility":"Geronimo Power","balancing_authority":"ERCO","nameplate_mw":180.0,"max_grid_voltage_kv":345,"technologies":["Batteries"],"note":"Generation capacity + interconnected grid voltage, used as a proxy for nearby transmission density. NOT substation headroom (that data is CEII-restricted, 18 CFR 388.113, and not public) -- treat as an estimate."}},{"type":"Feature","geometry":{"type":"Point","coordinates":[-102.4435,31.83553]},"properties":{"plant_code":69415,"name":"Westover BESS","county":"Ector","utility":"Westover ESS Assets, LLC","balancing_authority":"ERCO","nameplate_mw":10.0,"max_grid_voltage_kv":12.47,"technologies":["Batteries"],"note":"Generation capacity + interconnected grid voltage, used as a proxy for nearby transmission density. NOT substation headroom (that data is CEII-restricted, 18 CFR 388.113, and not public) -- treat as an estimate."}},{"type":"Feature","geometry":{"type":"Point","coordinates":[-97.4612,27.8059]},"properties":{"plant_code":69416,"name":"Aggreko MSR Grid PC2","county":"Nueces","utility":"AETS AM LLC","balancing_authority":"ERCO","nameplate_mw":0.0,"max_grid_voltage_kv":12.47,"technologies":[],"note":"Generation capacity + interconnected grid voltage, used as a proxy for nearby transmission density. NOT substation headroom (that data is CEII-restricted, 18 CFR 388.113, and not public) -- treat as an estimate."}},{"type":"Feature","geometry":{"type":"Point","coordinates":[-97.66029,26.19206]},"properties":{"plant_code":69417,"name":"Aggreko MSR Grid PC5","county":"Cameron","utility":"AETS AM LLC","balancing_authority":"ERCO","nameplate_mw":0.0,"max_grid_voltage_kv":12.47,"technologies":[],"note":"Generation capacity + interconnected grid voltage, used as a proxy for nearby transmission density. NOT substation headroom (that data is CEII-restricted, 18 CFR 388.113, and not public) -- treat as an estimate."}},{"type":"Feature","geometry":{"type":"Point","coordinates":[-97.5218,26.0014]},"properties":{"plant_code":69418,"name":"Aggreko MSR Grid PC7","county":"Cameron","utility":"AETS AM LLC","balancing_authority":"ERCO","nameplate_mw":0.0,"max_grid_voltage_kv":12.47,"technologies":[],"note":"Generation capacity + interconnected grid voltage, used as a proxy for nearby transmission density. NOT substation headroom (that data is CEII-restricted, 18 CFR 388.113, and not public) -- treat as an estimate."}},{"type":"Feature","geometry":{"type":"Point","coordinates":[-103.49439,31.40078]},"properties":{"plant_code":69422,"name":"County Road BESS","county":"Reeves","utility":"County Rd Infra LLC","balancing_authority":"ERCO","nameplate_mw":0.0,"max_grid_voltage_kv":12.47,"technologies":[],"note":"Generation capacity + interconnected grid voltage, used as a proxy for nearby transmission density. NOT substation headroom (that data is CEII-restricted, 18 CFR 388.113, and not public) -- treat as an estimate."}},{"type":"Feature","geometry":{"type":"Point","coordinates":[-95.2511,29.43542]},"properties":{"plant_code":69423,"name":"Bocanova Energy Storage II","county":"Brazoria","utility":"Bocanova Power II LLC","balancing_authority":"ERCO","nameplate_mw":0.0,"max_grid_voltage_kv":138,"technologies":[],"note":"Generation capacity + interconnected grid voltage, used as a proxy for nearby transmission density. NOT substation headroom (that data is CEII-restricted, 18 CFR 388.113, and not public) -- treat as an estimate."}},{"type":"Feature","geometry":{"type":"Point","coordinates":[-102.4053,34.1656]},"properties":{"plant_code":69435,"name":"Plant X Solar","county":"Lamb","utility":"Southwestern Public Service Co","balancing_authority":"SWPP","nameplate_mw":0.0,"max_grid_voltage_kv":115,"technologies":[],"note":"Generation capacity + interconnected grid voltage, used as a proxy for nearby transmission density. NOT substation headroom (that data is CEII-restricted, 18 CFR 388.113, and not public) -- treat as an estimate."}},{"type":"Feature","geometry":{"type":"Point","coordinates":[-102.87281,30.90239]},"properties":{"plant_code":69453,"name":"Alamo Clean Energy Center (BESS)","county":"Pecos","utility":"On Energy Storage","balancing_authority":"ERCO","nameplate_mw":0.0,"max_grid_voltage_kv":12.47,"technologies":[],"note":"Generation capacity + interconnected grid voltage, used as a proxy for nearby transmission density. NOT substation headroom (that data is CEII-restricted, 18 CFR 388.113, and not public) -- treat as an estimate."}},{"type":"Feature","geometry":{"type":"Point","coordinates":[-95.01603,29.87298]},"properties":{"plant_code":69454,"name":"Crosby Clean Energy Center (BESS)","county":"Harris","utility":"On Energy Storage","balancing_authority":"ERCO","nameplate_mw":12.0,"max_grid_voltage_kv":12.47,"technologies":["Batteries"],"note":"Generation capacity + interconnected grid voltage, used as a proxy for nearby transmission density. NOT substation headroom (that data is CEII-restricted, 18 CFR 388.113, and not public) -- treat as an estimate."}},{"type":"Feature","geometry":{"type":"Point","coordinates":[-102.88276,30.89146]},"properties":{"plant_code":69455,"name":"Fort Stockton Clean Energy Center (BESS)","county":"Pecos","utility":"On Energy Storage","balancing_authority":"ERCO","nameplate_mw":0.0,"max_grid_voltage_kv":12.47,"technologies":[],"note":"Generation capacity + interconnected grid voltage, used as a proxy for nearby transmission density. NOT substation headroom (that data is CEII-restricted, 18 CFR 388.113, and not public) -- treat as an estimate."}},{"type":"Feature","geometry":{"type":"Point","coordinates":[-95.20221,29.36452]},"properties":{"plant_code":69456,"name":"Maverick Clean Energy Center (BESS)","county":"Brazoria","utility":"On Energy Storage","balancing_authority":"ERCO","nameplate_mw":12.0,"max_grid_voltage_kv":12.47,"technologies":["Batteries"],"note":"Generation capacity + interconnected grid voltage, used as a proxy for nearby transmission density. NOT substation headroom (that data is CEII-restricted, 18 CFR 388.113, and not public) -- treat as an estimate."}},{"type":"Feature","geometry":{"type":"Point","coordinates":[-97.82261,26.09845]},"properties":{"plant_code":69457,"name":"Mesquite Clean Energy Center (BESS)","county":"Cameron","utility":"On Energy Storage","balancing_authority":"ERCO","nameplate_mw":0.0,"max_grid_voltage_kv":12.47,"technologies":[],"note":"Generation capacity + interconnected grid voltage, used as a proxy for nearby transmission density. NOT substation headroom (that data is CEII-restricted, 18 CFR 388.113, and not public) -- treat as an estimate."}},{"type":"Feature","geometry":{"type":"Point","coordinates":[-103.50907,31.42246]},"properties":{"plant_code":69458,"name":"North Pecos Clean Energy Center (BESS)","county":"Reeves","utility":"On Energy Storage","balancing_authority":"ERCO","nameplate_mw":0.0,"max_grid_voltage_kv":12.47,"technologies":[],"note":"Generation capacity + interconnected grid voltage, used as a proxy for nearby transmission density. NOT substation headroom (that data is CEII-restricted, 18 CFR 388.113, and not public) -- treat as an estimate."}},{"type":"Feature","geometry":{"type":"Point","coordinates":[-95.19154,29.66005]},"properties":{"plant_code":69459,"name":"Spencer Clean Energy Center (BESS)","county":"Harris","utility":"On Energy Storage","balancing_authority":"ERCO","nameplate_mw":12.0,"max_grid_voltage_kv":12.47,"technologies":["Batteries"],"note":"Generation capacity + interconnected grid voltage, used as a proxy for nearby transmission density. NOT substation headroom (that data is CEII-restricted, 18 CFR 388.113, and not public) -- treat as an estimate."}},{"type":"Feature","geometry":{"type":"Point","coordinates":[-95.42969,29.22564]},"properties":{"plant_code":69460,"name":"Winmil Clean Energy Center (BESS)","county":"Brazoria","utility":"On Energy Storage","balancing_authority":"ERCO","nameplate_mw":12.0,"max_grid_voltage_kv":12.47,"technologies":["Batteries"],"note":"Generation capacity + interconnected grid voltage, used as a proxy for nearby transmission density. NOT substation headroom (that data is CEII-restricted, 18 CFR 388.113, and not public) -- treat as an estimate."}},{"type":"Feature","geometry":{"type":"Point","coordinates":[-102.6826,34.5589]},"properties":{"plant_code":69478,"name":"Lazbuddie Wind Energy LLC","county":"Parmer","utility":"Invenergy Services LLC","balancing_authority":"SWPP","nameplate_mw":0.0,"max_grid_voltage_kv":230,"technologies":[],"note":"Generation capacity + interconnected grid voltage, used as a proxy for nearby transmission density. NOT substation headroom (that data is CEII-restricted, 18 CFR 388.113, and not public) -- treat as an estimate."}},{"type":"Feature","geometry":{"type":"Point","coordinates":[-96.34517,31.64899]},"properties":{"plant_code":69496,"name":"Piedra Solar","county":"Freestone","utility":"Piedra Solar, LLC","balancing_authority":"ERCO","nameplate_mw":0.0,"max_grid_voltage_kv":345,"technologies":[],"note":"Generation capacity + interconnected grid voltage, used as a proxy for nearby transmission density. NOT substation headroom (that data is CEII-restricted, 18 CFR 388.113, and not public) -- treat as an estimate."}},{"type":"Feature","geometry":{"type":"Point","coordinates":[-101.52745,32.71461]},"properties":{"plant_code":69506,"name":"Gail Mountain Solar","county":"Borden","utility":"Red River Clean Energy","balancing_authority":"ERCO","nameplate_mw":0.0,"max_grid_voltage_kv":345,"technologies":[],"note":"Generation capacity + interconnected grid voltage, used as a proxy for nearby transmission density. NOT substation headroom (that data is CEII-restricted, 18 CFR 388.113, and not public) -- treat as an estimate."}},{"type":"Feature","geometry":{"type":"Point","coordinates":[-96.8782,29.06975]},"properties":{"plant_code":69507,"name":"New Hickory Solar","county":"Jackson","utility":"New Hickory Solar LLC","balancing_authority":"ERCO","nameplate_mw":0.0,"max_grid_voltage_kv":345,"technologies":[],"note":"Generation capacity + interconnected grid voltage, used as a proxy for nearby transmission density. NOT substation headroom (that data is CEII-restricted, 18 CFR 388.113, and not public) -- treat as an estimate."}},{"type":"Feature","geometry":{"type":"Point","coordinates":[-99.25255,28.4423]},"properties":{"plant_code":69510,"name":"Cotulla BESS 1","county":"La Salle","utility":"Marubeni Power International, Inc.","balancing_authority":"ERCO","nameplate_mw":0.0,"max_grid_voltage_kv":12.47,"technologies":[],"note":"Generation capacity + interconnected grid voltage, used as a proxy for nearby transmission density. NOT substation headroom (that data is CEII-restricted, 18 CFR 388.113, and not public) -- treat as an estimate."}},{"type":"Feature","geometry":{"type":"Point","coordinates":[-98.36946,26.23833]},"properties":{"plant_code":69511,"name":"Palmview BESS","county":"Hidalgo","utility":"Marubeni Power International, Inc.","balancing_authority":"ERCO","nameplate_mw":0.0,"max_grid_voltage_kv":12.47,"technologies":[],"note":"Generation capacity + interconnected grid voltage, used as a proxy for nearby transmission density. NOT substation headroom (that data is CEII-restricted, 18 CFR 388.113, and not public) -- treat as an estimate."}},{"type":"Feature","geometry":{"type":"Point","coordinates":[-98.14674,26.28827]},"properties":{"plant_code":69512,"name":"SE Edinburg BESS","county":"Hidalgo","utility":"Marubeni Power International, Inc.","balancing_authority":"ERCO","nameplate_mw":0.0,"max_grid_voltage_kv":12.47,"technologies":[],"note":"Generation capacity + interconnected grid voltage, used as a proxy for nearby transmission density. NOT substation headroom (that data is CEII-restricted, 18 CFR 388.113, and not public) -- treat as an estimate."}},{"type":"Feature","geometry":{"type":"Point","coordinates":[-96.0321,32.47935]},"properties":{"plant_code":69520,"name":"Amador BESS","county":"Van Zandt","utility":"BT Amador Storage LLC","balancing_authority":"ERCO","nameplate_mw":0.0,"max_grid_voltage_kv":138,"technologies":[],"note":"Generation capacity + interconnected grid voltage, used as a proxy for nearby transmission density. NOT substation headroom (that data is CEII-restricted, 18 CFR 388.113, and not public) -- treat as an estimate."}},{"type":"Feature","geometry":{"type":"Point","coordinates":[-98.83924,27.61894]},"properties":{"plant_code":69534,"name":"Torrecillas Energy Storage","county":"Webb","utility":"Torrecillas Energy Storage, LLC","balancing_authority":"ERCO","nameplate_mw":0.0,"max_grid_voltage_kv":345,"technologies":[],"note":"Generation capacity + interconnected grid voltage, used as a proxy for nearby transmission density. NOT substation headroom (that data is CEII-restricted, 18 CFR 388.113, and not public) -- treat as an estimate."}},{"type":"Feature","geometry":{"type":"Point","coordinates":[-103.48745,31.50609]},"properties":{"plant_code":69566,"name":"CPV Basin Ranch Energy Center","county":"Ward","utility":"CPV Basin Ranch","balancing_authority":"ERCO","nameplate_mw":0.0,"max_grid_voltage_kv":345,"technologies":[],"note":"Generation capacity + interconnected grid voltage, used as a proxy for nearby transmission density. NOT substation headroom (that data is CEII-restricted, 18 CFR 388.113, and not public) -- treat as an estimate."}},{"type":"Feature","geometry":{"type":"Point","coordinates":[-95.43693,29.96307]},"properties":{"plant_code":69574,"name":"BESS TX Top Gear - BSHOU002","county":"Harris","utility":"Prologis Logistics Services Incorporated BESS","balancing_authority":"ERCO","nameplate_mw":10.0,"max_grid_voltage_kv":34.5,"technologies":["Batteries"],"note":"Generation capacity + interconnected grid voltage, used as a proxy for nearby transmission density. NOT substation headroom (that data is CEII-restricted, 18 CFR 388.113, and not public) -- treat as an estimate."}},{"type":"Feature","geometry":{"type":"Point","coordinates":[-95.35272,29.83802]},"properties":{"plant_code":69575,"name":"BESS TX Panda - BSHOU004","county":"Harris","utility":"Prologis Logistics Services Incorporated BESS","balancing_authority":"ERCO","nameplate_mw":10.0,"max_grid_voltage_kv":12.47,"technologies":["Batteries"],"note":"Generation capacity + interconnected grid voltage, used as a proxy for nearby transmission density. NOT substation headroom (that data is CEII-restricted, 18 CFR 388.113, and not public) -- treat as an estimate."}},{"type":"Feature","geometry":{"type":"Point","coordinates":[-102.72636,31.84039]},"properties":{"plant_code":69576,"name":"Non-PLD US-El Paso - BSSAT004","county":"Ector","utility":"Prologis Logistics Services Incorporated BESS","balancing_authority":"ERCO","nameplate_mw":9.9,"max_grid_voltage_kv":12.47,"technologies":["Batteries"],"note":"Generation capacity + interconnected grid voltage, used as a proxy for nearby transmission density. NOT substation headroom (that data is CEII-restricted, 18 CFR 388.113, and not public) -- treat as an estimate."}},{"type":"Feature","geometry":{"type":"Point","coordinates":[-101.16718,32.03038]},"properties":{"plant_code":69579,"name":"Honey Mesquite Wind, LLC","county":"Sterling","utility":"RWE Clean Energy","balancing_authority":"ERCO","nameplate_mw":0.0,"max_grid_voltage_kv":345,"technologies":[],"note":"Generation capacity + interconnected grid voltage, used as a proxy for nearby transmission density. NOT substation headroom (that data is CEII-restricted, 18 CFR 388.113, and not public) -- treat as an estimate."}},{"type":"Feature","geometry":{"type":"Point","coordinates":[-100.72428,32.39028]},"properties":{"plant_code":69580,"name":"Lone Wolfe Phase One","county":"Mitchell","utility":"Heritage Energy Holdings, LLC","balancing_authority":"ERCO","nameplate_mw":0.0,"max_grid_voltage_kv":24.9,"technologies":[],"note":"Generation capacity + interconnected grid voltage, used as a proxy for nearby transmission density. NOT substation headroom (that data is CEII-restricted, 18 CFR 388.113, and not public) -- treat as an estimate."}},{"type":"Feature","geometry":{"type":"Point","coordinates":[-98.61544,26.3821]},"properties":{"plant_code":69584,"name":"Rising Star Solar","county":"Starr","utility":"Rising Star Solar, LLC","balancing_authority":"ERCO","nameplate_mw":0.0,"max_grid_voltage_kv":345,"technologies":[],"note":"Generation capacity + interconnected grid voltage, used as a proxy for nearby transmission density. NOT substation headroom (that data is CEII-restricted, 18 CFR 388.113, and not public) -- treat as an estimate."}},{"type":"Feature","geometry":{"type":"Point","coordinates":[-96.22112,32.5367]},"properties":{"plant_code":69585,"name":"Kaufman Solar","county":"Kaufman","utility":"Kaufman Solar, LLC","balancing_authority":"ERCO","nameplate_mw":0.0,"max_grid_voltage_kv":345,"technologies":[],"note":"Generation capacity + interconnected grid voltage, used as a proxy for nearby transmission density. NOT substation headroom (that data is CEII-restricted, 18 CFR 388.113, and not public) -- treat as an estimate."}},{"type":"Feature","geometry":{"type":"Point","coordinates":[-96.83,32.07]},"properties":{"plant_code":69588,"name":"Yellow Cat Wind, LLC","county":"Navarro","utility":"RWE Clean Energy","balancing_authority":"ERCO","nameplate_mw":0.0,"max_grid_voltage_kv":345,"technologies":[],"note":"Generation capacity + interconnected grid voltage, used as a proxy for nearby transmission density. NOT substation headroom (that data is CEII-restricted, 18 CFR 388.113, and not public) -- treat as an estimate."}},{"type":"Feature","geometry":{"type":"Point","coordinates":[-100.27715,31.72623]},"properties":{"plant_code":69605,"name":"Tennyson Solar","county":"Coke","utility":"BNB Tennyson Solar LLC","balancing_authority":"ERCO","nameplate_mw":0.0,"max_grid_voltage_kv":345,"technologies":[],"note":"Generation capacity + interconnected grid voltage, used as a proxy for nearby transmission density. NOT substation headroom (that data is CEII-restricted, 18 CFR 388.113, and not public) -- treat as an estimate."}},{"type":"Feature","geometry":{"type":"Point","coordinates":[-99.42239,33.1839]},"properties":{"plant_code":69606,"name":"Monarch Creek Wind, LLC","county":"Throckmorton","utility":"Monarch Creek Wind, LLC","balancing_authority":"ERCO","nameplate_mw":0.0,"max_grid_voltage_kv":345,"technologies":[],"note":"Generation capacity + interconnected grid voltage, used as a proxy for nearby transmission density. NOT substation headroom (that data is CEII-restricted, 18 CFR 388.113, and not public) -- treat as an estimate."}},{"type":"Feature","geometry":{"type":"Point","coordinates":[-98.3167,29.37971]},"properties":{"plant_code":69607,"name":"Bexar Corrilla BESS","county":"Bexar","utility":"Bexar Corrilla LLC","balancing_authority":"ERCO","nameplate_mw":0.0,"max_grid_voltage_kv":13.2,"technologies":[],"note":"Generation capacity + interconnected grid voltage, used as a proxy for nearby transmission density. NOT substation headroom (that data is CEII-restricted, 18 CFR 388.113, and not public) -- treat as an estimate."}},{"type":"Feature","geometry":{"type":"Point","coordinates":[-102.1617,31.92835]},"properties":{"plant_code":69628,"name":"GBG SOLAR","county":"Midland","utility":"Greater Bryant G Solar, LLC","balancing_authority":"ERCO","nameplate_mw":0.0,"max_grid_voltage_kv":138,"technologies":[],"note":"Generation capacity + interconnected grid voltage, used as a proxy for nearby transmission density. NOT substation headroom (that data is CEII-restricted, 18 CFR 388.113, and not public) -- treat as an estimate."}},{"type":"Feature","geometry":{"type":"Point","coordinates":[-96.36558,31.9845]},"properties":{"plant_code":69636,"name":"Main Horn Solar","county":"Navarro","utility":"Main Horn Solar LLC","balancing_authority":"ERCO","nameplate_mw":0.0,"max_grid_voltage_kv":138,"technologies":[],"note":"Generation capacity + interconnected grid voltage, used as a proxy for nearby transmission density. NOT substation headroom (that data is CEII-restricted, 18 CFR 388.113, and not public) -- treat as an estimate."}},{"type":"Feature","geometry":{"type":"Point","coordinates":[-97.18809,33.41854]},"properties":{"plant_code":69637,"name":"Oakley BESS","county":"Denton","utility":"Oakley BESS LLC","balancing_authority":"ERCO","nameplate_mw":0.0,"max_grid_voltage_kv":138,"technologies":[],"note":"Generation capacity + interconnected grid voltage, used as a proxy for nearby transmission density. NOT substation headroom (that data is CEII-restricted, 18 CFR 388.113, and not public) -- treat as an estimate."}},{"type":"Feature","geometry":{"type":"Point","coordinates":[-95.12384,30.99693]},"properties":{"plant_code":69639,"name":"Triune Solar","county":"Trinity","utility":"Triune Solar LLC","balancing_authority":"MISO","nameplate_mw":0.0,"max_grid_voltage_kv":115,"technologies":[],"note":"Generation capacity + interconnected grid voltage, used as a proxy for nearby transmission density. NOT substation headroom (that data is CEII-restricted, 18 CFR 388.113, and not public) -- treat as an estimate."}},{"type":"Feature","geometry":{"type":"Point","coordinates":[-98.50107,27.39225]},"properties":{"plant_code":69640,"name":"Cazadores Solar","county":"Duval","utility":"Cazadores Solar LLC","balancing_authority":"ERCO","nameplate_mw":0.0,"max_grid_voltage_kv":345,"technologies":[],"note":"Generation capacity + interconnected grid voltage, used as a proxy for nearby transmission density. NOT substation headroom (that data is CEII-restricted, 18 CFR 388.113, and not public) -- treat as an estimate."}},{"type":"Feature","geometry":{"type":"Point","coordinates":[-97.67794,30.00324]},"properties":{"plant_code":69641,"name":"Metro BESS","county":"Caldwell","utility":"Metro BESS LLC","balancing_authority":"ERCO","nameplate_mw":0.0,"max_grid_voltage_kv":345,"technologies":[],"note":"Generation capacity + interconnected grid voltage, used as a proxy for nearby transmission density. NOT substation headroom (that data is CEII-restricted, 18 CFR 388.113, and not public) -- treat as an estimate."}},{"type":"Feature","geometry":{"type":"Point","coordinates":[-99.69277,33.99196]},"properties":{"plant_code":69644,"name":"Pease River Solar","county":"Foard","utility":"Pease River Solar LLC","balancing_authority":"ERCO","nameplate_mw":0.0,"max_grid_voltage_kv":345,"technologies":[],"note":"Generation capacity + interconnected grid voltage, used as a proxy for nearby transmission density. NOT substation headroom (that data is CEII-restricted, 18 CFR 388.113, and not public) -- treat as an estimate."}},{"type":"Feature","geometry":{"type":"Point","coordinates":[-98.51006,29.2405]},"properties":{"plant_code":69660,"name":"El Patrimonio","county":"Bexar","utility":"Heritage Solar LLC","balancing_authority":"ERCO","nameplate_mw":0.0,"max_grid_voltage_kv":138,"technologies":[],"note":"Generation capacity + interconnected grid voltage, used as a proxy for nearby transmission density. NOT substation headroom (that data is CEII-restricted, 18 CFR 388.113, and not public) -- treat as an estimate."}},{"type":"Feature","geometry":{"type":"Point","coordinates":[-95.95732,29.53958]},"properties":{"plant_code":69665,"name":"Orchard BESS","county":"Fort Bend","utility":"IEP Tejas Verde, LLC","balancing_authority":"ERCO","nameplate_mw":0.0,"max_grid_voltage_kv":34.5,"technologies":[],"note":"Generation capacity + interconnected grid voltage, used as a proxy for nearby transmission density. NOT substation headroom (that data is CEII-restricted, 18 CFR 388.113, and not public) -- treat as an estimate."}},{"type":"Feature","geometry":{"type":"Point","coordinates":[-96.87922,31.89171]},"properties":{"plant_code":69674,"name":"Pitts Dudik Solar II","county":"Hill","utility":"Elawan Pitts Dudik Solar II, LLC","balancing_authority":"ERCO","nameplate_mw":0.0,"max_grid_voltage_kv":138,"technologies":[],"note":"Generation capacity + interconnected grid voltage, used as a proxy for nearby transmission density. NOT substation headroom (that data is CEII-restricted, 18 CFR 388.113, and not public) -- treat as an estimate."}},{"type":"Feature","geometry":{"type":"Point","coordinates":[-96.45051,33.06427]},"properties":{"plant_code":69681,"name":"Mallard Energy Storage","county":"Collin","utility":"Mallard Energy Storage, LLC","balancing_authority":"ERCO","nameplate_mw":0.0,"max_grid_voltage_kv":138,"technologies":[],"note":"Generation capacity + interconnected grid voltage, used as a proxy for nearby transmission density. NOT substation headroom (that data is CEII-restricted, 18 CFR 388.113, and not public) -- treat as an estimate."}},{"type":"Feature","geometry":{"type":"Point","coordinates":[-95.721,33.082]},"properties":{"plant_code":69687,"name":"Lucky 7 Solar Farm LLC","county":"Hopkins","utility":"Lucky 7 Solar Farm LLC","balancing_authority":"ERCO","nameplate_mw":0.0,"max_grid_voltage_kv":345,"technologies":[],"note":"Generation capacity + interconnected grid voltage, used as a proxy for nearby transmission density. NOT substation headroom (that data is CEII-restricted, 18 CFR 388.113, and not public) -- treat as an estimate."}},{"type":"Feature","geometry":{"type":"Point","coordinates":[-102.95797,31.5841]},"properties":{"plant_code":69689,"name":"Vast Sands Power","county":"Ward","utility":"Permian Power I LLC","balancing_authority":"ERCO","nameplate_mw":0.0,"max_grid_voltage_kv":345,"technologies":[],"note":"Generation capacity + interconnected grid voltage, used as a proxy for nearby transmission density. NOT substation headroom (that data is CEII-restricted, 18 CFR 388.113, and not public) -- treat as an estimate."}},{"type":"Feature","geometry":{"type":"Point","coordinates":[-95.21786,29.82122]},"properties":{"plant_code":69691,"name":"Greens Bayou 6","county":"Harris","utility":"NRG Greens Bayou 6 LLC","balancing_authority":"ERCO","nameplate_mw":0.0,"max_grid_voltage_kv":138,"technologies":[],"note":"Generation capacity + interconnected grid voltage, used as a proxy for nearby transmission density. NOT substation headroom (that data is CEII-restricted, 18 CFR 388.113, and not public) -- treat as an estimate."}},{"type":"Feature","geometry":{"type":"Point","coordinates":[-98.68029,29.73442]},"properties":{"plant_code":69751,"name":"HEB_CPS00793","county":"Bexar","utility":"Texas Microgrid, LLC","balancing_authority":"ERCO","nameplate_mw":1.2,"max_grid_voltage_kv":138,"technologies":["Natural Gas Internal Combustion Engine"],"note":"Generation capacity + interconnected grid voltage, used as a proxy for nearby transmission density. NOT substation headroom (that data is CEII-restricted, 18 CFR 388.113, and not public) -- treat as an estimate."}},{"type":"Feature","geometry":{"type":"Point","coordinates":[-96.80139,33.07922]},"properties":{"plant_code":69752,"name":"OTHERChildrensPlano","county":"Collin","utility":"Generate ER-NG, LLC","balancing_authority":"ERCO","nameplate_mw":6.4,"max_grid_voltage_kv":12.47,"technologies":["Natural Gas Internal Combustion Engine"],"note":"Generation capacity + interconnected grid voltage, used as a proxy for nearby transmission density. NOT substation headroom (that data is CEII-restricted, 18 CFR 388.113, and not public) -- treat as an estimate."}},{"type":"Feature","geometry":{"type":"Point","coordinates":[-102.12285,31.23593]},"properties":{"plant_code":69755,"name":"King Mountain Solar","county":"Upton","utility":"King Mountain Solar, LLC","balancing_authority":"ERCO","nameplate_mw":0.0,"max_grid_voltage_kv":345,"technologies":[],"note":"Generation capacity + interconnected grid voltage, used as a proxy for nearby transmission density. NOT substation headroom (that data is CEII-restricted, 18 CFR 388.113, and not public) -- treat as an estimate."}},{"type":"Feature","geometry":{"type":"Point","coordinates":[-96.53675,29.55068]},"properties":{"plant_code":69760,"name":"Rock Island Generation Project","county":"Colorado","utility":"Kerrville Public Utility Board Public Facility Corp","balancing_authority":"ERCO","nameplate_mw":0.0,"max_grid_voltage_kv":138,"technologies":[],"note":"Generation capacity + interconnected grid voltage, used as a proxy for nearby transmission density. NOT substation headroom (that data is CEII-restricted, 18 CFR 388.113, and not public) -- treat as an estimate."}},{"type":"Feature","geometry":{"type":"Point","coordinates":[-97.79874,31.53576]},"properties":{"plant_code":69770,"name":"Ryan Storage","county":"Coryell","utility":"Ryan Storage LLC","balancing_authority":"ERCO","nameplate_mw":0.0,"max_grid_voltage_kv":69,"technologies":[],"note":"Generation capacity + interconnected grid voltage, used as a proxy for nearby transmission density. NOT substation headroom (that data is CEII-restricted, 18 CFR 388.113, and not public) -- treat as an estimate."}},{"type":"Feature","geometry":{"type":"Point","coordinates":[-96.91867,32.19256]},"properties":{"plant_code":69780,"name":"Oystercatcher Solar","county":"Ellis","utility":"Cardinal Investment Company, Inc.","balancing_authority":"ERCO","nameplate_mw":0.0,"max_grid_voltage_kv":345,"technologies":[],"note":"Generation capacity + interconnected grid voltage, used as a proxy for nearby transmission density. NOT substation headroom (that data is CEII-restricted, 18 CFR 388.113, and not public) -- treat as an estimate."}},{"type":"Feature","geometry":{"type":"Point","coordinates":[-101.56897,35.28376]},"properties":{"plant_code":69798,"name":"Project Matador Nuclear","county":"Carson","utility":"Fermi Nuclear","balancing_authority":"ERCO","nameplate_mw":0.0,"max_grid_voltage_kv":250,"technologies":[],"note":"Generation capacity + interconnected grid voltage, used as a proxy for nearby transmission density. NOT substation headroom (that data is CEII-restricted, 18 CFR 388.113, and not public) -- treat as an estimate."}},{"type":"Feature","geometry":{"type":"Point","coordinates":[-101.56897,35.28376]},"properties":{"plant_code":69799,"name":"Project Matador Gas Plant (PMG)","county":"Carson","utility":"Fermi America","balancing_authority":"ERCO","nameplate_mw":0.0,"max_grid_voltage_kv":115,"technologies":[],"note":"Generation capacity + interconnected grid voltage, used as a proxy for nearby transmission density. NOT substation headroom (that data is CEII-restricted, 18 CFR 388.113, and not public) -- treat as an estimate."}},{"type":"Feature","geometry":{"type":"Point","coordinates":[-96.51519,29.649]},"properties":{"plant_code":69864,"name":"Colorado Clean Energy Center (BESS)","county":"Colorado","utility":"On Energy Storage","balancing_authority":"ERCO","nameplate_mw":0.0,"max_grid_voltage_kv":12.47,"technologies":[],"note":"Generation capacity + interconnected grid voltage, used as a proxy for nearby transmission density. NOT substation headroom (that data is CEII-restricted, 18 CFR 388.113, and not public) -- treat as an estimate."}},{"type":"Feature","geometry":{"type":"Point","coordinates":[-96.53042,29.6789]},"properties":{"plant_code":69865,"name":"Columbus Clean Energy Center (BESS)","county":"Colorado","utility":"On Energy Storage","balancing_authority":"ERCO","nameplate_mw":0.0,"max_grid_voltage_kv":12.47,"technologies":[],"note":"Generation capacity + interconnected grid voltage, used as a proxy for nearby transmission density. NOT substation headroom (that data is CEII-restricted, 18 CFR 388.113, and not public) -- treat as an estimate."}},{"type":"Feature","geometry":{"type":"Point","coordinates":[-96.12536,28.99489]},"properties":{"plant_code":69866,"name":"Matagorda Clean Energy Center (BESS)","county":"Matagorda","utility":"On Energy Storage","balancing_authority":"ERCO","nameplate_mw":0.0,"max_grid_voltage_kv":12.47,"technologies":[],"note":"Generation capacity + interconnected grid voltage, used as a proxy for nearby transmission density. NOT substation headroom (that data is CEII-restricted, 18 CFR 388.113, and not public) -- treat as an estimate."}},{"type":"Feature","geometry":{"type":"Point","coordinates":[-97.03519,28.41666]},"properties":{"plant_code":69877,"name":"Charger Solar","county":"Refugio","utility":"AP Solar 4 LLC","balancing_authority":"ERCO","nameplate_mw":0.0,"max_grid_voltage_kv":345,"technologies":[],"note":"Generation capacity + interconnected grid voltage, used as a proxy for nearby transmission density. NOT substation headroom (that data is CEII-restricted, 18 CFR 388.113, and not public) -- treat as an estimate."}},{"type":"Feature","geometry":{"type":"Point","coordinates":[-96.49974,32.01295]},"properties":{"plant_code":69892,"name":"Oak Valley Solar","county":"Ellis","utility":"Oak Valley Solar LLC","balancing_authority":"ERCO","nameplate_mw":0.0,"max_grid_voltage_kv":345,"technologies":[],"note":"Generation capacity + interconnected grid voltage, used as a proxy for nearby transmission density. NOT substation headroom (that data is CEII-restricted, 18 CFR 388.113, and not public) -- treat as an estimate."}},{"type":"Feature","geometry":{"type":"Point","coordinates":[-95.84826,30.02196]},"properties":{"plant_code":69902,"name":"Hockley","county":"Harris","utility":"Hockley LLC","balancing_authority":"ERCO","nameplate_mw":0.0,"max_grid_voltage_kv":34.5,"technologies":[],"note":"Generation capacity + interconnected grid voltage, used as a proxy for nearby transmission density. NOT substation headroom (that data is CEII-restricted, 18 CFR 388.113, and not public) -- treat as an estimate."}},{"type":"Feature","geometry":{"type":"Point","coordinates":[-96.07052,29.52854]},"properties":{"plant_code":69903,"name":"East Bernard","county":"Wharton","utility":"East Bernard LLC","balancing_authority":"ERCO","nameplate_mw":0.0,"max_grid_voltage_kv":12.47,"technologies":[],"note":"Generation capacity + interconnected grid voltage, used as a proxy for nearby transmission density. NOT substation headroom (that data is CEII-restricted, 18 CFR 388.113, and not public) -- treat as an estimate."}},{"type":"Feature","geometry":{"type":"Point","coordinates":[-95.91223,29.18772]},"properties":{"plant_code":69904,"name":"Pledger","county":"Wharton","utility":"Pledger LLC","balancing_authority":"ERCO","nameplate_mw":0.0,"max_grid_voltage_kv":12.47,"technologies":[],"note":"Generation capacity + interconnected grid voltage, used as a proxy for nearby transmission density. NOT substation headroom (that data is CEII-restricted, 18 CFR 388.113, and not public) -- treat as an estimate."}},{"type":"Feature","geometry":{"type":"Point","coordinates":[-95.48749,29.57954]},"properties":{"plant_code":69975,"name":"Telview ESS","county":"Harris","utility":"Agilitas Energy, Inc.","balancing_authority":"ERCO","nameplate_mw":10.0,"max_grid_voltage_kv":12.47,"technologies":["Batteries"],"note":"Generation capacity + interconnected grid voltage, used as a proxy for nearby transmission density. NOT substation headroom (that data is CEII-restricted, 18 CFR 388.113, and not public) -- treat as an estimate."}},{"type":"Feature","geometry":{"type":"Point","coordinates":[-96.10837,29.3133]},"properties":{"plant_code":69976,"name":"I-Eye ESS","county":"Wharton","utility":"Agilitas Energy, Inc.","balancing_authority":"ERCO","nameplate_mw":10.0,"max_grid_voltage_kv":12.4,"technologies":["Batteries"],"note":"Generation capacity + interconnected grid voltage, used as a proxy for nearby transmission density. NOT substation headroom (that data is CEII-restricted, 18 CFR 388.113, and not public) -- treat as an estimate."}},{"type":"Feature","geometry":{"type":"Point","coordinates":[-98.70102,26.42668]},"properties":{"plant_code":69982,"name":"Diamondback Solar","county":"Starr","utility":"Diamondback Solar, LLC","balancing_authority":"ERCO","nameplate_mw":0.0,"max_grid_voltage_kv":345,"technologies":[],"note":"Generation capacity + interconnected grid voltage, used as a proxy for nearby transmission density. NOT substation headroom (that data is CEII-restricted, 18 CFR 388.113, and not public) -- treat as an estimate."}},{"type":"Feature","geometry":{"type":"Point","coordinates":[-100.87016,32.39307]},"properties":{"plant_code":69984,"name":"Hackberry Creek Solar","county":"Mitchell","utility":"Hackberry Creek Solar, LLC","balancing_authority":"ERCO","nameplate_mw":0.0,"max_grid_voltage_kv":345,"technologies":[],"note":"Generation capacity + interconnected grid voltage, used as a proxy for nearby transmission density. NOT substation headroom (that data is CEII-restricted, 18 CFR 388.113, and not public) -- treat as an estimate."}},{"type":"Feature","geometry":{"type":"Point","coordinates":[-94.686,30.577]},"properties":{"plant_code":69991,"name":"Segno Solar Station","county":"Polk","utility":"Entergy Louisiana LLC","balancing_authority":"MISO","nameplate_mw":0.0,"max_grid_voltage_kv":138,"technologies":[],"note":"Generation capacity + interconnected grid voltage, used as a proxy for nearby transmission density. NOT substation headroom (that data is CEII-restricted, 18 CFR 388.113, and not public) -- treat as an estimate."}},{"type":"Feature","geometry":{"type":"Point","coordinates":[-94.673,30.4355]},"properties":{"plant_code":69993,"name":"Votaw Solar Station","county":"Hardin","utility":"Entergy Louisiana LLC","balancing_authority":"MISO","nameplate_mw":0.0,"max_grid_voltage_kv":138,"technologies":[],"note":"Generation capacity + interconnected grid voltage, used as a proxy for nearby transmission density. NOT substation headroom (that data is CEII-restricted, 18 CFR 388.113, and not public) -- treat as an estimate."}},{"type":"Feature","geometry":{"type":"Point","coordinates":[-96.92122,30.05306]},"properties":{"plant_code":70021,"name":"Staccato BESS","county":"Fayette","utility":"Sunraycer Assets I LLC","balancing_authority":"ERCO","nameplate_mw":0.0,"max_grid_voltage_kv":138,"technologies":[],"note":"Generation capacity + interconnected grid voltage, used as a proxy for nearby transmission density. NOT substation headroom (that data is CEII-restricted, 18 CFR 388.113, and not public) -- treat as an estimate."}},{"type":"Feature","geometry":{"type":"Point","coordinates":[-106.05343,31.50774]},"properties":{"plant_code":70034,"name":"Evlou Solar, LLC","county":"El Paso","utility":"Evlou Solar, LLC","balancing_authority":"EPE","nameplate_mw":0.0,"max_grid_voltage_kv":115,"technologies":[],"note":"Generation capacity + interconnected grid voltage, used as a proxy for nearby transmission density. NOT substation headroom (that data is CEII-restricted, 18 CFR 388.113, and not public) -- treat as an estimate."}},{"type":"Feature","geometry":{"type":"Point","coordinates":[-103.05709,30.9925]},"properties":{"plant_code":70047,"name":"Selenite Springs Solar","county":"Pecos","utility":"NextEra Energy Resources - ERCOT","balancing_authority":"ERCO","nameplate_mw":0.0,"max_grid_voltage_kv":138,"technologies":[],"note":"Generation capacity + interconnected grid voltage, used as a proxy for nearby transmission density. NOT substation headroom (that data is CEII-restricted, 18 CFR 388.113, and not public) -- treat as an estimate."}},{"type":"Feature","geometry":{"type":"Point","coordinates":[-95.75183,31.44307]},"properties":{"plant_code":70052,"name":"Misae Solar IV LLC","county":"Leon","utility":"Ferrovial Energy US","balancing_authority":"ERCO","nameplate_mw":0.0,"max_grid_voltage_kv":138,"technologies":[],"note":"Generation capacity + interconnected grid voltage, used as a proxy for nearby transmission density. NOT substation headroom (that data is CEII-restricted, 18 CFR 388.113, and not public) -- treat as an estimate."}},{"type":"Feature","geometry":{"type":"Point","coordinates":[-104.31481,31.91764]},"properties":{"plant_code":70093,"name":"Wallace Solar - (TX)","county":"Culberson","utility":"Delaware Ranch Solar, LLC","balancing_authority":"ERCO","nameplate_mw":0.0,"max_grid_voltage_kv":138,"technologies":[],"note":"Generation capacity + interconnected grid voltage, used as a proxy for nearby transmission density. NOT substation headroom (that data is CEII-restricted, 18 CFR 388.113, and not public) -- treat as an estimate."}},{"type":"Feature","geometry":{"type":"Point","coordinates":[-100.02919,32.9854]},"properties":{"plant_code":70135,"name":"Swenson Solar","county":"Stonewall","utility":"Swenson Solar LLC","balancing_authority":"ERCO","nameplate_mw":0.0,"max_grid_voltage_kv":345,"technologies":[],"note":"Generation capacity + interconnected grid voltage, used as a proxy for nearby transmission density. NOT substation headroom (that data is CEII-restricted, 18 CFR 388.113, and not public) -- treat as an estimate."}},{"type":"Feature","geometry":{"type":"Point","coordinates":[-99.67475,33.47993]},"properties":{"plant_code":70175,"name":"ZSS Solar","county":"Knox","utility":"NextEra Energy Resources - ERCOT","balancing_authority":"ERCO","nameplate_mw":0.0,"max_grid_voltage_kv":345,"technologies":[],"note":"Generation capacity + interconnected grid voltage, used as a proxy for nearby transmission density. NOT substation headroom (that data is CEII-restricted, 18 CFR 388.113, and not public) -- treat as an estimate."}},{"type":"Feature","geometry":{"type":"Point","coordinates":[-100.97895,32.61837]},"properties":{"plant_code":70183,"name":"Flatland Solar","county":"Scurry","utility":"Flatland Solar Energy, LLC","balancing_authority":"ERCO","nameplate_mw":0.0,"max_grid_voltage_kv":345,"technologies":[],"note":"Generation capacity + interconnected grid voltage, used as a proxy for nearby transmission density. NOT substation headroom (that data is CEII-restricted, 18 CFR 388.113, and not public) -- treat as an estimate."}},{"type":"Feature","geometry":{"type":"Point","coordinates":[-101.48289,33.74937]},"properties":{"plant_code":70197,"name":"Lorenzo Energy Storage","county":"Crosby","utility":"Lorenzo Energy Storage, LLC","balancing_authority":"SWPP","nameplate_mw":0.0,"max_grid_voltage_kv":null,"technologies":[],"note":"Generation capacity + interconnected grid voltage, used as a proxy for nearby transmission density. NOT substation headroom (that data is CEII-restricted, 18 CFR 388.113, and not public) -- treat as an estimate."}},{"type":"Feature","geometry":{"type":"Point","coordinates":[-101.0102,36.4106]},"properties":{"plant_code":70199,"name":"Palo Duro Energy Storage","county":"Ochiltree","utility":"Palo Duro Energy Storage, LLC","balancing_authority":"SWPP","nameplate_mw":0.0,"max_grid_voltage_kv":345,"technologies":[],"note":"Generation capacity + interconnected grid voltage, used as a proxy for nearby transmission density. NOT substation headroom (that data is CEII-restricted, 18 CFR 388.113, and not public) -- treat as an estimate."}},{"type":"Feature","geometry":{"type":"Point","coordinates":[-99.99328,31.47235]},"properties":{"plant_code":70200,"name":"Lucy Solar","county":"Concho","utility":"Concho County Solar 1 LLC","balancing_authority":"ERCO","nameplate_mw":0.0,"max_grid_voltage_kv":345,"technologies":[],"note":"Generation capacity + interconnected grid voltage, used as a proxy for nearby transmission density. NOT substation headroom (that data is CEII-restricted, 18 CFR 388.113, and not public) -- treat as an estimate."}},{"type":"Feature","geometry":{"type":"Point","coordinates":[-103.66336,31.05668]},"properties":{"plant_code":70204,"name":"Cantaloupe Solar","county":"Reeves","utility":"Cantaloupe Solar - ERCOT","balancing_authority":"ERCO","nameplate_mw":0.0,"max_grid_voltage_kv":138,"technologies":[],"note":"Generation capacity + interconnected grid voltage, used as a proxy for nearby transmission density. NOT substation headroom (that data is CEII-restricted, 18 CFR 388.113, and not public) -- treat as an estimate."}},{"type":"Feature","geometry":{"type":"Point","coordinates":[-97.75553,29.54438]},"properties":{"plant_code":70224,"name":"GVEC","county":"Guadalupe","utility":"Onsite Partners Projectco, LLC","balancing_authority":"ERCO","nameplate_mw":2.0,"max_grid_voltage_kv":12.47,"technologies":["Solar Photovoltaic"],"note":"Generation capacity + interconnected grid voltage, used as a proxy for nearby transmission density. NOT substation headroom (that data is CEII-restricted, 18 CFR 388.113, and not public) -- treat as an estimate."}},{"type":"Feature","geometry":{"type":"Point","coordinates":[-102.76,33.12591]},"properties":{"plant_code":70237,"name":"Mule Shoe Energy Storage","county":"Yoakum","utility":"Mule Shoe Energy Storage LLC","balancing_authority":"SWPP","nameplate_mw":0.0,"max_grid_voltage_kv":345,"technologies":[],"note":"Generation capacity + interconnected grid voltage, used as a proxy for nearby transmission density. NOT substation headroom (that data is CEII-restricted, 18 CFR 388.113, and not public) -- treat as an estimate."}},{"type":"Feature","geometry":{"type":"Point","coordinates":[-98.96333,34.15382]},"properties":{"plant_code":70300,"name":"Adams Creek Solar Project","county":"Wilbarger","utility":"Adams Creek Solar Project, LLC","balancing_authority":"ERCO","nameplate_mw":0.0,"max_grid_voltage_kv":345,"technologies":[],"note":"Generation capacity + interconnected grid voltage, used as a proxy for nearby transmission density. NOT substation headroom (that data is CEII-restricted, 18 CFR 388.113, and not public) -- treat as an estimate."}},{"type":"Feature","geometry":{"type":"Point","coordinates":[-103.028,30.95625]},"properties":{"plant_code":70330,"name":"Bighorn Ridge Solar","county":"Pecos","utility":"NextEra Energy Resources - ERCOT","balancing_authority":"ERCO","nameplate_mw":0.0,"max_grid_voltage_kv":138,"technologies":[],"note":"Generation capacity + interconnected grid voltage, used as a proxy for nearby transmission density. NOT substation headroom (that data is CEII-restricted, 18 CFR 388.113, and not public) -- treat as an estimate."}},{"type":"Feature","geometry":{"type":"Point","coordinates":[-97.18766,31.47682]},"properties":{"plant_code":70343,"name":"GPI WACO Power","county":"McLennan","utility":"Graphic Packaging International - WACO","balancing_authority":"ERCO","nameplate_mw":0.0,"max_grid_voltage_kv":138,"technologies":[],"note":"Generation capacity + interconnected grid voltage, used as a proxy for nearby transmission density. NOT substation headroom (that data is CEII-restricted, 18 CFR 388.113, and not public) -- treat as an estimate."}},{"type":"Feature","geometry":{"type":"Point","coordinates":[-95.301,29.292]},"properties":{"plant_code":70365,"name":"Bodkin BESS","county":"Brazoria","utility":"Bodkin BESS LLC","balancing_authority":"ERCO","nameplate_mw":0.0,"max_grid_voltage_kv":138,"technologies":[],"note":"Generation capacity + interconnected grid voltage, used as a proxy for nearby transmission density. NOT substation headroom (that data is CEII-restricted, 18 CFR 388.113, and not public) -- treat as an estimate."}},{"type":"Feature","geometry":{"type":"Point","coordinates":[-98.339,33.041]},"properties":{"plant_code":70367,"name":"O'Bannion Energy Storage","county":"Jack","utility":"O'Bannion Energy Storage, LLC","balancing_authority":"ERCO","nameplate_mw":0.0,"max_grid_voltage_kv":345,"technologies":[],"note":"Generation capacity + interconnected grid voltage, used as a proxy for nearby transmission density. NOT substation headroom (that data is CEII-restricted, 18 CFR 388.113, and not public) -- treat as an estimate."}},{"type":"Feature","geometry":{"type":"Point","coordinates":[-96.52003,33.01852]},"properties":{"plant_code":70377,"name":"Boxcar Energy Storage","county":"Collin","utility":"Boxcar Energy Storage, LLC","balancing_authority":"ERCO","nameplate_mw":0.0,"max_grid_voltage_kv":138,"technologies":[],"note":"Generation capacity + interconnected grid voltage, used as a proxy for nearby transmission density. NOT substation headroom (that data is CEII-restricted, 18 CFR 388.113, and not public) -- treat as an estimate."}},{"type":"Feature","geometry":{"type":"Point","coordinates":[-96.66477,31.10484]},"properties":{"plant_code":70400,"name":"Bee Branch IA","county":"Robertson","utility":"Bee Branch IA, LLC","balancing_authority":"ERCO","nameplate_mw":0.0,"max_grid_voltage_kv":345,"technologies":[],"note":"Generation capacity + interconnected grid voltage, used as a proxy for nearby transmission density. NOT substation headroom (that data is CEII-restricted, 18 CFR 388.113, and not public) -- treat as an estimate."}},{"type":"Feature","geometry":{"type":"Point","coordinates":[-101.01493,36.4107]},"properties":{"plant_code":70441,"name":"Palo Duro Energy Storage II","county":"Ochiltree","utility":"Palo Duro Energy Center, LLC","balancing_authority":"SWPP","nameplate_mw":0.0,"max_grid_voltage_kv":345,"technologies":[],"note":"Generation capacity + interconnected grid voltage, used as a proxy for nearby transmission density. NOT substation headroom (that data is CEII-restricted, 18 CFR 388.113, and not public) -- treat as an estimate."}}]}